[2026-04-10 03:27:53] [info] [RID:bc3a9c55d7259d90] Advanced Logger initialized successfully | {"request_id":"bc3a9c55d7259d90","memory_mb":2,"timestamp":"2026-04-10 03:27:53"}
[2026-04-10 03:27:53] [info] [RID:bc3a9c55d7259d90] Bootstrap initializing | {"env":"production","request_id":"bc3a9c55d7259d90","memory_mb":2,"timestamp":"2026-04-10 03:27:53"}
[2026-04-10 03:27:53] [info] [RID:bc3a9c55d7259d90] API routing detected | {"version":"v1","route":"/public/homepage_sections","is_versioned":true,"request_id":"bc3a9c55d7259d90","memory_mb":2,"timestamp":"2026-04-10 03:27:53"}
[2026-04-10 03:27:53] [info] [RID:bc3a9c55d7259d90] Session config loaded | {"request_id":"bc3a9c55d7259d90","memory_mb":2,"timestamp":"2026-04-10 03:27:53"}
[2026-04-10 03:27:53] [info] [RID:bc3a9c55d7259d90] RedisHelper loaded | {"request_id":"bc3a9c55d7259d90","memory_mb":2,"timestamp":"2026-04-10 03:27:53"}
[2026-04-10 03:27:53] [info] [RID:bc3a9c55d7259d90] RequestContext class loaded | {"request_id":"bc3a9c55d7259d90","memory_mb":2,"timestamp":"2026-04-10 03:27:53"}
[2026-04-10 03:27:53] [info] [RID:bc3a9c55d7259d90] Database connection established | {"request_id":"bc3a9c55d7259d90","memory_mb":2,"timestamp":"2026-04-10 03:27:53"}
[2026-04-10 03:27:53] [info] [RID:bc3a9c55d7259d90] CacheManager initialized | {"request_id":"bc3a9c55d7259d90","memory_mb":2,"timestamp":"2026-04-10 03:27:53"}
[2026-04-10 03:27:53] [info] [RID:bc3a9c55d7259d90] RequestContext created | {"request_id":"bc3a9c55d7259d90","user_id":null,"tenant_id":1,"roles_count":0,"permissions_count":0,"memory_mb":2,"timestamp":"2026-04-10 03:27:53"}
[2026-04-10 03:27:53] [info] [RID:bc3a9c55d7259d90] Redis extension not loaded - Redis disabled | {"request_id":"bc3a9c55d7259d90","memory_mb":2,"timestamp":"2026-04-10 03:27:53"}
[2026-04-10 03:27:53] [warning] [RID:bc3a9c55d7259d90] Rate limiting failed | {"error":"Redis unavailable","request_id":"bc3a9c55d7259d90","memory_mb":2,"timestamp":"2026-04-10 03:27:53"}
[2026-04-10 03:27:53] [info] [RID:bc3a9c55d7259d90] Bootstrap completed successfully | {"memory_usage_mb":2,"peak_memory_mb":2,"auth_method":"none","user_id":null,"tenant_id":1,"api_version":"v1","api_route":"/public/homepage_sections","request_context":"loaded","cache_enabled":true,"redis_enabled":false,"database_connected":true,"execution_time_ms":23.8,"request_id":"bc3a9c55d7259d90","memory_mb":2,"timestamp":"2026-04-10 03:27:53"}
[2026-04-10 03:27:53] [info] [RID:ddac7491dc78a843] Advanced Logger initialized successfully | {"request_id":"ddac7491dc78a843","memory_mb":2,"timestamp":"2026-04-10 03:27:53"}
[2026-04-10 03:27:53] [info] [RID:ddac7491dc78a843] Bootstrap initializing | {"env":"production","request_id":"ddac7491dc78a843","memory_mb":2,"timestamp":"2026-04-10 03:27:53"}
[2026-04-10 03:27:53] [info] [RID:ddac7491dc78a843] API routing detected | {"version":"v1","route":"/public/ads","is_versioned":true,"request_id":"ddac7491dc78a843","memory_mb":2,"timestamp":"2026-04-10 03:27:53"}
[2026-04-10 03:27:53] [info] [RID:ddac7491dc78a843] Session config loaded | {"request_id":"ddac7491dc78a843","memory_mb":2,"timestamp":"2026-04-10 03:27:53"}
[2026-04-10 03:27:53] [info] [RID:ddac7491dc78a843] RedisHelper loaded | {"request_id":"ddac7491dc78a843","memory_mb":2,"timestamp":"2026-04-10 03:27:53"}
[2026-04-10 03:27:53] [info] [RID:ddac7491dc78a843] RequestContext class loaded | {"request_id":"ddac7491dc78a843","memory_mb":2,"timestamp":"2026-04-10 03:27:53"}
[2026-04-10 03:27:53] [info] [RID:ddac7491dc78a843] Database connection established | {"request_id":"ddac7491dc78a843","memory_mb":2,"timestamp":"2026-04-10 03:27:53"}
[2026-04-10 03:27:53] [info] [RID:ddac7491dc78a843] CacheManager initialized | {"request_id":"ddac7491dc78a843","memory_mb":2,"timestamp":"2026-04-10 03:27:53"}
[2026-04-10 03:27:53] [info] [RID:ddac7491dc78a843] RequestContext created | {"request_id":"ddac7491dc78a843","user_id":null,"tenant_id":1,"roles_count":0,"permissions_count":0,"memory_mb":2,"timestamp":"2026-04-10 03:27:53"}
[2026-04-10 03:27:53] [info] [RID:ddac7491dc78a843] Redis extension not loaded - Redis disabled | {"request_id":"ddac7491dc78a843","memory_mb":2,"timestamp":"2026-04-10 03:27:53"}
[2026-04-10 03:27:53] [warning] [RID:ddac7491dc78a843] Rate limiting failed | {"error":"Redis unavailable","request_id":"ddac7491dc78a843","memory_mb":2,"timestamp":"2026-04-10 03:27:53"}
[2026-04-10 03:27:53] [info] [RID:ddac7491dc78a843] Bootstrap completed successfully | {"memory_usage_mb":2,"peak_memory_mb":2,"auth_method":"none","user_id":null,"tenant_id":1,"api_version":"v1","api_route":"/public/ads","request_context":"loaded","cache_enabled":true,"redis_enabled":false,"database_connected":true,"execution_time_ms":4.8,"request_id":"ddac7491dc78a843","memory_mb":2,"timestamp":"2026-04-10 03:27:53"}
[2026-04-10 03:27:53] [info] [RID:7b3c789e2aae8eb6] Advanced Logger initialized successfully | {"request_id":"7b3c789e2aae8eb6","memory_mb":2,"timestamp":"2026-04-10 03:27:53"}
[2026-04-10 03:27:53] [info] [RID:7b3c789e2aae8eb6] Bootstrap initializing | {"env":"production","request_id":"7b3c789e2aae8eb6","memory_mb":2,"timestamp":"2026-04-10 03:27:53"}
[2026-04-10 03:27:53] [info] [RID:7b3c789e2aae8eb6] API routing detected | {"version":"v1","route":"/public/categories","is_versioned":true,"request_id":"7b3c789e2aae8eb6","memory_mb":2,"timestamp":"2026-04-10 03:27:53"}
[2026-04-10 03:27:53] [info] [RID:7b3c789e2aae8eb6] Session config loaded | {"request_id":"7b3c789e2aae8eb6","memory_mb":2,"timestamp":"2026-04-10 03:27:53"}
[2026-04-10 03:27:53] [info] [RID:7b3c789e2aae8eb6] RedisHelper loaded | {"request_id":"7b3c789e2aae8eb6","memory_mb":2,"timestamp":"2026-04-10 03:27:53"}
[2026-04-10 03:27:53] [info] [RID:7b3c789e2aae8eb6] RequestContext class loaded | {"request_id":"7b3c789e2aae8eb6","memory_mb":2,"timestamp":"2026-04-10 03:27:53"}
[2026-04-10 03:27:53] [info] [RID:7b3c789e2aae8eb6] Database connection established | {"request_id":"7b3c789e2aae8eb6","memory_mb":2,"timestamp":"2026-04-10 03:27:53"}
[2026-04-10 03:27:53] [info] [RID:7b3c789e2aae8eb6] CacheManager initialized | {"request_id":"7b3c789e2aae8eb6","memory_mb":2,"timestamp":"2026-04-10 03:27:53"}
[2026-04-10 03:27:53] [info] [RID:7b3c789e2aae8eb6] RequestContext created | {"request_id":"7b3c789e2aae8eb6","user_id":null,"tenant_id":1,"roles_count":0,"permissions_count":0,"memory_mb":2,"timestamp":"2026-04-10 03:27:53"}
[2026-04-10 03:27:53] [info] [RID:7b3c789e2aae8eb6] Redis extension not loaded - Redis disabled | {"request_id":"7b3c789e2aae8eb6","memory_mb":2,"timestamp":"2026-04-10 03:27:53"}
[2026-04-10 03:27:53] [warning] [RID:7b3c789e2aae8eb6] Rate limiting failed | {"error":"Redis unavailable","request_id":"7b3c789e2aae8eb6","memory_mb":2,"timestamp":"2026-04-10 03:27:53"}
[2026-04-10 03:27:53] [info] [RID:7b3c789e2aae8eb6] Bootstrap completed successfully | {"memory_usage_mb":2,"peak_memory_mb":2,"auth_method":"none","user_id":null,"tenant_id":1,"api_version":"v1","api_route":"/public/categories","request_context":"loaded","cache_enabled":true,"redis_enabled":false,"database_connected":true,"execution_time_ms":10.7,"request_id":"7b3c789e2aae8eb6","memory_mb":2,"timestamp":"2026-04-10 03:27:53"}
[2026-04-10 03:27:53] [info] [RID:8c5c211daf19b165] Advanced Logger initialized successfully | {"request_id":"8c5c211daf19b165","memory_mb":2,"timestamp":"2026-04-10 03:27:53"}
[2026-04-10 03:27:53] [info] [RID:8c5c211daf19b165] Bootstrap initializing | {"env":"production","request_id":"8c5c211daf19b165","memory_mb":2,"timestamp":"2026-04-10 03:27:53"}
[2026-04-10 03:27:53] [info] [RID:8c5c211daf19b165] API routing detected | {"version":"v1","route":"/public/discounts","is_versioned":true,"request_id":"8c5c211daf19b165","memory_mb":2,"timestamp":"2026-04-10 03:27:53"}
[2026-04-10 03:27:53] [info] [RID:8c5c211daf19b165] Session config loaded | {"request_id":"8c5c211daf19b165","memory_mb":2,"timestamp":"2026-04-10 03:27:53"}
[2026-04-10 03:27:53] [info] [RID:8c5c211daf19b165] RedisHelper loaded | {"request_id":"8c5c211daf19b165","memory_mb":2,"timestamp":"2026-04-10 03:27:53"}
[2026-04-10 03:27:53] [info] [RID:8c5c211daf19b165] RequestContext class loaded | {"request_id":"8c5c211daf19b165","memory_mb":2,"timestamp":"2026-04-10 03:27:53"}
[2026-04-10 03:27:53] [info] [RID:8c5c211daf19b165] Database connection established | {"request_id":"8c5c211daf19b165","memory_mb":2,"timestamp":"2026-04-10 03:27:53"}
[2026-04-10 03:27:53] [info] [RID:8c5c211daf19b165] CacheManager initialized | {"request_id":"8c5c211daf19b165","memory_mb":2,"timestamp":"2026-04-10 03:27:53"}
[2026-04-10 03:27:53] [info] [RID:8c5c211daf19b165] RequestContext created | {"request_id":"8c5c211daf19b165","user_id":null,"tenant_id":1,"roles_count":0,"permissions_count":0,"memory_mb":2,"timestamp":"2026-04-10 03:27:53"}
[2026-04-10 03:27:53] [info] [RID:8c5c211daf19b165] Redis extension not loaded - Redis disabled | {"request_id":"8c5c211daf19b165","memory_mb":2,"timestamp":"2026-04-10 03:27:53"}
[2026-04-10 03:27:53] [warning] [RID:8c5c211daf19b165] Rate limiting failed | {"error":"Redis unavailable","request_id":"8c5c211daf19b165","memory_mb":2,"timestamp":"2026-04-10 03:27:53"}
[2026-04-10 03:27:53] [info] [RID:8c5c211daf19b165] Bootstrap completed successfully | {"memory_usage_mb":2,"peak_memory_mb":2,"auth_method":"none","user_id":null,"tenant_id":1,"api_version":"v1","api_route":"/public/discounts","request_context":"loaded","cache_enabled":true,"redis_enabled":false,"database_connected":true,"execution_time_ms":7.3,"request_id":"8c5c211daf19b165","memory_mb":2,"timestamp":"2026-04-10 03:27:53"}
[2026-04-10 03:27:53] [info] [RID:ef780656c9fecb38] Advanced Logger initialized successfully | {"request_id":"ef780656c9fecb38","memory_mb":2,"timestamp":"2026-04-10 03:27:53"}
[2026-04-10 03:27:53] [info] [RID:ef780656c9fecb38] Bootstrap initializing | {"env":"production","request_id":"ef780656c9fecb38","memory_mb":2,"timestamp":"2026-04-10 03:27:53"}
[2026-04-10 03:27:53] [info] [RID:ef780656c9fecb38] API routing detected | {"version":"v1","route":"/public/products","is_versioned":true,"request_id":"ef780656c9fecb38","memory_mb":2,"timestamp":"2026-04-10 03:27:53"}
[2026-04-10 03:27:53] [info] [RID:ef780656c9fecb38] Session config loaded | {"request_id":"ef780656c9fecb38","memory_mb":2,"timestamp":"2026-04-10 03:27:53"}
[2026-04-10 03:27:53] [info] [RID:ef780656c9fecb38] RedisHelper loaded | {"request_id":"ef780656c9fecb38","memory_mb":2,"timestamp":"2026-04-10 03:27:53"}
[2026-04-10 03:27:53] [info] [RID:ef780656c9fecb38] RequestContext class loaded | {"request_id":"ef780656c9fecb38","memory_mb":2,"timestamp":"2026-04-10 03:27:53"}
[2026-04-10 03:27:53] [info] [RID:ef780656c9fecb38] Database connection established | {"request_id":"ef780656c9fecb38","memory_mb":2,"timestamp":"2026-04-10 03:27:53"}
[2026-04-10 03:27:53] [info] [RID:ef780656c9fecb38] CacheManager initialized | {"request_id":"ef780656c9fecb38","memory_mb":2,"timestamp":"2026-04-10 03:27:53"}
[2026-04-10 03:27:53] [info] [RID:ef780656c9fecb38] RequestContext created | {"request_id":"ef780656c9fecb38","user_id":null,"tenant_id":1,"roles_count":0,"permissions_count":0,"memory_mb":2,"timestamp":"2026-04-10 03:27:53"}
[2026-04-10 03:27:53] [info] [RID:ef780656c9fecb38] Redis extension not loaded - Redis disabled | {"request_id":"ef780656c9fecb38","memory_mb":2,"timestamp":"2026-04-10 03:27:53"}
[2026-04-10 03:27:53] [warning] [RID:ef780656c9fecb38] Rate limiting failed | {"error":"Redis unavailable","request_id":"ef780656c9fecb38","memory_mb":2,"timestamp":"2026-04-10 03:27:53"}
[2026-04-10 03:27:53] [info] [RID:ef780656c9fecb38] Bootstrap completed successfully | {"memory_usage_mb":2,"peak_memory_mb":2,"auth_method":"none","user_id":null,"tenant_id":1,"api_version":"v1","api_route":"/public/products","request_context":"loaded","cache_enabled":true,"redis_enabled":false,"database_connected":true,"execution_time_ms":5.5,"request_id":"ef780656c9fecb38","memory_mb":2,"timestamp":"2026-04-10 03:27:53"}
[2026-04-10 03:27:53] [info] [RID:2f95f4d078a3dfa2] Advanced Logger initialized successfully | {"request_id":"2f95f4d078a3dfa2","memory_mb":2,"timestamp":"2026-04-10 03:27:53"}
[2026-04-10 03:27:53] [info] [RID:2f95f4d078a3dfa2] Bootstrap initializing | {"env":"production","request_id":"2f95f4d078a3dfa2","memory_mb":2,"timestamp":"2026-04-10 03:27:53"}
[2026-04-10 03:27:53] [info] [RID:2f95f4d078a3dfa2] API routing detected | {"version":"v1","route":"/public/products","is_versioned":true,"request_id":"2f95f4d078a3dfa2","memory_mb":2,"timestamp":"2026-04-10 03:27:53"}
[2026-04-10 03:27:53] [info] [RID:2f95f4d078a3dfa2] Session config loaded | {"request_id":"2f95f4d078a3dfa2","memory_mb":2,"timestamp":"2026-04-10 03:27:53"}
[2026-04-10 03:27:53] [info] [RID:2f95f4d078a3dfa2] RedisHelper loaded | {"request_id":"2f95f4d078a3dfa2","memory_mb":2,"timestamp":"2026-04-10 03:27:53"}
[2026-04-10 03:27:53] [info] [RID:2f95f4d078a3dfa2] RequestContext class loaded | {"request_id":"2f95f4d078a3dfa2","memory_mb":2,"timestamp":"2026-04-10 03:27:53"}
[2026-04-10 03:27:53] [info] [RID:2f95f4d078a3dfa2] Database connection established | {"request_id":"2f95f4d078a3dfa2","memory_mb":2,"timestamp":"2026-04-10 03:27:53"}
[2026-04-10 03:27:53] [info] [RID:2f95f4d078a3dfa2] CacheManager initialized | {"request_id":"2f95f4d078a3dfa2","memory_mb":2,"timestamp":"2026-04-10 03:27:53"}
[2026-04-10 03:27:53] [info] [RID:2f95f4d078a3dfa2] RequestContext created | {"request_id":"2f95f4d078a3dfa2","user_id":null,"tenant_id":1,"roles_count":0,"permissions_count":0,"memory_mb":2,"timestamp":"2026-04-10 03:27:53"}
[2026-04-10 03:27:53] [info] [RID:2f95f4d078a3dfa2] Redis extension not loaded - Redis disabled | {"request_id":"2f95f4d078a3dfa2","memory_mb":2,"timestamp":"2026-04-10 03:27:53"}
[2026-04-10 03:27:53] [warning] [RID:2f95f4d078a3dfa2] Rate limiting failed | {"error":"Redis unavailable","request_id":"2f95f4d078a3dfa2","memory_mb":2,"timestamp":"2026-04-10 03:27:53"}
[2026-04-10 03:27:53] [info] [RID:2f95f4d078a3dfa2] Bootstrap completed successfully | {"memory_usage_mb":2,"peak_memory_mb":2,"auth_method":"none","user_id":null,"tenant_id":1,"api_version":"v1","api_route":"/public/products","request_context":"loaded","cache_enabled":true,"redis_enabled":false,"database_connected":true,"execution_time_ms":4.9,"request_id":"2f95f4d078a3dfa2","memory_mb":2,"timestamp":"2026-04-10 03:27:53"}
[2026-04-10 03:27:53] [info] [RID:8cf64db174eec057] Advanced Logger initialized successfully | {"request_id":"8cf64db174eec057","memory_mb":2,"timestamp":"2026-04-10 03:27:53"}
[2026-04-10 03:27:53] [info] [RID:8cf64db174eec057] Bootstrap initializing | {"env":"production","request_id":"8cf64db174eec057","memory_mb":2,"timestamp":"2026-04-10 03:27:53"}
[2026-04-10 03:27:53] [info] [RID:8cf64db174eec057] API routing detected | {"version":"v1","route":"/public/entities","is_versioned":true,"request_id":"8cf64db174eec057","memory_mb":2,"timestamp":"2026-04-10 03:27:53"}
[2026-04-10 03:27:53] [info] [RID:8cf64db174eec057] Session config loaded | {"request_id":"8cf64db174eec057","memory_mb":2,"timestamp":"2026-04-10 03:27:53"}
[2026-04-10 03:27:53] [info] [RID:8cf64db174eec057] RedisHelper loaded | {"request_id":"8cf64db174eec057","memory_mb":2,"timestamp":"2026-04-10 03:27:53"}
[2026-04-10 03:27:53] [info] [RID:8cf64db174eec057] RequestContext class loaded | {"request_id":"8cf64db174eec057","memory_mb":2,"timestamp":"2026-04-10 03:27:53"}
[2026-04-10 03:27:53] [info] [RID:8cf64db174eec057] Database connection established | {"request_id":"8cf64db174eec057","memory_mb":2,"timestamp":"2026-04-10 03:27:53"}
[2026-04-10 03:27:53] [info] [RID:8cf64db174eec057] CacheManager initialized | {"request_id":"8cf64db174eec057","memory_mb":2,"timestamp":"2026-04-10 03:27:53"}
[2026-04-10 03:27:53] [info] [RID:8cf64db174eec057] RequestContext created | {"request_id":"8cf64db174eec057","user_id":null,"tenant_id":1,"roles_count":0,"permissions_count":0,"memory_mb":2,"timestamp":"2026-04-10 03:27:53"}
[2026-04-10 03:27:53] [info] [RID:8cf64db174eec057] Redis extension not loaded - Redis disabled | {"request_id":"8cf64db174eec057","memory_mb":2,"timestamp":"2026-04-10 03:27:53"}
[2026-04-10 03:27:53] [warning] [RID:8cf64db174eec057] Rate limiting failed | {"error":"Redis unavailable","request_id":"8cf64db174eec057","memory_mb":2,"timestamp":"2026-04-10 03:27:53"}
[2026-04-10 03:27:53] [info] [RID:8cf64db174eec057] Bootstrap completed successfully | {"memory_usage_mb":2,"peak_memory_mb":2,"auth_method":"none","user_id":null,"tenant_id":1,"api_version":"v1","api_route":"/public/entities","request_context":"loaded","cache_enabled":true,"redis_enabled":false,"database_connected":true,"execution_time_ms":6.4,"request_id":"8cf64db174eec057","memory_mb":2,"timestamp":"2026-04-10 03:27:53"}
[2026-04-10 03:27:53] [info] [RID:ad1e41bf7962e9d9] Advanced Logger initialized successfully | {"request_id":"ad1e41bf7962e9d9","memory_mb":2,"timestamp":"2026-04-10 03:27:53"}
[2026-04-10 03:27:53] [info] [RID:ad1e41bf7962e9d9] Bootstrap initializing | {"env":"production","request_id":"ad1e41bf7962e9d9","memory_mb":2,"timestamp":"2026-04-10 03:27:53"}
[2026-04-10 03:27:53] [info] [RID:ad1e41bf7962e9d9] API routing detected | {"version":"v1","route":"/public/brands","is_versioned":true,"request_id":"ad1e41bf7962e9d9","memory_mb":2,"timestamp":"2026-04-10 03:27:53"}
[2026-04-10 03:27:53] [info] [RID:ad1e41bf7962e9d9] Session config loaded | {"request_id":"ad1e41bf7962e9d9","memory_mb":2,"timestamp":"2026-04-10 03:27:53"}
[2026-04-10 03:27:53] [info] [RID:ad1e41bf7962e9d9] RedisHelper loaded | {"request_id":"ad1e41bf7962e9d9","memory_mb":2,"timestamp":"2026-04-10 03:27:53"}
[2026-04-10 03:27:53] [info] [RID:ad1e41bf7962e9d9] RequestContext class loaded | {"request_id":"ad1e41bf7962e9d9","memory_mb":2,"timestamp":"2026-04-10 03:27:53"}
[2026-04-10 03:27:53] [info] [RID:ad1e41bf7962e9d9] Database connection established | {"request_id":"ad1e41bf7962e9d9","memory_mb":2,"timestamp":"2026-04-10 03:27:53"}
[2026-04-10 03:27:53] [info] [RID:ad1e41bf7962e9d9] CacheManager initialized | {"request_id":"ad1e41bf7962e9d9","memory_mb":2,"timestamp":"2026-04-10 03:27:53"}
[2026-04-10 03:27:53] [info] [RID:ad1e41bf7962e9d9] RequestContext created | {"request_id":"ad1e41bf7962e9d9","user_id":null,"tenant_id":1,"roles_count":0,"permissions_count":0,"memory_mb":2,"timestamp":"2026-04-10 03:27:53"}
[2026-04-10 03:27:53] [info] [RID:ad1e41bf7962e9d9] Redis extension not loaded - Redis disabled | {"request_id":"ad1e41bf7962e9d9","memory_mb":2,"timestamp":"2026-04-10 03:27:53"}
[2026-04-10 03:27:53] [warning] [RID:ad1e41bf7962e9d9] Rate limiting failed | {"error":"Redis unavailable","request_id":"ad1e41bf7962e9d9","memory_mb":2,"timestamp":"2026-04-10 03:27:53"}
[2026-04-10 03:27:53] [info] [RID:ad1e41bf7962e9d9] Bootstrap completed successfully | {"memory_usage_mb":2,"peak_memory_mb":2,"auth_method":"none","user_id":null,"tenant_id":1,"api_version":"v1","api_route":"/public/brands","request_context":"loaded","cache_enabled":true,"redis_enabled":false,"database_connected":true,"execution_time_ms":5.8,"request_id":"ad1e41bf7962e9d9","memory_mb":2,"timestamp":"2026-04-10 03:27:53"}
[2026-04-10 03:27:54] [info] [RID:9695805c59e1a151] Advanced Logger initialized successfully | {"request_id":"9695805c59e1a151","memory_mb":2,"timestamp":"2026-04-10 03:27:54"}
[2026-04-10 03:27:54] [info] [RID:9695805c59e1a151] Bootstrap initializing | {"env":"production","request_id":"9695805c59e1a151","memory_mb":2,"timestamp":"2026-04-10 03:27:54"}
[2026-04-10 03:27:54] [info] [RID:9695805c59e1a151] API routing detected | {"version":"v1","route":"/public/auctions","is_versioned":true,"request_id":"9695805c59e1a151","memory_mb":2,"timestamp":"2026-04-10 03:27:54"}
[2026-04-10 03:27:54] [info] [RID:9695805c59e1a151] Session config loaded | {"request_id":"9695805c59e1a151","memory_mb":2,"timestamp":"2026-04-10 03:27:54"}
[2026-04-10 03:27:54] [info] [RID:9695805c59e1a151] RedisHelper loaded | {"request_id":"9695805c59e1a151","memory_mb":2,"timestamp":"2026-04-10 03:27:54"}
[2026-04-10 03:27:54] [info] [RID:9695805c59e1a151] RequestContext class loaded | {"request_id":"9695805c59e1a151","memory_mb":2,"timestamp":"2026-04-10 03:27:54"}
[2026-04-10 03:27:54] [info] [RID:9695805c59e1a151] Database connection established | {"request_id":"9695805c59e1a151","memory_mb":2,"timestamp":"2026-04-10 03:27:54"}
[2026-04-10 03:27:54] [info] [RID:9695805c59e1a151] CacheManager initialized | {"request_id":"9695805c59e1a151","memory_mb":2,"timestamp":"2026-04-10 03:27:54"}
[2026-04-10 03:27:54] [info] [RID:9695805c59e1a151] RequestContext created | {"request_id":"9695805c59e1a151","user_id":null,"tenant_id":1,"roles_count":0,"permissions_count":0,"memory_mb":2,"timestamp":"2026-04-10 03:27:54"}
[2026-04-10 03:27:54] [info] [RID:9695805c59e1a151] Redis extension not loaded - Redis disabled | {"request_id":"9695805c59e1a151","memory_mb":2,"timestamp":"2026-04-10 03:27:54"}
[2026-04-10 03:27:54] [warning] [RID:9695805c59e1a151] Rate limiting failed | {"error":"Redis unavailable","request_id":"9695805c59e1a151","memory_mb":2,"timestamp":"2026-04-10 03:27:54"}
[2026-04-10 03:27:54] [info] [RID:9695805c59e1a151] Bootstrap completed successfully | {"memory_usage_mb":2,"peak_memory_mb":2,"auth_method":"none","user_id":null,"tenant_id":1,"api_version":"v1","api_route":"/public/auctions","request_context":"loaded","cache_enabled":true,"redis_enabled":false,"database_connected":true,"execution_time_ms":6.2,"request_id":"9695805c59e1a151","memory_mb":2,"timestamp":"2026-04-10 03:27:54"}
[2026-04-10 03:27:54] [info] [RID:a269756128889a53] Advanced Logger initialized successfully | {"request_id":"a269756128889a53","memory_mb":2,"timestamp":"2026-04-10 03:27:54"}
[2026-04-10 03:27:54] [info] [RID:a269756128889a53] Bootstrap initializing | {"env":"production","request_id":"a269756128889a53","memory_mb":2,"timestamp":"2026-04-10 03:27:54"}
[2026-04-10 03:27:54] [info] [RID:a269756128889a53] API routing detected | {"version":"v1","route":"/public/jobs","is_versioned":true,"request_id":"a269756128889a53","memory_mb":2,"timestamp":"2026-04-10 03:27:54"}
[2026-04-10 03:27:54] [info] [RID:a269756128889a53] Session config loaded | {"request_id":"a269756128889a53","memory_mb":2,"timestamp":"2026-04-10 03:27:54"}
[2026-04-10 03:27:54] [info] [RID:a269756128889a53] RedisHelper loaded | {"request_id":"a269756128889a53","memory_mb":2,"timestamp":"2026-04-10 03:27:54"}
[2026-04-10 03:27:54] [info] [RID:a269756128889a53] RequestContext class loaded | {"request_id":"a269756128889a53","memory_mb":2,"timestamp":"2026-04-10 03:27:54"}
[2026-04-10 03:27:54] [info] [RID:a269756128889a53] Database connection established | {"request_id":"a269756128889a53","memory_mb":2,"timestamp":"2026-04-10 03:27:54"}
[2026-04-10 03:27:54] [info] [RID:a269756128889a53] CacheManager initialized | {"request_id":"a269756128889a53","memory_mb":2,"timestamp":"2026-04-10 03:27:54"}
[2026-04-10 03:27:54] [info] [RID:a269756128889a53] RequestContext created | {"request_id":"a269756128889a53","user_id":null,"tenant_id":1,"roles_count":0,"permissions_count":0,"memory_mb":2,"timestamp":"2026-04-10 03:27:54"}
[2026-04-10 03:27:54] [info] [RID:a269756128889a53] Redis extension not loaded - Redis disabled | {"request_id":"a269756128889a53","memory_mb":2,"timestamp":"2026-04-10 03:27:54"}
[2026-04-10 03:27:54] [warning] [RID:a269756128889a53] Rate limiting failed | {"error":"Redis unavailable","request_id":"a269756128889a53","memory_mb":2,"timestamp":"2026-04-10 03:27:54"}
[2026-04-10 03:27:54] [info] [RID:a269756128889a53] Bootstrap completed successfully | {"memory_usage_mb":2,"peak_memory_mb":2,"auth_method":"none","user_id":null,"tenant_id":1,"api_version":"v1","api_route":"/public/jobs","request_context":"loaded","cache_enabled":true,"redis_enabled":false,"database_connected":true,"execution_time_ms":6,"request_id":"a269756128889a53","memory_mb":2,"timestamp":"2026-04-10 03:27:54"}
[2026-04-10 03:27:54] [info] [RID:56de8a098d605b66] Advanced Logger initialized successfully | {"request_id":"56de8a098d605b66","memory_mb":2,"timestamp":"2026-04-10 03:27:54"}
[2026-04-10 03:27:54] [info] [RID:56de8a098d605b66] Bootstrap initializing | {"env":"production","request_id":"56de8a098d605b66","memory_mb":2,"timestamp":"2026-04-10 03:27:54"}
[2026-04-10 03:27:54] [info] [RID:56de8a098d605b66] API routing detected | {"version":"v1","route":"/public/user_devices","is_versioned":true,"request_id":"56de8a098d605b66","memory_mb":2,"timestamp":"2026-04-10 03:27:54"}
[2026-04-10 03:27:54] [info] [RID:56de8a098d605b66] Session config loaded | {"request_id":"56de8a098d605b66","memory_mb":2,"timestamp":"2026-04-10 03:27:54"}
[2026-04-10 03:27:54] [info] [RID:56de8a098d605b66] RedisHelper loaded | {"request_id":"56de8a098d605b66","memory_mb":2,"timestamp":"2026-04-10 03:27:54"}
[2026-04-10 03:27:54] [info] [RID:56de8a098d605b66] RequestContext class loaded | {"request_id":"56de8a098d605b66","memory_mb":2,"timestamp":"2026-04-10 03:27:54"}
[2026-04-10 03:27:54] [info] [RID:56de8a098d605b66] Database connection established | {"request_id":"56de8a098d605b66","memory_mb":2,"timestamp":"2026-04-10 03:27:54"}
[2026-04-10 03:27:54] [info] [RID:56de8a098d605b66] CacheManager initialized | {"request_id":"56de8a098d605b66","memory_mb":2,"timestamp":"2026-04-10 03:27:54"}
[2026-04-10 03:27:54] [info] [RID:56de8a098d605b66] User authenticated via session | {"request_id":"56de8a098d605b66","memory_mb":2,"timestamp":"2026-04-10 03:27:54"}
[2026-04-10 03:27:54] [info] [RID:56de8a098d605b66] RequestContext created | {"request_id":"56de8a098d605b66","user_id":7,"tenant_id":1,"roles_count":0,"permissions_count":0,"memory_mb":2,"timestamp":"2026-04-10 03:27:54"}
[2026-04-10 03:27:54] [info] [RID:56de8a098d605b66] Redis extension not loaded - Redis disabled | {"request_id":"56de8a098d605b66","memory_mb":2,"timestamp":"2026-04-10 03:27:54"}
[2026-04-10 03:27:54] [warning] [RID:56de8a098d605b66] Rate limiting failed | {"error":"Redis unavailable","request_id":"56de8a098d605b66","memory_mb":2,"timestamp":"2026-04-10 03:27:54"}
[2026-04-10 03:27:54] [info] [RID:56de8a098d605b66] Bootstrap completed successfully | {"memory_usage_mb":2,"peak_memory_mb":2,"auth_method":"session","user_id":7,"tenant_id":1,"api_version":"v1","api_route":"/public/user_devices","request_context":"loaded","cache_enabled":true,"redis_enabled":false,"database_connected":true,"execution_time_ms":6.2,"request_id":"56de8a098d605b66","memory_mb":2,"timestamp":"2026-04-10 03:27:54"}
[2026-04-10 03:31:15] [info] [RID:62b994ed75c11ba5] Advanced Logger initialized successfully | {"request_id":"62b994ed75c11ba5","memory_mb":2,"timestamp":"2026-04-10 03:31:15"}
[2026-04-10 03:31:15] [info] [RID:62b994ed75c11ba5] Bootstrap initializing | {"env":"production","request_id":"62b994ed75c11ba5","memory_mb":2,"timestamp":"2026-04-10 03:31:15"}
[2026-04-10 03:31:15] [info] [RID:62b994ed75c11ba5] API routing detected | {"version":"v1","route":"/public/user_devices","is_versioned":true,"request_id":"62b994ed75c11ba5","memory_mb":2,"timestamp":"2026-04-10 03:31:15"}
[2026-04-10 03:31:15] [info] [RID:62b994ed75c11ba5] Session config loaded | {"request_id":"62b994ed75c11ba5","memory_mb":2,"timestamp":"2026-04-10 03:31:15"}
[2026-04-10 03:31:15] [info] [RID:62b994ed75c11ba5] RedisHelper loaded | {"request_id":"62b994ed75c11ba5","memory_mb":2,"timestamp":"2026-04-10 03:31:15"}
[2026-04-10 03:31:15] [info] [RID:62b994ed75c11ba5] RequestContext class loaded | {"request_id":"62b994ed75c11ba5","memory_mb":2,"timestamp":"2026-04-10 03:31:15"}
[2026-04-10 03:31:15] [info] [RID:62b994ed75c11ba5] Database connection established | {"request_id":"62b994ed75c11ba5","memory_mb":2,"timestamp":"2026-04-10 03:31:15"}
[2026-04-10 03:31:15] [info] [RID:62b994ed75c11ba5] CacheManager initialized | {"request_id":"62b994ed75c11ba5","memory_mb":2,"timestamp":"2026-04-10 03:31:15"}
[2026-04-10 03:31:15] [info] [RID:62b994ed75c11ba5] User authenticated via session | {"request_id":"62b994ed75c11ba5","memory_mb":2,"timestamp":"2026-04-10 03:31:15"}
[2026-04-10 03:31:15] [info] [RID:62b994ed75c11ba5] RequestContext created | {"request_id":"62b994ed75c11ba5","user_id":7,"tenant_id":1,"roles_count":1,"permissions_count":28,"memory_mb":2,"timestamp":"2026-04-10 03:31:15"}
[2026-04-10 03:31:15] [info] [RID:62b994ed75c11ba5] Redis extension not loaded - Redis disabled | {"request_id":"62b994ed75c11ba5","memory_mb":2,"timestamp":"2026-04-10 03:31:15"}
[2026-04-10 03:31:15] [warning] [RID:62b994ed75c11ba5] Rate limiting failed | {"error":"Redis unavailable","request_id":"62b994ed75c11ba5","memory_mb":2,"timestamp":"2026-04-10 03:31:15"}
[2026-04-10 03:31:15] [info] [RID:62b994ed75c11ba5] Bootstrap completed successfully | {"memory_usage_mb":2,"peak_memory_mb":2,"auth_method":"session","user_id":7,"tenant_id":1,"api_version":"v1","api_route":"/public/user_devices","request_context":"loaded","cache_enabled":true,"redis_enabled":false,"database_connected":true,"execution_time_ms":20.1,"request_id":"62b994ed75c11ba5","memory_mb":2,"timestamp":"2026-04-10 03:31:15"}
[2026-04-10 03:31:17] [info] [RID:f0a0880520c18c2c] Advanced Logger initialized successfully | {"request_id":"f0a0880520c18c2c","memory_mb":2,"timestamp":"2026-04-10 03:31:17"}
[2026-04-10 03:31:17] [info] [RID:f0a0880520c18c2c] Bootstrap initializing | {"env":"production","request_id":"f0a0880520c18c2c","memory_mb":2,"timestamp":"2026-04-10 03:31:17"}
[2026-04-10 03:31:17] [info] [RID:f0a0880520c18c2c] API routing detected | {"version":"v1","route":"/public/homepage_sections","is_versioned":true,"request_id":"f0a0880520c18c2c","memory_mb":2,"timestamp":"2026-04-10 03:31:17"}
[2026-04-10 03:31:17] [info] [RID:f0a0880520c18c2c] Session config loaded | {"request_id":"f0a0880520c18c2c","memory_mb":2,"timestamp":"2026-04-10 03:31:17"}
[2026-04-10 03:31:17] [info] [RID:f0a0880520c18c2c] RedisHelper loaded | {"request_id":"f0a0880520c18c2c","memory_mb":2,"timestamp":"2026-04-10 03:31:17"}
[2026-04-10 03:31:17] [info] [RID:f0a0880520c18c2c] RequestContext class loaded | {"request_id":"f0a0880520c18c2c","memory_mb":2,"timestamp":"2026-04-10 03:31:17"}
[2026-04-10 03:31:17] [info] [RID:f0a0880520c18c2c] Database connection established | {"request_id":"f0a0880520c18c2c","memory_mb":2,"timestamp":"2026-04-10 03:31:17"}
[2026-04-10 03:31:17] [info] [RID:f0a0880520c18c2c] CacheManager initialized | {"request_id":"f0a0880520c18c2c","memory_mb":2,"timestamp":"2026-04-10 03:31:17"}
[2026-04-10 03:31:17] [info] [RID:f0a0880520c18c2c] RequestContext created | {"request_id":"f0a0880520c18c2c","user_id":null,"tenant_id":1,"roles_count":0,"permissions_count":0,"memory_mb":2,"timestamp":"2026-04-10 03:31:17"}
[2026-04-10 03:31:17] [info] [RID:f0a0880520c18c2c] Redis extension not loaded - Redis disabled | {"request_id":"f0a0880520c18c2c","memory_mb":2,"timestamp":"2026-04-10 03:31:17"}
[2026-04-10 03:31:17] [warning] [RID:f0a0880520c18c2c] Rate limiting failed | {"error":"Redis unavailable","request_id":"f0a0880520c18c2c","memory_mb":2,"timestamp":"2026-04-10 03:31:17"}
[2026-04-10 03:31:17] [info] [RID:f0a0880520c18c2c] Bootstrap completed successfully | {"memory_usage_mb":2,"peak_memory_mb":2,"auth_method":"none","user_id":null,"tenant_id":1,"api_version":"v1","api_route":"/public/homepage_sections","request_context":"loaded","cache_enabled":true,"redis_enabled":false,"database_connected":true,"execution_time_ms":6.8,"request_id":"f0a0880520c18c2c","memory_mb":2,"timestamp":"2026-04-10 03:31:17"}
[2026-04-10 03:31:17] [info] [RID:03b8b4ad7a1e36d2] Advanced Logger initialized successfully | {"request_id":"03b8b4ad7a1e36d2","memory_mb":2,"timestamp":"2026-04-10 03:31:17"}
[2026-04-10 03:31:17] [info] [RID:03b8b4ad7a1e36d2] Bootstrap initializing | {"env":"production","request_id":"03b8b4ad7a1e36d2","memory_mb":2,"timestamp":"2026-04-10 03:31:17"}
[2026-04-10 03:31:17] [info] [RID:03b8b4ad7a1e36d2] API routing detected | {"version":"v1","route":"/public/ads","is_versioned":true,"request_id":"03b8b4ad7a1e36d2","memory_mb":2,"timestamp":"2026-04-10 03:31:17"}
[2026-04-10 03:31:17] [info] [RID:03b8b4ad7a1e36d2] Session config loaded | {"request_id":"03b8b4ad7a1e36d2","memory_mb":2,"timestamp":"2026-04-10 03:31:17"}
[2026-04-10 03:31:17] [info] [RID:03b8b4ad7a1e36d2] RedisHelper loaded | {"request_id":"03b8b4ad7a1e36d2","memory_mb":2,"timestamp":"2026-04-10 03:31:17"}
[2026-04-10 03:31:17] [info] [RID:03b8b4ad7a1e36d2] RequestContext class loaded | {"request_id":"03b8b4ad7a1e36d2","memory_mb":2,"timestamp":"2026-04-10 03:31:17"}
[2026-04-10 03:31:17] [info] [RID:03b8b4ad7a1e36d2] Database connection established | {"request_id":"03b8b4ad7a1e36d2","memory_mb":2,"timestamp":"2026-04-10 03:31:17"}
[2026-04-10 03:31:17] [info] [RID:03b8b4ad7a1e36d2] CacheManager initialized | {"request_id":"03b8b4ad7a1e36d2","memory_mb":2,"timestamp":"2026-04-10 03:31:17"}
[2026-04-10 03:31:17] [info] [RID:03b8b4ad7a1e36d2] RequestContext created | {"request_id":"03b8b4ad7a1e36d2","user_id":null,"tenant_id":1,"roles_count":0,"permissions_count":0,"memory_mb":2,"timestamp":"2026-04-10 03:31:17"}
[2026-04-10 03:31:17] [info] [RID:03b8b4ad7a1e36d2] Redis extension not loaded - Redis disabled | {"request_id":"03b8b4ad7a1e36d2","memory_mb":2,"timestamp":"2026-04-10 03:31:17"}
[2026-04-10 03:31:17] [warning] [RID:03b8b4ad7a1e36d2] Rate limiting failed | {"error":"Redis unavailable","request_id":"03b8b4ad7a1e36d2","memory_mb":2,"timestamp":"2026-04-10 03:31:17"}
[2026-04-10 03:31:17] [info] [RID:03b8b4ad7a1e36d2] Bootstrap completed successfully | {"memory_usage_mb":2,"peak_memory_mb":2,"auth_method":"none","user_id":null,"tenant_id":1,"api_version":"v1","api_route":"/public/ads","request_context":"loaded","cache_enabled":true,"redis_enabled":false,"database_connected":true,"execution_time_ms":5.1,"request_id":"03b8b4ad7a1e36d2","memory_mb":2,"timestamp":"2026-04-10 03:31:17"}
[2026-04-10 03:31:17] [info] [RID:bb90c739d80c17e6] Advanced Logger initialized successfully | {"request_id":"bb90c739d80c17e6","memory_mb":2,"timestamp":"2026-04-10 03:31:17"}
[2026-04-10 03:31:17] [info] [RID:bb90c739d80c17e6] Bootstrap initializing | {"env":"production","request_id":"bb90c739d80c17e6","memory_mb":2,"timestamp":"2026-04-10 03:31:17"}
[2026-04-10 03:31:17] [info] [RID:bb90c739d80c17e6] API routing detected | {"version":"v1","route":"/public/categories","is_versioned":true,"request_id":"bb90c739d80c17e6","memory_mb":2,"timestamp":"2026-04-10 03:31:17"}
[2026-04-10 03:31:17] [info] [RID:bb90c739d80c17e6] Session config loaded | {"request_id":"bb90c739d80c17e6","memory_mb":2,"timestamp":"2026-04-10 03:31:17"}
[2026-04-10 03:31:17] [info] [RID:bb90c739d80c17e6] RedisHelper loaded | {"request_id":"bb90c739d80c17e6","memory_mb":2,"timestamp":"2026-04-10 03:31:17"}
[2026-04-10 03:31:17] [info] [RID:bb90c739d80c17e6] RequestContext class loaded | {"request_id":"bb90c739d80c17e6","memory_mb":2,"timestamp":"2026-04-10 03:31:17"}
[2026-04-10 03:31:17] [info] [RID:bb90c739d80c17e6] Database connection established | {"request_id":"bb90c739d80c17e6","memory_mb":2,"timestamp":"2026-04-10 03:31:17"}
[2026-04-10 03:31:17] [info] [RID:bb90c739d80c17e6] CacheManager initialized | {"request_id":"bb90c739d80c17e6","memory_mb":2,"timestamp":"2026-04-10 03:31:17"}
[2026-04-10 03:31:17] [info] [RID:bb90c739d80c17e6] RequestContext created | {"request_id":"bb90c739d80c17e6","user_id":null,"tenant_id":1,"roles_count":0,"permissions_count":0,"memory_mb":2,"timestamp":"2026-04-10 03:31:17"}
[2026-04-10 03:31:17] [info] [RID:bb90c739d80c17e6] Redis extension not loaded - Redis disabled | {"request_id":"bb90c739d80c17e6","memory_mb":2,"timestamp":"2026-04-10 03:31:17"}
[2026-04-10 03:31:17] [warning] [RID:bb90c739d80c17e6] Rate limiting failed | {"error":"Redis unavailable","request_id":"bb90c739d80c17e6","memory_mb":2,"timestamp":"2026-04-10 03:31:17"}
[2026-04-10 03:31:17] [info] [RID:bb90c739d80c17e6] Bootstrap completed successfully | {"memory_usage_mb":2,"peak_memory_mb":2,"auth_method":"none","user_id":null,"tenant_id":1,"api_version":"v1","api_route":"/public/categories","request_context":"loaded","cache_enabled":true,"redis_enabled":false,"database_connected":true,"execution_time_ms":4.2,"request_id":"bb90c739d80c17e6","memory_mb":2,"timestamp":"2026-04-10 03:31:17"}
[2026-04-10 03:31:17] [info] [RID:c5644000ed532ae4] Advanced Logger initialized successfully | {"request_id":"c5644000ed532ae4","memory_mb":2,"timestamp":"2026-04-10 03:31:17"}
[2026-04-10 03:31:17] [info] [RID:c5644000ed532ae4] Bootstrap initializing | {"env":"production","request_id":"c5644000ed532ae4","memory_mb":2,"timestamp":"2026-04-10 03:31:17"}
[2026-04-10 03:31:17] [info] [RID:c5644000ed532ae4] API routing detected | {"version":"v1","route":"/public/discounts","is_versioned":true,"request_id":"c5644000ed532ae4","memory_mb":2,"timestamp":"2026-04-10 03:31:17"}
[2026-04-10 03:31:17] [info] [RID:c5644000ed532ae4] Session config loaded | {"request_id":"c5644000ed532ae4","memory_mb":2,"timestamp":"2026-04-10 03:31:17"}
[2026-04-10 03:31:17] [info] [RID:c5644000ed532ae4] RedisHelper loaded | {"request_id":"c5644000ed532ae4","memory_mb":2,"timestamp":"2026-04-10 03:31:17"}
[2026-04-10 03:31:17] [info] [RID:c5644000ed532ae4] RequestContext class loaded | {"request_id":"c5644000ed532ae4","memory_mb":2,"timestamp":"2026-04-10 03:31:17"}
[2026-04-10 03:31:17] [info] [RID:c5644000ed532ae4] Database connection established | {"request_id":"c5644000ed532ae4","memory_mb":2,"timestamp":"2026-04-10 03:31:17"}
[2026-04-10 03:31:17] [info] [RID:c5644000ed532ae4] CacheManager initialized | {"request_id":"c5644000ed532ae4","memory_mb":2,"timestamp":"2026-04-10 03:31:17"}
[2026-04-10 03:31:17] [info] [RID:c5644000ed532ae4] RequestContext created | {"request_id":"c5644000ed532ae4","user_id":null,"tenant_id":1,"roles_count":0,"permissions_count":0,"memory_mb":2,"timestamp":"2026-04-10 03:31:17"}
[2026-04-10 03:31:17] [info] [RID:c5644000ed532ae4] Redis extension not loaded - Redis disabled | {"request_id":"c5644000ed532ae4","memory_mb":2,"timestamp":"2026-04-10 03:31:17"}
[2026-04-10 03:31:17] [warning] [RID:c5644000ed532ae4] Rate limiting failed | {"error":"Redis unavailable","request_id":"c5644000ed532ae4","memory_mb":2,"timestamp":"2026-04-10 03:31:17"}
[2026-04-10 03:31:17] [info] [RID:c5644000ed532ae4] Bootstrap completed successfully | {"memory_usage_mb":2,"peak_memory_mb":2,"auth_method":"none","user_id":null,"tenant_id":1,"api_version":"v1","api_route":"/public/discounts","request_context":"loaded","cache_enabled":true,"redis_enabled":false,"database_connected":true,"execution_time_ms":7.4,"request_id":"c5644000ed532ae4","memory_mb":2,"timestamp":"2026-04-10 03:31:17"}
[2026-04-10 03:31:17] [info] [RID:75bc3751f4da5ee2] Advanced Logger initialized successfully | {"request_id":"75bc3751f4da5ee2","memory_mb":2,"timestamp":"2026-04-10 03:31:17"}
[2026-04-10 03:31:17] [info] [RID:75bc3751f4da5ee2] Bootstrap initializing | {"env":"production","request_id":"75bc3751f4da5ee2","memory_mb":2,"timestamp":"2026-04-10 03:31:17"}
[2026-04-10 03:31:17] [info] [RID:75bc3751f4da5ee2] API routing detected | {"version":"v1","route":"/public/products","is_versioned":true,"request_id":"75bc3751f4da5ee2","memory_mb":2,"timestamp":"2026-04-10 03:31:17"}
[2026-04-10 03:31:17] [info] [RID:75bc3751f4da5ee2] Session config loaded | {"request_id":"75bc3751f4da5ee2","memory_mb":2,"timestamp":"2026-04-10 03:31:17"}
[2026-04-10 03:31:17] [info] [RID:75bc3751f4da5ee2] RedisHelper loaded | {"request_id":"75bc3751f4da5ee2","memory_mb":2,"timestamp":"2026-04-10 03:31:17"}
[2026-04-10 03:31:17] [info] [RID:75bc3751f4da5ee2] RequestContext class loaded | {"request_id":"75bc3751f4da5ee2","memory_mb":2,"timestamp":"2026-04-10 03:31:17"}
[2026-04-10 03:31:17] [info] [RID:75bc3751f4da5ee2] Database connection established | {"request_id":"75bc3751f4da5ee2","memory_mb":2,"timestamp":"2026-04-10 03:31:17"}
[2026-04-10 03:31:17] [info] [RID:75bc3751f4da5ee2] CacheManager initialized | {"request_id":"75bc3751f4da5ee2","memory_mb":2,"timestamp":"2026-04-10 03:31:17"}
[2026-04-10 03:31:17] [info] [RID:75bc3751f4da5ee2] RequestContext created | {"request_id":"75bc3751f4da5ee2","user_id":null,"tenant_id":1,"roles_count":0,"permissions_count":0,"memory_mb":2,"timestamp":"2026-04-10 03:31:17"}
[2026-04-10 03:31:17] [info] [RID:75bc3751f4da5ee2] Redis extension not loaded - Redis disabled | {"request_id":"75bc3751f4da5ee2","memory_mb":2,"timestamp":"2026-04-10 03:31:17"}
[2026-04-10 03:31:17] [warning] [RID:75bc3751f4da5ee2] Rate limiting failed | {"error":"Redis unavailable","request_id":"75bc3751f4da5ee2","memory_mb":2,"timestamp":"2026-04-10 03:31:17"}
[2026-04-10 03:31:17] [info] [RID:75bc3751f4da5ee2] Bootstrap completed successfully | {"memory_usage_mb":2,"peak_memory_mb":2,"auth_method":"none","user_id":null,"tenant_id":1,"api_version":"v1","api_route":"/public/products","request_context":"loaded","cache_enabled":true,"redis_enabled":false,"database_connected":true,"execution_time_ms":5.7,"request_id":"75bc3751f4da5ee2","memory_mb":2,"timestamp":"2026-04-10 03:31:17"}
[2026-04-10 03:31:17] [info] [RID:11e6b199c1729b55] Advanced Logger initialized successfully | {"request_id":"11e6b199c1729b55","memory_mb":2,"timestamp":"2026-04-10 03:31:17"}
[2026-04-10 03:31:17] [info] [RID:11e6b199c1729b55] Bootstrap initializing | {"env":"production","request_id":"11e6b199c1729b55","memory_mb":2,"timestamp":"2026-04-10 03:31:17"}
[2026-04-10 03:31:17] [info] [RID:11e6b199c1729b55] API routing detected | {"version":"v1","route":"/public/products","is_versioned":true,"request_id":"11e6b199c1729b55","memory_mb":2,"timestamp":"2026-04-10 03:31:17"}
[2026-04-10 03:31:17] [info] [RID:11e6b199c1729b55] Session config loaded | {"request_id":"11e6b199c1729b55","memory_mb":2,"timestamp":"2026-04-10 03:31:17"}
[2026-04-10 03:31:17] [info] [RID:11e6b199c1729b55] RedisHelper loaded | {"request_id":"11e6b199c1729b55","memory_mb":2,"timestamp":"2026-04-10 03:31:17"}
[2026-04-10 03:31:17] [info] [RID:11e6b199c1729b55] RequestContext class loaded | {"request_id":"11e6b199c1729b55","memory_mb":2,"timestamp":"2026-04-10 03:31:17"}
[2026-04-10 03:31:17] [info] [RID:11e6b199c1729b55] Database connection established | {"request_id":"11e6b199c1729b55","memory_mb":2,"timestamp":"2026-04-10 03:31:17"}
[2026-04-10 03:31:17] [info] [RID:11e6b199c1729b55] CacheManager initialized | {"request_id":"11e6b199c1729b55","memory_mb":2,"timestamp":"2026-04-10 03:31:17"}
[2026-04-10 03:31:17] [info] [RID:11e6b199c1729b55] RequestContext created | {"request_id":"11e6b199c1729b55","user_id":null,"tenant_id":1,"roles_count":0,"permissions_count":0,"memory_mb":2,"timestamp":"2026-04-10 03:31:17"}
[2026-04-10 03:31:17] [info] [RID:11e6b199c1729b55] Redis extension not loaded - Redis disabled | {"request_id":"11e6b199c1729b55","memory_mb":2,"timestamp":"2026-04-10 03:31:17"}
[2026-04-10 03:31:17] [warning] [RID:11e6b199c1729b55] Rate limiting failed | {"error":"Redis unavailable","request_id":"11e6b199c1729b55","memory_mb":2,"timestamp":"2026-04-10 03:31:17"}
[2026-04-10 03:31:17] [info] [RID:11e6b199c1729b55] Bootstrap completed successfully | {"memory_usage_mb":2,"peak_memory_mb":2,"auth_method":"none","user_id":null,"tenant_id":1,"api_version":"v1","api_route":"/public/products","request_context":"loaded","cache_enabled":true,"redis_enabled":false,"database_connected":true,"execution_time_ms":4.6,"request_id":"11e6b199c1729b55","memory_mb":2,"timestamp":"2026-04-10 03:31:17"}
[2026-04-10 03:31:17] [info] [RID:37184331ea52edfc] Advanced Logger initialized successfully | {"request_id":"37184331ea52edfc","memory_mb":2,"timestamp":"2026-04-10 03:31:17"}
[2026-04-10 03:31:17] [info] [RID:37184331ea52edfc] Bootstrap initializing | {"env":"production","request_id":"37184331ea52edfc","memory_mb":2,"timestamp":"2026-04-10 03:31:17"}
[2026-04-10 03:31:17] [info] [RID:37184331ea52edfc] API routing detected | {"version":"v1","route":"/public/entities","is_versioned":true,"request_id":"37184331ea52edfc","memory_mb":2,"timestamp":"2026-04-10 03:31:17"}
[2026-04-10 03:31:17] [info] [RID:37184331ea52edfc] Session config loaded | {"request_id":"37184331ea52edfc","memory_mb":2,"timestamp":"2026-04-10 03:31:17"}
[2026-04-10 03:31:17] [info] [RID:37184331ea52edfc] RedisHelper loaded | {"request_id":"37184331ea52edfc","memory_mb":2,"timestamp":"2026-04-10 03:31:17"}
[2026-04-10 03:31:17] [info] [RID:37184331ea52edfc] RequestContext class loaded | {"request_id":"37184331ea52edfc","memory_mb":2,"timestamp":"2026-04-10 03:31:17"}
[2026-04-10 03:31:17] [info] [RID:37184331ea52edfc] Database connection established | {"request_id":"37184331ea52edfc","memory_mb":2,"timestamp":"2026-04-10 03:31:17"}
[2026-04-10 03:31:17] [info] [RID:37184331ea52edfc] CacheManager initialized | {"request_id":"37184331ea52edfc","memory_mb":2,"timestamp":"2026-04-10 03:31:17"}
[2026-04-10 03:31:17] [info] [RID:37184331ea52edfc] RequestContext created | {"request_id":"37184331ea52edfc","user_id":null,"tenant_id":1,"roles_count":0,"permissions_count":0,"memory_mb":2,"timestamp":"2026-04-10 03:31:17"}
[2026-04-10 03:31:17] [info] [RID:37184331ea52edfc] Redis extension not loaded - Redis disabled | {"request_id":"37184331ea52edfc","memory_mb":2,"timestamp":"2026-04-10 03:31:17"}
[2026-04-10 03:31:17] [warning] [RID:37184331ea52edfc] Rate limiting failed | {"error":"Redis unavailable","request_id":"37184331ea52edfc","memory_mb":2,"timestamp":"2026-04-10 03:31:17"}
[2026-04-10 03:31:17] [info] [RID:37184331ea52edfc] Bootstrap completed successfully | {"memory_usage_mb":2,"peak_memory_mb":2,"auth_method":"none","user_id":null,"tenant_id":1,"api_version":"v1","api_route":"/public/entities","request_context":"loaded","cache_enabled":true,"redis_enabled":false,"database_connected":true,"execution_time_ms":5.2,"request_id":"37184331ea52edfc","memory_mb":2,"timestamp":"2026-04-10 03:31:17"}
[2026-04-10 03:31:17] [info] [RID:dd170f362116c14e] Advanced Logger initialized successfully | {"request_id":"dd170f362116c14e","memory_mb":2,"timestamp":"2026-04-10 03:31:17"}
[2026-04-10 03:31:17] [info] [RID:dd170f362116c14e] Bootstrap initializing | {"env":"production","request_id":"dd170f362116c14e","memory_mb":2,"timestamp":"2026-04-10 03:31:17"}
[2026-04-10 03:31:17] [info] [RID:dd170f362116c14e] API routing detected | {"version":"v1","route":"/public/brands","is_versioned":true,"request_id":"dd170f362116c14e","memory_mb":2,"timestamp":"2026-04-10 03:31:17"}
[2026-04-10 03:31:17] [info] [RID:dd170f362116c14e] Session config loaded | {"request_id":"dd170f362116c14e","memory_mb":2,"timestamp":"2026-04-10 03:31:17"}
[2026-04-10 03:31:17] [info] [RID:dd170f362116c14e] RedisHelper loaded | {"request_id":"dd170f362116c14e","memory_mb":2,"timestamp":"2026-04-10 03:31:17"}
[2026-04-10 03:31:17] [info] [RID:dd170f362116c14e] RequestContext class loaded | {"request_id":"dd170f362116c14e","memory_mb":2,"timestamp":"2026-04-10 03:31:17"}
[2026-04-10 03:31:17] [info] [RID:dd170f362116c14e] Database connection established | {"request_id":"dd170f362116c14e","memory_mb":2,"timestamp":"2026-04-10 03:31:17"}
[2026-04-10 03:31:17] [info] [RID:dd170f362116c14e] CacheManager initialized | {"request_id":"dd170f362116c14e","memory_mb":2,"timestamp":"2026-04-10 03:31:17"}
[2026-04-10 03:31:17] [info] [RID:dd170f362116c14e] RequestContext created | {"request_id":"dd170f362116c14e","user_id":null,"tenant_id":1,"roles_count":0,"permissions_count":0,"memory_mb":2,"timestamp":"2026-04-10 03:31:17"}
[2026-04-10 03:31:17] [info] [RID:dd170f362116c14e] Redis extension not loaded - Redis disabled | {"request_id":"dd170f362116c14e","memory_mb":2,"timestamp":"2026-04-10 03:31:17"}
[2026-04-10 03:31:17] [warning] [RID:dd170f362116c14e] Rate limiting failed | {"error":"Redis unavailable","request_id":"dd170f362116c14e","memory_mb":2,"timestamp":"2026-04-10 03:31:17"}
[2026-04-10 03:31:17] [info] [RID:dd170f362116c14e] Bootstrap completed successfully | {"memory_usage_mb":2,"peak_memory_mb":2,"auth_method":"none","user_id":null,"tenant_id":1,"api_version":"v1","api_route":"/public/brands","request_context":"loaded","cache_enabled":true,"redis_enabled":false,"database_connected":true,"execution_time_ms":5.8,"request_id":"dd170f362116c14e","memory_mb":2,"timestamp":"2026-04-10 03:31:17"}
[2026-04-10 03:31:17] [info] [RID:068e0e8d76971826] Advanced Logger initialized successfully | {"request_id":"068e0e8d76971826","memory_mb":2,"timestamp":"2026-04-10 03:31:17"}
[2026-04-10 03:31:17] [info] [RID:068e0e8d76971826] Bootstrap initializing | {"env":"production","request_id":"068e0e8d76971826","memory_mb":2,"timestamp":"2026-04-10 03:31:17"}
[2026-04-10 03:31:17] [info] [RID:068e0e8d76971826] API routing detected | {"version":"v1","route":"/public/auctions","is_versioned":true,"request_id":"068e0e8d76971826","memory_mb":2,"timestamp":"2026-04-10 03:31:17"}
[2026-04-10 03:31:17] [info] [RID:068e0e8d76971826] Session config loaded | {"request_id":"068e0e8d76971826","memory_mb":2,"timestamp":"2026-04-10 03:31:17"}
[2026-04-10 03:31:17] [info] [RID:068e0e8d76971826] RedisHelper loaded | {"request_id":"068e0e8d76971826","memory_mb":2,"timestamp":"2026-04-10 03:31:17"}
[2026-04-10 03:31:17] [info] [RID:068e0e8d76971826] RequestContext class loaded | {"request_id":"068e0e8d76971826","memory_mb":2,"timestamp":"2026-04-10 03:31:17"}
[2026-04-10 03:31:17] [info] [RID:068e0e8d76971826] Database connection established | {"request_id":"068e0e8d76971826","memory_mb":2,"timestamp":"2026-04-10 03:31:17"}
[2026-04-10 03:31:17] [info] [RID:068e0e8d76971826] CacheManager initialized | {"request_id":"068e0e8d76971826","memory_mb":2,"timestamp":"2026-04-10 03:31:17"}
[2026-04-10 03:31:17] [info] [RID:068e0e8d76971826] RequestContext created | {"request_id":"068e0e8d76971826","user_id":null,"tenant_id":1,"roles_count":0,"permissions_count":0,"memory_mb":2,"timestamp":"2026-04-10 03:31:17"}
[2026-04-10 03:31:17] [info] [RID:068e0e8d76971826] Redis extension not loaded - Redis disabled | {"request_id":"068e0e8d76971826","memory_mb":2,"timestamp":"2026-04-10 03:31:17"}
[2026-04-10 03:31:17] [warning] [RID:068e0e8d76971826] Rate limiting failed | {"error":"Redis unavailable","request_id":"068e0e8d76971826","memory_mb":2,"timestamp":"2026-04-10 03:31:17"}
[2026-04-10 03:31:17] [info] [RID:068e0e8d76971826] Bootstrap completed successfully | {"memory_usage_mb":2,"peak_memory_mb":2,"auth_method":"none","user_id":null,"tenant_id":1,"api_version":"v1","api_route":"/public/auctions","request_context":"loaded","cache_enabled":true,"redis_enabled":false,"database_connected":true,"execution_time_ms":4.9,"request_id":"068e0e8d76971826","memory_mb":2,"timestamp":"2026-04-10 03:31:17"}
[2026-04-10 03:31:17] [info] [RID:e50443818a8c38a2] Advanced Logger initialized successfully | {"request_id":"e50443818a8c38a2","memory_mb":2,"timestamp":"2026-04-10 03:31:17"}
[2026-04-10 03:31:17] [info] [RID:e50443818a8c38a2] Bootstrap initializing | {"env":"production","request_id":"e50443818a8c38a2","memory_mb":2,"timestamp":"2026-04-10 03:31:17"}
[2026-04-10 03:31:17] [info] [RID:e50443818a8c38a2] API routing detected | {"version":"v1","route":"/public/jobs","is_versioned":true,"request_id":"e50443818a8c38a2","memory_mb":2,"timestamp":"2026-04-10 03:31:17"}
[2026-04-10 03:31:17] [info] [RID:e50443818a8c38a2] Session config loaded | {"request_id":"e50443818a8c38a2","memory_mb":2,"timestamp":"2026-04-10 03:31:17"}
[2026-04-10 03:31:17] [info] [RID:e50443818a8c38a2] RedisHelper loaded | {"request_id":"e50443818a8c38a2","memory_mb":2,"timestamp":"2026-04-10 03:31:17"}
[2026-04-10 03:31:17] [info] [RID:e50443818a8c38a2] RequestContext class loaded | {"request_id":"e50443818a8c38a2","memory_mb":2,"timestamp":"2026-04-10 03:31:17"}
[2026-04-10 03:31:17] [info] [RID:e50443818a8c38a2] Database connection established | {"request_id":"e50443818a8c38a2","memory_mb":2,"timestamp":"2026-04-10 03:31:17"}
[2026-04-10 03:31:17] [info] [RID:e50443818a8c38a2] CacheManager initialized | {"request_id":"e50443818a8c38a2","memory_mb":2,"timestamp":"2026-04-10 03:31:17"}
[2026-04-10 03:31:17] [info] [RID:e50443818a8c38a2] RequestContext created | {"request_id":"e50443818a8c38a2","user_id":null,"tenant_id":1,"roles_count":0,"permissions_count":0,"memory_mb":2,"timestamp":"2026-04-10 03:31:17"}
[2026-04-10 03:31:17] [info] [RID:e50443818a8c38a2] Redis extension not loaded - Redis disabled | {"request_id":"e50443818a8c38a2","memory_mb":2,"timestamp":"2026-04-10 03:31:17"}
[2026-04-10 03:31:17] [warning] [RID:e50443818a8c38a2] Rate limiting failed | {"error":"Redis unavailable","request_id":"e50443818a8c38a2","memory_mb":2,"timestamp":"2026-04-10 03:31:17"}
[2026-04-10 03:31:17] [info] [RID:e50443818a8c38a2] Bootstrap completed successfully | {"memory_usage_mb":2,"peak_memory_mb":2,"auth_method":"none","user_id":null,"tenant_id":1,"api_version":"v1","api_route":"/public/jobs","request_context":"loaded","cache_enabled":true,"redis_enabled":false,"database_connected":true,"execution_time_ms":5.3,"request_id":"e50443818a8c38a2","memory_mb":2,"timestamp":"2026-04-10 03:31:17"}
[2026-04-10 03:31:17] [info] [RID:ea8eb64b4de01f07] Advanced Logger initialized successfully | {"request_id":"ea8eb64b4de01f07","memory_mb":2,"timestamp":"2026-04-10 03:31:17"}
[2026-04-10 03:31:17] [info] [RID:ea8eb64b4de01f07] Bootstrap initializing | {"env":"production","request_id":"ea8eb64b4de01f07","memory_mb":2,"timestamp":"2026-04-10 03:31:17"}
[2026-04-10 03:31:17] [info] [RID:ea8eb64b4de01f07] API routing detected | {"version":"v1","route":"/public/user_devices","is_versioned":true,"request_id":"ea8eb64b4de01f07","memory_mb":2,"timestamp":"2026-04-10 03:31:17"}
[2026-04-10 03:31:17] [info] [RID:ea8eb64b4de01f07] Session config loaded | {"request_id":"ea8eb64b4de01f07","memory_mb":2,"timestamp":"2026-04-10 03:31:17"}
[2026-04-10 03:31:17] [info] [RID:ea8eb64b4de01f07] RedisHelper loaded | {"request_id":"ea8eb64b4de01f07","memory_mb":2,"timestamp":"2026-04-10 03:31:17"}
[2026-04-10 03:31:17] [info] [RID:ea8eb64b4de01f07] RequestContext class loaded | {"request_id":"ea8eb64b4de01f07","memory_mb":2,"timestamp":"2026-04-10 03:31:17"}
[2026-04-10 03:31:17] [info] [RID:ea8eb64b4de01f07] Database connection established | {"request_id":"ea8eb64b4de01f07","memory_mb":2,"timestamp":"2026-04-10 03:31:17"}
[2026-04-10 03:31:17] [info] [RID:ea8eb64b4de01f07] CacheManager initialized | {"request_id":"ea8eb64b4de01f07","memory_mb":2,"timestamp":"2026-04-10 03:31:17"}
[2026-04-10 03:31:17] [info] [RID:ea8eb64b4de01f07] User authenticated via session | {"request_id":"ea8eb64b4de01f07","memory_mb":2,"timestamp":"2026-04-10 03:31:17"}
[2026-04-10 03:31:17] [info] [RID:ea8eb64b4de01f07] RequestContext created | {"request_id":"ea8eb64b4de01f07","user_id":7,"tenant_id":1,"roles_count":1,"permissions_count":28,"memory_mb":2,"timestamp":"2026-04-10 03:31:17"}
[2026-04-10 03:31:17] [info] [RID:ea8eb64b4de01f07] Redis extension not loaded - Redis disabled | {"request_id":"ea8eb64b4de01f07","memory_mb":2,"timestamp":"2026-04-10 03:31:17"}
[2026-04-10 03:31:17] [warning] [RID:ea8eb64b4de01f07] Rate limiting failed | {"error":"Redis unavailable","request_id":"ea8eb64b4de01f07","memory_mb":2,"timestamp":"2026-04-10 03:31:17"}
[2026-04-10 03:31:17] [info] [RID:ea8eb64b4de01f07] Bootstrap completed successfully | {"memory_usage_mb":2,"peak_memory_mb":2,"auth_method":"session","user_id":7,"tenant_id":1,"api_version":"v1","api_route":"/public/user_devices","request_context":"loaded","cache_enabled":true,"redis_enabled":false,"database_connected":true,"execution_time_ms":5.9,"request_id":"ea8eb64b4de01f07","memory_mb":2,"timestamp":"2026-04-10 03:31:17"}
[2026-04-10 03:31:22] [info] [RID:ec6d385d101272fc] Advanced Logger initialized successfully | {"request_id":"ec6d385d101272fc","memory_mb":2,"timestamp":"2026-04-10 03:31:22"}
[2026-04-10 03:31:22] [info] [RID:ec6d385d101272fc] Bootstrap initializing | {"env":"production","request_id":"ec6d385d101272fc","memory_mb":2,"timestamp":"2026-04-10 03:31:22"}
[2026-04-10 03:31:22] [info] [RID:ec6d385d101272fc] API routing detected | {"version":"v1","route":"/public/user_devices","is_versioned":true,"request_id":"ec6d385d101272fc","memory_mb":2,"timestamp":"2026-04-10 03:31:22"}
[2026-04-10 03:31:22] [info] [RID:ec6d385d101272fc] Session config loaded | {"request_id":"ec6d385d101272fc","memory_mb":2,"timestamp":"2026-04-10 03:31:22"}
[2026-04-10 03:31:22] [info] [RID:ec6d385d101272fc] RedisHelper loaded | {"request_id":"ec6d385d101272fc","memory_mb":2,"timestamp":"2026-04-10 03:31:22"}
[2026-04-10 03:31:22] [info] [RID:ec6d385d101272fc] RequestContext class loaded | {"request_id":"ec6d385d101272fc","memory_mb":2,"timestamp":"2026-04-10 03:31:22"}
[2026-04-10 03:31:22] [info] [RID:ec6d385d101272fc] Database connection established | {"request_id":"ec6d385d101272fc","memory_mb":2,"timestamp":"2026-04-10 03:31:22"}
[2026-04-10 03:31:22] [info] [RID:ec6d385d101272fc] CacheManager initialized | {"request_id":"ec6d385d101272fc","memory_mb":2,"timestamp":"2026-04-10 03:31:22"}
[2026-04-10 03:31:22] [info] [RID:ec6d385d101272fc] User authenticated via session | {"request_id":"ec6d385d101272fc","memory_mb":2,"timestamp":"2026-04-10 03:31:22"}
[2026-04-10 03:31:22] [info] [RID:ec6d385d101272fc] RequestContext created | {"request_id":"ec6d385d101272fc","user_id":7,"tenant_id":1,"roles_count":1,"permissions_count":28,"memory_mb":2,"timestamp":"2026-04-10 03:31:22"}
[2026-04-10 03:31:22] [info] [RID:ec6d385d101272fc] Redis extension not loaded - Redis disabled | {"request_id":"ec6d385d101272fc","memory_mb":2,"timestamp":"2026-04-10 03:31:22"}
[2026-04-10 03:31:22] [warning] [RID:ec6d385d101272fc] Rate limiting failed | {"error":"Redis unavailable","request_id":"ec6d385d101272fc","memory_mb":2,"timestamp":"2026-04-10 03:31:22"}
[2026-04-10 03:31:22] [info] [RID:ec6d385d101272fc] Bootstrap completed successfully | {"memory_usage_mb":2,"peak_memory_mb":2,"auth_method":"session","user_id":7,"tenant_id":1,"api_version":"v1","api_route":"/public/user_devices","request_context":"loaded","cache_enabled":true,"redis_enabled":false,"database_connected":true,"execution_time_ms":5.3,"request_id":"ec6d385d101272fc","memory_mb":2,"timestamp":"2026-04-10 03:31:22"}
[2026-04-10 03:31:29] [info] [RID:8360015433df9d78] Advanced Logger initialized successfully | {"request_id":"8360015433df9d78","memory_mb":2,"timestamp":"2026-04-10 03:31:29"}
[2026-04-10 03:31:29] [info] [RID:8360015433df9d78] Bootstrap initializing | {"env":"production","request_id":"8360015433df9d78","memory_mb":2,"timestamp":"2026-04-10 03:31:29"}
[2026-04-10 03:31:29] [info] [RID:8360015433df9d78] API routing detected | {"version":"v1","route":"/public/user_devices","is_versioned":true,"request_id":"8360015433df9d78","memory_mb":2,"timestamp":"2026-04-10 03:31:29"}
[2026-04-10 03:31:29] [info] [RID:8360015433df9d78] Session config loaded | {"request_id":"8360015433df9d78","memory_mb":2,"timestamp":"2026-04-10 03:31:29"}
[2026-04-10 03:31:29] [info] [RID:8360015433df9d78] RedisHelper loaded | {"request_id":"8360015433df9d78","memory_mb":2,"timestamp":"2026-04-10 03:31:29"}
[2026-04-10 03:31:29] [info] [RID:8360015433df9d78] RequestContext class loaded | {"request_id":"8360015433df9d78","memory_mb":2,"timestamp":"2026-04-10 03:31:29"}
[2026-04-10 03:31:29] [info] [RID:8360015433df9d78] Database connection established | {"request_id":"8360015433df9d78","memory_mb":2,"timestamp":"2026-04-10 03:31:29"}
[2026-04-10 03:31:29] [info] [RID:8360015433df9d78] CacheManager initialized | {"request_id":"8360015433df9d78","memory_mb":2,"timestamp":"2026-04-10 03:31:29"}
[2026-04-10 03:31:29] [info] [RID:8360015433df9d78] User authenticated via session | {"request_id":"8360015433df9d78","memory_mb":2,"timestamp":"2026-04-10 03:31:29"}
[2026-04-10 03:31:29] [info] [RID:8360015433df9d78] RequestContext created | {"request_id":"8360015433df9d78","user_id":7,"tenant_id":1,"roles_count":1,"permissions_count":28,"memory_mb":2,"timestamp":"2026-04-10 03:31:29"}
[2026-04-10 03:31:29] [info] [RID:8360015433df9d78] Redis extension not loaded - Redis disabled | {"request_id":"8360015433df9d78","memory_mb":2,"timestamp":"2026-04-10 03:31:29"}
[2026-04-10 03:31:29] [warning] [RID:8360015433df9d78] Rate limiting failed | {"error":"Redis unavailable","request_id":"8360015433df9d78","memory_mb":2,"timestamp":"2026-04-10 03:31:29"}
[2026-04-10 03:31:29] [info] [RID:8360015433df9d78] Bootstrap completed successfully | {"memory_usage_mb":2,"peak_memory_mb":2,"auth_method":"session","user_id":7,"tenant_id":1,"api_version":"v1","api_route":"/public/user_devices","request_context":"loaded","cache_enabled":true,"redis_enabled":false,"database_connected":true,"execution_time_ms":5.4,"request_id":"8360015433df9d78","memory_mb":2,"timestamp":"2026-04-10 03:31:29"}
[2026-04-10 03:31:40] [info] [RID:2477b3976df873f6] Advanced Logger initialized successfully | {"request_id":"2477b3976df873f6","memory_mb":2,"timestamp":"2026-04-10 03:31:40"}
[2026-04-10 03:31:40] [info] [RID:2477b3976df873f6] Bootstrap initializing | {"env":"production","request_id":"2477b3976df873f6","memory_mb":2,"timestamp":"2026-04-10 03:31:40"}
[2026-04-10 03:31:40] [info] [RID:2477b3976df873f6] API routing detected | {"version":"v1","route":"/public/user_devices","is_versioned":true,"request_id":"2477b3976df873f6","memory_mb":2,"timestamp":"2026-04-10 03:31:40"}
[2026-04-10 03:31:40] [info] [RID:2477b3976df873f6] Session config loaded | {"request_id":"2477b3976df873f6","memory_mb":2,"timestamp":"2026-04-10 03:31:40"}
[2026-04-10 03:31:40] [info] [RID:2477b3976df873f6] RedisHelper loaded | {"request_id":"2477b3976df873f6","memory_mb":2,"timestamp":"2026-04-10 03:31:40"}
[2026-04-10 03:31:40] [info] [RID:2477b3976df873f6] RequestContext class loaded | {"request_id":"2477b3976df873f6","memory_mb":2,"timestamp":"2026-04-10 03:31:40"}
[2026-04-10 03:31:40] [info] [RID:2477b3976df873f6] Database connection established | {"request_id":"2477b3976df873f6","memory_mb":2,"timestamp":"2026-04-10 03:31:40"}
[2026-04-10 03:31:40] [info] [RID:2477b3976df873f6] CacheManager initialized | {"request_id":"2477b3976df873f6","memory_mb":2,"timestamp":"2026-04-10 03:31:40"}
[2026-04-10 03:31:40] [info] [RID:2477b3976df873f6] User authenticated via session | {"request_id":"2477b3976df873f6","memory_mb":2,"timestamp":"2026-04-10 03:31:40"}
[2026-04-10 03:31:40] [info] [RID:2477b3976df873f6] RequestContext created | {"request_id":"2477b3976df873f6","user_id":7,"tenant_id":1,"roles_count":1,"permissions_count":28,"memory_mb":2,"timestamp":"2026-04-10 03:31:40"}
[2026-04-10 03:31:40] [info] [RID:2477b3976df873f6] Redis extension not loaded - Redis disabled | {"request_id":"2477b3976df873f6","memory_mb":2,"timestamp":"2026-04-10 03:31:40"}
[2026-04-10 03:31:40] [warning] [RID:2477b3976df873f6] Rate limiting failed | {"error":"Redis unavailable","request_id":"2477b3976df873f6","memory_mb":2,"timestamp":"2026-04-10 03:31:40"}
[2026-04-10 03:31:40] [info] [RID:2477b3976df873f6] Bootstrap completed successfully | {"memory_usage_mb":2,"peak_memory_mb":2,"auth_method":"session","user_id":7,"tenant_id":1,"api_version":"v1","api_route":"/public/user_devices","request_context":"loaded","cache_enabled":true,"redis_enabled":false,"database_connected":true,"execution_time_ms":5.7,"request_id":"2477b3976df873f6","memory_mb":2,"timestamp":"2026-04-10 03:31:40"}
[2026-04-10 03:32:05] [info] [RID:d7511621cfdf2444] Advanced Logger initialized successfully | {"request_id":"d7511621cfdf2444","memory_mb":2,"timestamp":"2026-04-10 03:32:05"}
[2026-04-10 03:32:05] [info] [RID:d7511621cfdf2444] Bootstrap initializing | {"env":"production","request_id":"d7511621cfdf2444","memory_mb":2,"timestamp":"2026-04-10 03:32:05"}
[2026-04-10 03:32:05] [info] [RID:d7511621cfdf2444] API routing detected | {"version":"v1","route":"/public/user_devices","is_versioned":true,"request_id":"d7511621cfdf2444","memory_mb":2,"timestamp":"2026-04-10 03:32:05"}
[2026-04-10 03:32:05] [info] [RID:d7511621cfdf2444] Session config loaded | {"request_id":"d7511621cfdf2444","memory_mb":2,"timestamp":"2026-04-10 03:32:05"}
[2026-04-10 03:32:05] [info] [RID:d7511621cfdf2444] RedisHelper loaded | {"request_id":"d7511621cfdf2444","memory_mb":2,"timestamp":"2026-04-10 03:32:05"}
[2026-04-10 03:32:05] [info] [RID:d7511621cfdf2444] RequestContext class loaded | {"request_id":"d7511621cfdf2444","memory_mb":2,"timestamp":"2026-04-10 03:32:05"}
[2026-04-10 03:32:05] [info] [RID:d7511621cfdf2444] Database connection established | {"request_id":"d7511621cfdf2444","memory_mb":2,"timestamp":"2026-04-10 03:32:05"}
[2026-04-10 03:32:05] [info] [RID:d7511621cfdf2444] CacheManager initialized | {"request_id":"d7511621cfdf2444","memory_mb":2,"timestamp":"2026-04-10 03:32:05"}
[2026-04-10 03:32:05] [info] [RID:d7511621cfdf2444] User authenticated via session | {"request_id":"d7511621cfdf2444","memory_mb":2,"timestamp":"2026-04-10 03:32:05"}
[2026-04-10 03:32:05] [info] [RID:d7511621cfdf2444] RequestContext created | {"request_id":"d7511621cfdf2444","user_id":7,"tenant_id":1,"roles_count":1,"permissions_count":28,"memory_mb":2,"timestamp":"2026-04-10 03:32:05"}
[2026-04-10 03:32:05] [info] [RID:d7511621cfdf2444] Redis extension not loaded - Redis disabled | {"request_id":"d7511621cfdf2444","memory_mb":2,"timestamp":"2026-04-10 03:32:05"}
[2026-04-10 03:32:05] [warning] [RID:d7511621cfdf2444] Rate limiting failed | {"error":"Redis unavailable","request_id":"d7511621cfdf2444","memory_mb":2,"timestamp":"2026-04-10 03:32:05"}
[2026-04-10 03:32:05] [info] [RID:d7511621cfdf2444] Bootstrap completed successfully | {"memory_usage_mb":2,"peak_memory_mb":2,"auth_method":"session","user_id":7,"tenant_id":1,"api_version":"v1","api_route":"/public/user_devices","request_context":"loaded","cache_enabled":true,"redis_enabled":false,"database_connected":true,"execution_time_ms":4.9,"request_id":"d7511621cfdf2444","memory_mb":2,"timestamp":"2026-04-10 03:32:05"}
[2026-04-10 03:32:10] [info] [RID:51fedd418429c0a7] Advanced Logger initialized successfully | {"request_id":"51fedd418429c0a7","memory_mb":2,"timestamp":"2026-04-10 03:32:10"}
[2026-04-10 03:32:10] [info] [RID:51fedd418429c0a7] Bootstrap initializing | {"env":"production","request_id":"51fedd418429c0a7","memory_mb":2,"timestamp":"2026-04-10 03:32:10"}
[2026-04-10 03:32:10] [info] [RID:51fedd418429c0a7] API routing detected | {"version":"v1","route":"/public/user_devices","is_versioned":true,"request_id":"51fedd418429c0a7","memory_mb":2,"timestamp":"2026-04-10 03:32:10"}
[2026-04-10 03:32:10] [info] [RID:51fedd418429c0a7] Session config loaded | {"request_id":"51fedd418429c0a7","memory_mb":2,"timestamp":"2026-04-10 03:32:10"}
[2026-04-10 03:32:10] [info] [RID:51fedd418429c0a7] RedisHelper loaded | {"request_id":"51fedd418429c0a7","memory_mb":2,"timestamp":"2026-04-10 03:32:10"}
[2026-04-10 03:32:10] [info] [RID:51fedd418429c0a7] RequestContext class loaded | {"request_id":"51fedd418429c0a7","memory_mb":2,"timestamp":"2026-04-10 03:32:10"}
[2026-04-10 03:32:10] [info] [RID:51fedd418429c0a7] Database connection established | {"request_id":"51fedd418429c0a7","memory_mb":2,"timestamp":"2026-04-10 03:32:10"}
[2026-04-10 03:32:10] [info] [RID:51fedd418429c0a7] CacheManager initialized | {"request_id":"51fedd418429c0a7","memory_mb":2,"timestamp":"2026-04-10 03:32:10"}
[2026-04-10 03:32:10] [info] [RID:51fedd418429c0a7] User authenticated via session | {"request_id":"51fedd418429c0a7","memory_mb":2,"timestamp":"2026-04-10 03:32:10"}
[2026-04-10 03:32:10] [info] [RID:51fedd418429c0a7] Tenant data loaded from DB | {"user_id":7,"tenant_id":1,"request_id":"51fedd418429c0a7","memory_mb":2,"timestamp":"2026-04-10 03:32:10"}
[2026-04-10 03:32:10] [info] [RID:51fedd418429c0a7] RequestContext created | {"request_id":"51fedd418429c0a7","user_id":7,"tenant_id":1,"roles_count":1,"permissions_count":28,"memory_mb":2,"timestamp":"2026-04-10 03:32:10"}
[2026-04-10 03:32:10] [info] [RID:51fedd418429c0a7] Redis extension not loaded - Redis disabled | {"request_id":"51fedd418429c0a7","memory_mb":2,"timestamp":"2026-04-10 03:32:10"}
[2026-04-10 03:32:10] [warning] [RID:51fedd418429c0a7] Rate limiting failed | {"error":"Redis unavailable","request_id":"51fedd418429c0a7","memory_mb":2,"timestamp":"2026-04-10 03:32:10"}
[2026-04-10 03:32:10] [info] [RID:51fedd418429c0a7] Bootstrap completed successfully | {"memory_usage_mb":2,"peak_memory_mb":2,"auth_method":"session","user_id":7,"tenant_id":1,"api_version":"v1","api_route":"/public/user_devices","request_context":"loaded","cache_enabled":true,"redis_enabled":false,"database_connected":true,"execution_time_ms":7.6,"request_id":"51fedd418429c0a7","memory_mb":2,"timestamp":"2026-04-10 03:32:10"}
[2026-04-10 06:07:08] [info] [RID:14db267103081b74] Advanced Logger initialized successfully | {"request_id":"14db267103081b74","memory_mb":2,"timestamp":"2026-04-10 06:07:08"}
[2026-04-10 06:07:08] [info] [RID:14db267103081b74] Bootstrap initializing | {"env":"production","request_id":"14db267103081b74","memory_mb":2,"timestamp":"2026-04-10 06:07:08"}
[2026-04-10 06:07:08] [info] [RID:14db267103081b74] API routing detected | {"version":"v1","route":"/public/homepage_sections","is_versioned":true,"request_id":"14db267103081b74","memory_mb":2,"timestamp":"2026-04-10 06:07:08"}
[2026-04-10 06:07:08] [info] [RID:14db267103081b74] Session config loaded | {"request_id":"14db267103081b74","memory_mb":2,"timestamp":"2026-04-10 06:07:08"}
[2026-04-10 06:07:08] [info] [RID:14db267103081b74] RedisHelper loaded | {"request_id":"14db267103081b74","memory_mb":2,"timestamp":"2026-04-10 06:07:08"}
[2026-04-10 06:07:08] [info] [RID:14db267103081b74] RequestContext class loaded | {"request_id":"14db267103081b74","memory_mb":2,"timestamp":"2026-04-10 06:07:08"}
[2026-04-10 06:07:08] [info] [RID:14db267103081b74] Database connection established | {"request_id":"14db267103081b74","memory_mb":2,"timestamp":"2026-04-10 06:07:08"}
[2026-04-10 06:07:08] [info] [RID:14db267103081b74] CacheManager initialized | {"request_id":"14db267103081b74","memory_mb":2,"timestamp":"2026-04-10 06:07:08"}
[2026-04-10 06:07:08] [info] [RID:14db267103081b74] RequestContext created | {"request_id":"14db267103081b74","user_id":null,"tenant_id":1,"roles_count":0,"permissions_count":0,"memory_mb":2,"timestamp":"2026-04-10 06:07:08"}
[2026-04-10 06:07:08] [info] [RID:14db267103081b74] Redis extension not loaded - Redis disabled | {"request_id":"14db267103081b74","memory_mb":2,"timestamp":"2026-04-10 06:07:08"}
[2026-04-10 06:07:08] [warning] [RID:14db267103081b74] Rate limiting failed | {"error":"Redis unavailable","request_id":"14db267103081b74","memory_mb":2,"timestamp":"2026-04-10 06:07:08"}
[2026-04-10 06:07:08] [info] [RID:14db267103081b74] Bootstrap completed successfully | {"memory_usage_mb":2,"peak_memory_mb":2,"auth_method":"none","user_id":null,"tenant_id":1,"api_version":"v1","api_route":"/public/homepage_sections","request_context":"loaded","cache_enabled":true,"redis_enabled":false,"database_connected":true,"execution_time_ms":23.7,"request_id":"14db267103081b74","memory_mb":2,"timestamp":"2026-04-10 06:07:08"}
[2026-04-10 06:07:08] [info] [RID:0b54ff274c2e07bd] Advanced Logger initialized successfully | {"request_id":"0b54ff274c2e07bd","memory_mb":2,"timestamp":"2026-04-10 06:07:08"}
[2026-04-10 06:07:08] [info] [RID:0b54ff274c2e07bd] Bootstrap initializing | {"env":"production","request_id":"0b54ff274c2e07bd","memory_mb":2,"timestamp":"2026-04-10 06:07:08"}
[2026-04-10 06:07:08] [info] [RID:0b54ff274c2e07bd] API routing detected | {"version":"v1","route":"/public/ads","is_versioned":true,"request_id":"0b54ff274c2e07bd","memory_mb":2,"timestamp":"2026-04-10 06:07:08"}
[2026-04-10 06:07:08] [info] [RID:0b54ff274c2e07bd] Session config loaded | {"request_id":"0b54ff274c2e07bd","memory_mb":2,"timestamp":"2026-04-10 06:07:08"}
[2026-04-10 06:07:08] [info] [RID:0b54ff274c2e07bd] RedisHelper loaded | {"request_id":"0b54ff274c2e07bd","memory_mb":2,"timestamp":"2026-04-10 06:07:08"}
[2026-04-10 06:07:08] [info] [RID:0b54ff274c2e07bd] RequestContext class loaded | {"request_id":"0b54ff274c2e07bd","memory_mb":2,"timestamp":"2026-04-10 06:07:08"}
[2026-04-10 06:07:08] [info] [RID:0b54ff274c2e07bd] Database connection established | {"request_id":"0b54ff274c2e07bd","memory_mb":2,"timestamp":"2026-04-10 06:07:08"}
[2026-04-10 06:07:08] [info] [RID:0b54ff274c2e07bd] CacheManager initialized | {"request_id":"0b54ff274c2e07bd","memory_mb":2,"timestamp":"2026-04-10 06:07:08"}
[2026-04-10 06:07:08] [info] [RID:0b54ff274c2e07bd] RequestContext created | {"request_id":"0b54ff274c2e07bd","user_id":null,"tenant_id":1,"roles_count":0,"permissions_count":0,"memory_mb":2,"timestamp":"2026-04-10 06:07:08"}
[2026-04-10 06:07:08] [info] [RID:0b54ff274c2e07bd] Redis extension not loaded - Redis disabled | {"request_id":"0b54ff274c2e07bd","memory_mb":2,"timestamp":"2026-04-10 06:07:08"}
[2026-04-10 06:07:08] [warning] [RID:0b54ff274c2e07bd] Rate limiting failed | {"error":"Redis unavailable","request_id":"0b54ff274c2e07bd","memory_mb":2,"timestamp":"2026-04-10 06:07:08"}
[2026-04-10 06:07:08] [info] [RID:0b54ff274c2e07bd] Bootstrap completed successfully | {"memory_usage_mb":2,"peak_memory_mb":2,"auth_method":"none","user_id":null,"tenant_id":1,"api_version":"v1","api_route":"/public/ads","request_context":"loaded","cache_enabled":true,"redis_enabled":false,"database_connected":true,"execution_time_ms":5.3,"request_id":"0b54ff274c2e07bd","memory_mb":2,"timestamp":"2026-04-10 06:07:08"}
[2026-04-10 06:07:08] [info] [RID:57957597374a166e] Advanced Logger initialized successfully | {"request_id":"57957597374a166e","memory_mb":2,"timestamp":"2026-04-10 06:07:08"}
[2026-04-10 06:07:08] [info] [RID:57957597374a166e] Bootstrap initializing | {"env":"production","request_id":"57957597374a166e","memory_mb":2,"timestamp":"2026-04-10 06:07:08"}
[2026-04-10 06:07:08] [info] [RID:57957597374a166e] API routing detected | {"version":"v1","route":"/public/categories","is_versioned":true,"request_id":"57957597374a166e","memory_mb":2,"timestamp":"2026-04-10 06:07:08"}
[2026-04-10 06:07:08] [info] [RID:57957597374a166e] Session config loaded | {"request_id":"57957597374a166e","memory_mb":2,"timestamp":"2026-04-10 06:07:08"}
[2026-04-10 06:07:08] [info] [RID:57957597374a166e] RedisHelper loaded | {"request_id":"57957597374a166e","memory_mb":2,"timestamp":"2026-04-10 06:07:08"}
[2026-04-10 06:07:08] [info] [RID:57957597374a166e] RequestContext class loaded | {"request_id":"57957597374a166e","memory_mb":2,"timestamp":"2026-04-10 06:07:08"}
[2026-04-10 06:07:08] [info] [RID:57957597374a166e] Database connection established | {"request_id":"57957597374a166e","memory_mb":2,"timestamp":"2026-04-10 06:07:08"}
[2026-04-10 06:07:08] [info] [RID:57957597374a166e] CacheManager initialized | {"request_id":"57957597374a166e","memory_mb":2,"timestamp":"2026-04-10 06:07:08"}
[2026-04-10 06:07:08] [info] [RID:57957597374a166e] RequestContext created | {"request_id":"57957597374a166e","user_id":null,"tenant_id":1,"roles_count":0,"permissions_count":0,"memory_mb":2,"timestamp":"2026-04-10 06:07:08"}
[2026-04-10 06:07:08] [info] [RID:57957597374a166e] Redis extension not loaded - Redis disabled | {"request_id":"57957597374a166e","memory_mb":2,"timestamp":"2026-04-10 06:07:08"}
[2026-04-10 06:07:08] [warning] [RID:57957597374a166e] Rate limiting failed | {"error":"Redis unavailable","request_id":"57957597374a166e","memory_mb":2,"timestamp":"2026-04-10 06:07:08"}
[2026-04-10 06:07:08] [info] [RID:57957597374a166e] Bootstrap completed successfully | {"memory_usage_mb":2,"peak_memory_mb":2,"auth_method":"none","user_id":null,"tenant_id":1,"api_version":"v1","api_route":"/public/categories","request_context":"loaded","cache_enabled":true,"redis_enabled":false,"database_connected":true,"execution_time_ms":5.8,"request_id":"57957597374a166e","memory_mb":2,"timestamp":"2026-04-10 06:07:08"}
[2026-04-10 06:07:08] [info] [RID:2a8213df39924e58] Advanced Logger initialized successfully | {"request_id":"2a8213df39924e58","memory_mb":2,"timestamp":"2026-04-10 06:07:08"}
[2026-04-10 06:07:08] [info] [RID:2a8213df39924e58] Bootstrap initializing | {"env":"production","request_id":"2a8213df39924e58","memory_mb":2,"timestamp":"2026-04-10 06:07:08"}
[2026-04-10 06:07:08] [info] [RID:2a8213df39924e58] API routing detected | {"version":"v1","route":"/public/discounts","is_versioned":true,"request_id":"2a8213df39924e58","memory_mb":2,"timestamp":"2026-04-10 06:07:08"}
[2026-04-10 06:07:08] [info] [RID:2a8213df39924e58] Session config loaded | {"request_id":"2a8213df39924e58","memory_mb":2,"timestamp":"2026-04-10 06:07:08"}
[2026-04-10 06:07:08] [info] [RID:2a8213df39924e58] RedisHelper loaded | {"request_id":"2a8213df39924e58","memory_mb":2,"timestamp":"2026-04-10 06:07:08"}
[2026-04-10 06:07:08] [info] [RID:2a8213df39924e58] RequestContext class loaded | {"request_id":"2a8213df39924e58","memory_mb":2,"timestamp":"2026-04-10 06:07:08"}
[2026-04-10 06:07:08] [info] [RID:2a8213df39924e58] Database connection established | {"request_id":"2a8213df39924e58","memory_mb":2,"timestamp":"2026-04-10 06:07:08"}
[2026-04-10 06:07:08] [info] [RID:2a8213df39924e58] CacheManager initialized | {"request_id":"2a8213df39924e58","memory_mb":2,"timestamp":"2026-04-10 06:07:08"}
[2026-04-10 06:07:08] [info] [RID:2a8213df39924e58] RequestContext created | {"request_id":"2a8213df39924e58","user_id":null,"tenant_id":1,"roles_count":0,"permissions_count":0,"memory_mb":2,"timestamp":"2026-04-10 06:07:08"}
[2026-04-10 06:07:08] [info] [RID:2a8213df39924e58] Redis extension not loaded - Redis disabled | {"request_id":"2a8213df39924e58","memory_mb":2,"timestamp":"2026-04-10 06:07:08"}
[2026-04-10 06:07:08] [warning] [RID:2a8213df39924e58] Rate limiting failed | {"error":"Redis unavailable","request_id":"2a8213df39924e58","memory_mb":2,"timestamp":"2026-04-10 06:07:08"}
[2026-04-10 06:07:08] [info] [RID:2a8213df39924e58] Bootstrap completed successfully | {"memory_usage_mb":2,"peak_memory_mb":2,"auth_method":"none","user_id":null,"tenant_id":1,"api_version":"v1","api_route":"/public/discounts","request_context":"loaded","cache_enabled":true,"redis_enabled":false,"database_connected":true,"execution_time_ms":5.5,"request_id":"2a8213df39924e58","memory_mb":2,"timestamp":"2026-04-10 06:07:08"}
[2026-04-10 06:07:08] [info] [RID:bb07427278c57b04] Advanced Logger initialized successfully | {"request_id":"bb07427278c57b04","memory_mb":2,"timestamp":"2026-04-10 06:07:08"}
[2026-04-10 06:07:08] [info] [RID:bb07427278c57b04] Bootstrap initializing | {"env":"production","request_id":"bb07427278c57b04","memory_mb":2,"timestamp":"2026-04-10 06:07:08"}
[2026-04-10 06:07:08] [info] [RID:bb07427278c57b04] API routing detected | {"version":"v1","route":"/public/products","is_versioned":true,"request_id":"bb07427278c57b04","memory_mb":2,"timestamp":"2026-04-10 06:07:08"}
[2026-04-10 06:07:08] [info] [RID:bb07427278c57b04] Session config loaded | {"request_id":"bb07427278c57b04","memory_mb":2,"timestamp":"2026-04-10 06:07:08"}
[2026-04-10 06:07:08] [info] [RID:bb07427278c57b04] RedisHelper loaded | {"request_id":"bb07427278c57b04","memory_mb":2,"timestamp":"2026-04-10 06:07:08"}
[2026-04-10 06:07:08] [info] [RID:bb07427278c57b04] RequestContext class loaded | {"request_id":"bb07427278c57b04","memory_mb":2,"timestamp":"2026-04-10 06:07:08"}
[2026-04-10 06:07:08] [info] [RID:bb07427278c57b04] Database connection established | {"request_id":"bb07427278c57b04","memory_mb":2,"timestamp":"2026-04-10 06:07:08"}
[2026-04-10 06:07:08] [info] [RID:bb07427278c57b04] CacheManager initialized | {"request_id":"bb07427278c57b04","memory_mb":2,"timestamp":"2026-04-10 06:07:08"}
[2026-04-10 06:07:08] [info] [RID:bb07427278c57b04] RequestContext created | {"request_id":"bb07427278c57b04","user_id":null,"tenant_id":1,"roles_count":0,"permissions_count":0,"memory_mb":2,"timestamp":"2026-04-10 06:07:08"}
[2026-04-10 06:07:08] [info] [RID:bb07427278c57b04] Redis extension not loaded - Redis disabled | {"request_id":"bb07427278c57b04","memory_mb":2,"timestamp":"2026-04-10 06:07:08"}
[2026-04-10 06:07:08] [warning] [RID:bb07427278c57b04] Rate limiting failed | {"error":"Redis unavailable","request_id":"bb07427278c57b04","memory_mb":2,"timestamp":"2026-04-10 06:07:08"}
[2026-04-10 06:07:08] [info] [RID:bb07427278c57b04] Bootstrap completed successfully | {"memory_usage_mb":2,"peak_memory_mb":2,"auth_method":"none","user_id":null,"tenant_id":1,"api_version":"v1","api_route":"/public/products","request_context":"loaded","cache_enabled":true,"redis_enabled":false,"database_connected":true,"execution_time_ms":5.4,"request_id":"bb07427278c57b04","memory_mb":2,"timestamp":"2026-04-10 06:07:08"}
[2026-04-10 06:07:08] [info] [RID:48e48b5d49e8ab72] Advanced Logger initialized successfully | {"request_id":"48e48b5d49e8ab72","memory_mb":2,"timestamp":"2026-04-10 06:07:08"}
[2026-04-10 06:07:08] [info] [RID:48e48b5d49e8ab72] Bootstrap initializing | {"env":"production","request_id":"48e48b5d49e8ab72","memory_mb":2,"timestamp":"2026-04-10 06:07:08"}
[2026-04-10 06:07:08] [info] [RID:48e48b5d49e8ab72] API routing detected | {"version":"v1","route":"/public/products","is_versioned":true,"request_id":"48e48b5d49e8ab72","memory_mb":2,"timestamp":"2026-04-10 06:07:08"}
[2026-04-10 06:07:08] [info] [RID:48e48b5d49e8ab72] Session config loaded | {"request_id":"48e48b5d49e8ab72","memory_mb":2,"timestamp":"2026-04-10 06:07:08"}
[2026-04-10 06:07:08] [info] [RID:48e48b5d49e8ab72] RedisHelper loaded | {"request_id":"48e48b5d49e8ab72","memory_mb":2,"timestamp":"2026-04-10 06:07:08"}
[2026-04-10 06:07:08] [info] [RID:48e48b5d49e8ab72] RequestContext class loaded | {"request_id":"48e48b5d49e8ab72","memory_mb":2,"timestamp":"2026-04-10 06:07:08"}
[2026-04-10 06:07:08] [info] [RID:48e48b5d49e8ab72] Database connection established | {"request_id":"48e48b5d49e8ab72","memory_mb":2,"timestamp":"2026-04-10 06:07:08"}
[2026-04-10 06:07:08] [info] [RID:48e48b5d49e8ab72] CacheManager initialized | {"request_id":"48e48b5d49e8ab72","memory_mb":2,"timestamp":"2026-04-10 06:07:08"}
[2026-04-10 06:07:08] [info] [RID:48e48b5d49e8ab72] RequestContext created | {"request_id":"48e48b5d49e8ab72","user_id":null,"tenant_id":1,"roles_count":0,"permissions_count":0,"memory_mb":2,"timestamp":"2026-04-10 06:07:08"}
[2026-04-10 06:07:08] [info] [RID:48e48b5d49e8ab72] Redis extension not loaded - Redis disabled | {"request_id":"48e48b5d49e8ab72","memory_mb":2,"timestamp":"2026-04-10 06:07:08"}
[2026-04-10 06:07:08] [warning] [RID:48e48b5d49e8ab72] Rate limiting failed | {"error":"Redis unavailable","request_id":"48e48b5d49e8ab72","memory_mb":2,"timestamp":"2026-04-10 06:07:08"}
[2026-04-10 06:07:08] [info] [RID:48e48b5d49e8ab72] Bootstrap completed successfully | {"memory_usage_mb":2,"peak_memory_mb":2,"auth_method":"none","user_id":null,"tenant_id":1,"api_version":"v1","api_route":"/public/products","request_context":"loaded","cache_enabled":true,"redis_enabled":false,"database_connected":true,"execution_time_ms":4.7,"request_id":"48e48b5d49e8ab72","memory_mb":2,"timestamp":"2026-04-10 06:07:08"}
[2026-04-10 06:07:08] [info] [RID:6ad7f56f4960ed04] Advanced Logger initialized successfully | {"request_id":"6ad7f56f4960ed04","memory_mb":2,"timestamp":"2026-04-10 06:07:08"}
[2026-04-10 06:07:08] [info] [RID:6ad7f56f4960ed04] Bootstrap initializing | {"env":"production","request_id":"6ad7f56f4960ed04","memory_mb":2,"timestamp":"2026-04-10 06:07:08"}
[2026-04-10 06:07:08] [info] [RID:6ad7f56f4960ed04] API routing detected | {"version":"v1","route":"/public/entities","is_versioned":true,"request_id":"6ad7f56f4960ed04","memory_mb":2,"timestamp":"2026-04-10 06:07:08"}
[2026-04-10 06:07:08] [info] [RID:6ad7f56f4960ed04] Session config loaded | {"request_id":"6ad7f56f4960ed04","memory_mb":2,"timestamp":"2026-04-10 06:07:08"}
[2026-04-10 06:07:08] [info] [RID:6ad7f56f4960ed04] RedisHelper loaded | {"request_id":"6ad7f56f4960ed04","memory_mb":2,"timestamp":"2026-04-10 06:07:08"}
[2026-04-10 06:07:08] [info] [RID:6ad7f56f4960ed04] RequestContext class loaded | {"request_id":"6ad7f56f4960ed04","memory_mb":2,"timestamp":"2026-04-10 06:07:08"}
[2026-04-10 06:07:08] [info] [RID:6ad7f56f4960ed04] Database connection established | {"request_id":"6ad7f56f4960ed04","memory_mb":2,"timestamp":"2026-04-10 06:07:08"}
[2026-04-10 06:07:08] [info] [RID:6ad7f56f4960ed04] CacheManager initialized | {"request_id":"6ad7f56f4960ed04","memory_mb":2,"timestamp":"2026-04-10 06:07:08"}
[2026-04-10 06:07:08] [info] [RID:6ad7f56f4960ed04] RequestContext created | {"request_id":"6ad7f56f4960ed04","user_id":null,"tenant_id":1,"roles_count":0,"permissions_count":0,"memory_mb":2,"timestamp":"2026-04-10 06:07:08"}
[2026-04-10 06:07:08] [info] [RID:6ad7f56f4960ed04] Redis extension not loaded - Redis disabled | {"request_id":"6ad7f56f4960ed04","memory_mb":2,"timestamp":"2026-04-10 06:07:08"}
[2026-04-10 06:07:08] [warning] [RID:6ad7f56f4960ed04] Rate limiting failed | {"error":"Redis unavailable","request_id":"6ad7f56f4960ed04","memory_mb":2,"timestamp":"2026-04-10 06:07:08"}
[2026-04-10 06:07:08] [info] [RID:6ad7f56f4960ed04] Bootstrap completed successfully | {"memory_usage_mb":2,"peak_memory_mb":2,"auth_method":"none","user_id":null,"tenant_id":1,"api_version":"v1","api_route":"/public/entities","request_context":"loaded","cache_enabled":true,"redis_enabled":false,"database_connected":true,"execution_time_ms":5.9,"request_id":"6ad7f56f4960ed04","memory_mb":2,"timestamp":"2026-04-10 06:07:08"}
[2026-04-10 06:07:08] [info] [RID:49ac8fab7a8a4f5c] Advanced Logger initialized successfully | {"request_id":"49ac8fab7a8a4f5c","memory_mb":2,"timestamp":"2026-04-10 06:07:08"}
[2026-04-10 06:07:08] [info] [RID:49ac8fab7a8a4f5c] Bootstrap initializing | {"env":"production","request_id":"49ac8fab7a8a4f5c","memory_mb":2,"timestamp":"2026-04-10 06:07:08"}
[2026-04-10 06:07:08] [info] [RID:49ac8fab7a8a4f5c] API routing detected | {"version":"v1","route":"/public/brands","is_versioned":true,"request_id":"49ac8fab7a8a4f5c","memory_mb":2,"timestamp":"2026-04-10 06:07:08"}
[2026-04-10 06:07:08] [info] [RID:49ac8fab7a8a4f5c] Session config loaded | {"request_id":"49ac8fab7a8a4f5c","memory_mb":2,"timestamp":"2026-04-10 06:07:08"}
[2026-04-10 06:07:08] [info] [RID:49ac8fab7a8a4f5c] RedisHelper loaded | {"request_id":"49ac8fab7a8a4f5c","memory_mb":2,"timestamp":"2026-04-10 06:07:08"}
[2026-04-10 06:07:08] [info] [RID:49ac8fab7a8a4f5c] RequestContext class loaded | {"request_id":"49ac8fab7a8a4f5c","memory_mb":2,"timestamp":"2026-04-10 06:07:08"}
[2026-04-10 06:07:08] [info] [RID:49ac8fab7a8a4f5c] Database connection established | {"request_id":"49ac8fab7a8a4f5c","memory_mb":2,"timestamp":"2026-04-10 06:07:08"}
[2026-04-10 06:07:08] [info] [RID:49ac8fab7a8a4f5c] CacheManager initialized | {"request_id":"49ac8fab7a8a4f5c","memory_mb":2,"timestamp":"2026-04-10 06:07:08"}
[2026-04-10 06:07:08] [info] [RID:49ac8fab7a8a4f5c] RequestContext created | {"request_id":"49ac8fab7a8a4f5c","user_id":null,"tenant_id":1,"roles_count":0,"permissions_count":0,"memory_mb":2,"timestamp":"2026-04-10 06:07:08"}
[2026-04-10 06:07:08] [info] [RID:49ac8fab7a8a4f5c] Redis extension not loaded - Redis disabled | {"request_id":"49ac8fab7a8a4f5c","memory_mb":2,"timestamp":"2026-04-10 06:07:08"}
[2026-04-10 06:07:08] [warning] [RID:49ac8fab7a8a4f5c] Rate limiting failed | {"error":"Redis unavailable","request_id":"49ac8fab7a8a4f5c","memory_mb":2,"timestamp":"2026-04-10 06:07:08"}
[2026-04-10 06:07:08] [info] [RID:49ac8fab7a8a4f5c] Bootstrap completed successfully | {"memory_usage_mb":2,"peak_memory_mb":2,"auth_method":"none","user_id":null,"tenant_id":1,"api_version":"v1","api_route":"/public/brands","request_context":"loaded","cache_enabled":true,"redis_enabled":false,"database_connected":true,"execution_time_ms":6.3,"request_id":"49ac8fab7a8a4f5c","memory_mb":2,"timestamp":"2026-04-10 06:07:08"}
[2026-04-10 06:07:08] [info] [RID:6763f4d75cb32c72] Advanced Logger initialized successfully | {"request_id":"6763f4d75cb32c72","memory_mb":2,"timestamp":"2026-04-10 06:07:08"}
[2026-04-10 06:07:08] [info] [RID:6763f4d75cb32c72] Bootstrap initializing | {"env":"production","request_id":"6763f4d75cb32c72","memory_mb":2,"timestamp":"2026-04-10 06:07:08"}
[2026-04-10 06:07:08] [info] [RID:6763f4d75cb32c72] API routing detected | {"version":"v1","route":"/public/auctions","is_versioned":true,"request_id":"6763f4d75cb32c72","memory_mb":2,"timestamp":"2026-04-10 06:07:08"}
[2026-04-10 06:07:08] [info] [RID:6763f4d75cb32c72] Session config loaded | {"request_id":"6763f4d75cb32c72","memory_mb":2,"timestamp":"2026-04-10 06:07:08"}
[2026-04-10 06:07:08] [info] [RID:6763f4d75cb32c72] RedisHelper loaded | {"request_id":"6763f4d75cb32c72","memory_mb":2,"timestamp":"2026-04-10 06:07:08"}
[2026-04-10 06:07:08] [info] [RID:6763f4d75cb32c72] RequestContext class loaded | {"request_id":"6763f4d75cb32c72","memory_mb":2,"timestamp":"2026-04-10 06:07:08"}
[2026-04-10 06:07:08] [info] [RID:6763f4d75cb32c72] Database connection established | {"request_id":"6763f4d75cb32c72","memory_mb":2,"timestamp":"2026-04-10 06:07:08"}
[2026-04-10 06:07:08] [info] [RID:6763f4d75cb32c72] CacheManager initialized | {"request_id":"6763f4d75cb32c72","memory_mb":2,"timestamp":"2026-04-10 06:07:08"}
[2026-04-10 06:07:08] [info] [RID:6763f4d75cb32c72] RequestContext created | {"request_id":"6763f4d75cb32c72","user_id":null,"tenant_id":1,"roles_count":0,"permissions_count":0,"memory_mb":2,"timestamp":"2026-04-10 06:07:08"}
[2026-04-10 06:07:08] [info] [RID:6763f4d75cb32c72] Redis extension not loaded - Redis disabled | {"request_id":"6763f4d75cb32c72","memory_mb":2,"timestamp":"2026-04-10 06:07:08"}
[2026-04-10 06:07:08] [warning] [RID:6763f4d75cb32c72] Rate limiting failed | {"error":"Redis unavailable","request_id":"6763f4d75cb32c72","memory_mb":2,"timestamp":"2026-04-10 06:07:08"}
[2026-04-10 06:07:08] [info] [RID:6763f4d75cb32c72] Bootstrap completed successfully | {"memory_usage_mb":2,"peak_memory_mb":2,"auth_method":"none","user_id":null,"tenant_id":1,"api_version":"v1","api_route":"/public/auctions","request_context":"loaded","cache_enabled":true,"redis_enabled":false,"database_connected":true,"execution_time_ms":5.8,"request_id":"6763f4d75cb32c72","memory_mb":2,"timestamp":"2026-04-10 06:07:08"}
[2026-04-10 06:07:08] [info] [RID:3ad9480ea6190a53] Advanced Logger initialized successfully | {"request_id":"3ad9480ea6190a53","memory_mb":2,"timestamp":"2026-04-10 06:07:08"}
[2026-04-10 06:07:08] [info] [RID:3ad9480ea6190a53] Bootstrap initializing | {"env":"production","request_id":"3ad9480ea6190a53","memory_mb":2,"timestamp":"2026-04-10 06:07:08"}
[2026-04-10 06:07:08] [info] [RID:3ad9480ea6190a53] API routing detected | {"version":"v1","route":"/public/jobs","is_versioned":true,"request_id":"3ad9480ea6190a53","memory_mb":2,"timestamp":"2026-04-10 06:07:08"}
[2026-04-10 06:07:08] [info] [RID:3ad9480ea6190a53] Session config loaded | {"request_id":"3ad9480ea6190a53","memory_mb":2,"timestamp":"2026-04-10 06:07:08"}
[2026-04-10 06:07:08] [info] [RID:3ad9480ea6190a53] RedisHelper loaded | {"request_id":"3ad9480ea6190a53","memory_mb":2,"timestamp":"2026-04-10 06:07:08"}
[2026-04-10 06:07:08] [info] [RID:3ad9480ea6190a53] RequestContext class loaded | {"request_id":"3ad9480ea6190a53","memory_mb":2,"timestamp":"2026-04-10 06:07:08"}
[2026-04-10 06:07:08] [info] [RID:3ad9480ea6190a53] Database connection established | {"request_id":"3ad9480ea6190a53","memory_mb":2,"timestamp":"2026-04-10 06:07:08"}
[2026-04-10 06:07:08] [info] [RID:3ad9480ea6190a53] CacheManager initialized | {"request_id":"3ad9480ea6190a53","memory_mb":2,"timestamp":"2026-04-10 06:07:08"}
[2026-04-10 06:07:08] [info] [RID:3ad9480ea6190a53] RequestContext created | {"request_id":"3ad9480ea6190a53","user_id":null,"tenant_id":1,"roles_count":0,"permissions_count":0,"memory_mb":2,"timestamp":"2026-04-10 06:07:08"}
[2026-04-10 06:07:08] [info] [RID:3ad9480ea6190a53] Redis extension not loaded - Redis disabled | {"request_id":"3ad9480ea6190a53","memory_mb":2,"timestamp":"2026-04-10 06:07:08"}
[2026-04-10 06:07:08] [warning] [RID:3ad9480ea6190a53] Rate limiting failed | {"error":"Redis unavailable","request_id":"3ad9480ea6190a53","memory_mb":2,"timestamp":"2026-04-10 06:07:08"}
[2026-04-10 06:07:08] [info] [RID:3ad9480ea6190a53] Bootstrap completed successfully | {"memory_usage_mb":2,"peak_memory_mb":2,"auth_method":"none","user_id":null,"tenant_id":1,"api_version":"v1","api_route":"/public/jobs","request_context":"loaded","cache_enabled":true,"redis_enabled":false,"database_connected":true,"execution_time_ms":5.2,"request_id":"3ad9480ea6190a53","memory_mb":2,"timestamp":"2026-04-10 06:07:08"}
[2026-04-10 06:07:08] [info] [RID:40510032a2d2911b] Advanced Logger initialized successfully | {"request_id":"40510032a2d2911b","memory_mb":2,"timestamp":"2026-04-10 06:07:08"}
[2026-04-10 06:07:08] [info] [RID:40510032a2d2911b] Bootstrap initializing | {"env":"production","request_id":"40510032a2d2911b","memory_mb":2,"timestamp":"2026-04-10 06:07:08"}
[2026-04-10 06:07:08] [info] [RID:40510032a2d2911b] API routing detected | {"version":"v1","route":"/public/user_devices","is_versioned":true,"request_id":"40510032a2d2911b","memory_mb":2,"timestamp":"2026-04-10 06:07:08"}
[2026-04-10 06:07:08] [info] [RID:40510032a2d2911b] Session config loaded | {"request_id":"40510032a2d2911b","memory_mb":2,"timestamp":"2026-04-10 06:07:08"}
[2026-04-10 06:07:08] [info] [RID:40510032a2d2911b] RedisHelper loaded | {"request_id":"40510032a2d2911b","memory_mb":2,"timestamp":"2026-04-10 06:07:08"}
[2026-04-10 06:07:08] [info] [RID:40510032a2d2911b] RequestContext class loaded | {"request_id":"40510032a2d2911b","memory_mb":2,"timestamp":"2026-04-10 06:07:08"}
[2026-04-10 06:07:08] [info] [RID:40510032a2d2911b] Database connection established | {"request_id":"40510032a2d2911b","memory_mb":2,"timestamp":"2026-04-10 06:07:08"}
[2026-04-10 06:07:08] [info] [RID:40510032a2d2911b] CacheManager initialized | {"request_id":"40510032a2d2911b","memory_mb":2,"timestamp":"2026-04-10 06:07:08"}
[2026-04-10 06:07:08] [info] [RID:40510032a2d2911b] User authenticated via session | {"request_id":"40510032a2d2911b","memory_mb":2,"timestamp":"2026-04-10 06:07:08"}
[2026-04-10 06:07:08] [info] [RID:40510032a2d2911b] Tenant data loaded from DB | {"user_id":7,"tenant_id":1,"request_id":"40510032a2d2911b","memory_mb":2,"timestamp":"2026-04-10 06:07:08"}
[2026-04-10 06:07:08] [info] [RID:40510032a2d2911b] RequestContext created | {"request_id":"40510032a2d2911b","user_id":7,"tenant_id":1,"roles_count":0,"permissions_count":0,"memory_mb":2,"timestamp":"2026-04-10 06:07:08"}
[2026-04-10 06:07:08] [info] [RID:40510032a2d2911b] Redis extension not loaded - Redis disabled | {"request_id":"40510032a2d2911b","memory_mb":2,"timestamp":"2026-04-10 06:07:08"}
[2026-04-10 06:07:08] [warning] [RID:40510032a2d2911b] Rate limiting failed | {"error":"Redis unavailable","request_id":"40510032a2d2911b","memory_mb":2,"timestamp":"2026-04-10 06:07:08"}
[2026-04-10 06:07:08] [info] [RID:40510032a2d2911b] Bootstrap completed successfully | {"memory_usage_mb":2,"peak_memory_mb":2,"auth_method":"session","user_id":7,"tenant_id":1,"api_version":"v1","api_route":"/public/user_devices","request_context":"loaded","cache_enabled":true,"redis_enabled":false,"database_connected":true,"execution_time_ms":11.1,"request_id":"40510032a2d2911b","memory_mb":2,"timestamp":"2026-04-10 06:07:08"}
[2026-04-10 06:12:41] [info] [RID:83661109e5b9ac1b] Advanced Logger initialized successfully | {"request_id":"83661109e5b9ac1b","memory_mb":2,"timestamp":"2026-04-10 06:12:41"}
[2026-04-10 06:12:41] [info] [RID:83661109e5b9ac1b] Bootstrap initializing | {"env":"production","request_id":"83661109e5b9ac1b","memory_mb":2,"timestamp":"2026-04-10 06:12:41"}
[2026-04-10 06:12:41] [info] [RID:83661109e5b9ac1b] API routing detected | {"version":"v1","route":"/auth","is_versioned":true,"request_id":"83661109e5b9ac1b","memory_mb":2,"timestamp":"2026-04-10 06:12:41"}
[2026-04-10 06:12:41] [info] [RID:83661109e5b9ac1b] Session config loaded | {"request_id":"83661109e5b9ac1b","memory_mb":2,"timestamp":"2026-04-10 06:12:41"}
[2026-04-10 06:12:41] [info] [RID:83661109e5b9ac1b] RedisHelper loaded | {"request_id":"83661109e5b9ac1b","memory_mb":2,"timestamp":"2026-04-10 06:12:41"}
[2026-04-10 06:12:41] [info] [RID:83661109e5b9ac1b] RequestContext class loaded | {"request_id":"83661109e5b9ac1b","memory_mb":2,"timestamp":"2026-04-10 06:12:41"}
[2026-04-10 06:12:41] [info] [RID:83661109e5b9ac1b] Database connection established | {"request_id":"83661109e5b9ac1b","memory_mb":2,"timestamp":"2026-04-10 06:12:41"}
[2026-04-10 06:12:41] [info] [RID:83661109e5b9ac1b] CacheManager initialized | {"request_id":"83661109e5b9ac1b","memory_mb":2,"timestamp":"2026-04-10 06:12:41"}
[2026-04-10 06:12:41] [info] [RID:83661109e5b9ac1b] RequestContext created | {"request_id":"83661109e5b9ac1b","user_id":null,"tenant_id":1,"roles_count":0,"permissions_count":0,"memory_mb":2,"timestamp":"2026-04-10 06:12:41"}
[2026-04-10 06:12:41] [info] [RID:83661109e5b9ac1b] Redis extension not loaded - Redis disabled | {"request_id":"83661109e5b9ac1b","memory_mb":2,"timestamp":"2026-04-10 06:12:41"}
[2026-04-10 06:12:41] [warning] [RID:83661109e5b9ac1b] Rate limiting failed | {"error":"Redis unavailable","request_id":"83661109e5b9ac1b","memory_mb":2,"timestamp":"2026-04-10 06:12:41"}
[2026-04-10 06:12:41] [info] [RID:83661109e5b9ac1b] Bootstrap completed successfully | {"memory_usage_mb":2,"peak_memory_mb":2,"auth_method":"none","user_id":null,"tenant_id":1,"api_version":"v1","api_route":"/auth","request_context":"loaded","cache_enabled":true,"redis_enabled":false,"database_connected":true,"execution_time_ms":22,"request_id":"83661109e5b9ac1b","memory_mb":2,"timestamp":"2026-04-10 06:12:41"}
[2026-04-10 06:12:42] [info] [RID:53c521b9a9a194c0] Advanced Logger initialized successfully | {"request_id":"53c521b9a9a194c0","memory_mb":2,"timestamp":"2026-04-10 06:12:42"}
[2026-04-10 06:12:42] [info] [RID:53c521b9a9a194c0] Bootstrap initializing | {"env":"production","request_id":"53c521b9a9a194c0","memory_mb":2,"timestamp":"2026-04-10 06:12:42"}
[2026-04-10 06:12:42] [info] [RID:53c521b9a9a194c0] API routing detected | {"version":"v1","route":"/public/homepage_sections","is_versioned":true,"request_id":"53c521b9a9a194c0","memory_mb":2,"timestamp":"2026-04-10 06:12:42"}
[2026-04-10 06:12:42] [info] [RID:53c521b9a9a194c0] Session config loaded | {"request_id":"53c521b9a9a194c0","memory_mb":2,"timestamp":"2026-04-10 06:12:42"}
[2026-04-10 06:12:42] [info] [RID:53c521b9a9a194c0] RedisHelper loaded | {"request_id":"53c521b9a9a194c0","memory_mb":2,"timestamp":"2026-04-10 06:12:42"}
[2026-04-10 06:12:42] [info] [RID:53c521b9a9a194c0] RequestContext class loaded | {"request_id":"53c521b9a9a194c0","memory_mb":2,"timestamp":"2026-04-10 06:12:42"}
[2026-04-10 06:12:42] [info] [RID:53c521b9a9a194c0] Database connection established | {"request_id":"53c521b9a9a194c0","memory_mb":2,"timestamp":"2026-04-10 06:12:42"}
[2026-04-10 06:12:42] [info] [RID:53c521b9a9a194c0] CacheManager initialized | {"request_id":"53c521b9a9a194c0","memory_mb":2,"timestamp":"2026-04-10 06:12:42"}
[2026-04-10 06:12:42] [info] [RID:53c521b9a9a194c0] RequestContext created | {"request_id":"53c521b9a9a194c0","user_id":null,"tenant_id":1,"roles_count":0,"permissions_count":0,"memory_mb":2,"timestamp":"2026-04-10 06:12:42"}
[2026-04-10 06:12:42] [info] [RID:53c521b9a9a194c0] Redis extension not loaded - Redis disabled | {"request_id":"53c521b9a9a194c0","memory_mb":2,"timestamp":"2026-04-10 06:12:42"}
[2026-04-10 06:12:42] [warning] [RID:53c521b9a9a194c0] Rate limiting failed | {"error":"Redis unavailable","request_id":"53c521b9a9a194c0","memory_mb":2,"timestamp":"2026-04-10 06:12:42"}
[2026-04-10 06:12:42] [info] [RID:53c521b9a9a194c0] Bootstrap completed successfully | {"memory_usage_mb":2,"peak_memory_mb":2,"auth_method":"none","user_id":null,"tenant_id":1,"api_version":"v1","api_route":"/public/homepage_sections","request_context":"loaded","cache_enabled":true,"redis_enabled":false,"database_connected":true,"execution_time_ms":4.6,"request_id":"53c521b9a9a194c0","memory_mb":2,"timestamp":"2026-04-10 06:12:42"}
[2026-04-10 06:12:42] [info] [RID:ff96b7ba7e53aea5] Advanced Logger initialized successfully | {"request_id":"ff96b7ba7e53aea5","memory_mb":2,"timestamp":"2026-04-10 06:12:42"}
[2026-04-10 06:12:42] [info] [RID:ff96b7ba7e53aea5] Bootstrap initializing | {"env":"production","request_id":"ff96b7ba7e53aea5","memory_mb":2,"timestamp":"2026-04-10 06:12:42"}
[2026-04-10 06:12:42] [info] [RID:ff96b7ba7e53aea5] API routing detected | {"version":"v1","route":"/public/ads","is_versioned":true,"request_id":"ff96b7ba7e53aea5","memory_mb":2,"timestamp":"2026-04-10 06:12:42"}
[2026-04-10 06:12:42] [info] [RID:ff96b7ba7e53aea5] Session config loaded | {"request_id":"ff96b7ba7e53aea5","memory_mb":2,"timestamp":"2026-04-10 06:12:42"}
[2026-04-10 06:12:42] [info] [RID:ff96b7ba7e53aea5] RedisHelper loaded | {"request_id":"ff96b7ba7e53aea5","memory_mb":2,"timestamp":"2026-04-10 06:12:42"}
[2026-04-10 06:12:42] [info] [RID:ff96b7ba7e53aea5] RequestContext class loaded | {"request_id":"ff96b7ba7e53aea5","memory_mb":2,"timestamp":"2026-04-10 06:12:42"}
[2026-04-10 06:12:42] [info] [RID:ff96b7ba7e53aea5] Database connection established | {"request_id":"ff96b7ba7e53aea5","memory_mb":2,"timestamp":"2026-04-10 06:12:42"}
[2026-04-10 06:12:42] [info] [RID:ff96b7ba7e53aea5] CacheManager initialized | {"request_id":"ff96b7ba7e53aea5","memory_mb":2,"timestamp":"2026-04-10 06:12:42"}
[2026-04-10 06:12:42] [info] [RID:ff96b7ba7e53aea5] RequestContext created | {"request_id":"ff96b7ba7e53aea5","user_id":null,"tenant_id":1,"roles_count":0,"permissions_count":0,"memory_mb":2,"timestamp":"2026-04-10 06:12:42"}
[2026-04-10 06:12:42] [info] [RID:ff96b7ba7e53aea5] Redis extension not loaded - Redis disabled | {"request_id":"ff96b7ba7e53aea5","memory_mb":2,"timestamp":"2026-04-10 06:12:42"}
[2026-04-10 06:12:42] [warning] [RID:ff96b7ba7e53aea5] Rate limiting failed | {"error":"Redis unavailable","request_id":"ff96b7ba7e53aea5","memory_mb":2,"timestamp":"2026-04-10 06:12:42"}
[2026-04-10 06:12:42] [info] [RID:ff96b7ba7e53aea5] Bootstrap completed successfully | {"memory_usage_mb":2,"peak_memory_mb":2,"auth_method":"none","user_id":null,"tenant_id":1,"api_version":"v1","api_route":"/public/ads","request_context":"loaded","cache_enabled":true,"redis_enabled":false,"database_connected":true,"execution_time_ms":6.2,"request_id":"ff96b7ba7e53aea5","memory_mb":2,"timestamp":"2026-04-10 06:12:42"}
[2026-04-10 06:12:42] [info] [RID:ddf22dedaf2154a0] Advanced Logger initialized successfully | {"request_id":"ddf22dedaf2154a0","memory_mb":2,"timestamp":"2026-04-10 06:12:42"}
[2026-04-10 06:12:42] [info] [RID:ddf22dedaf2154a0] Bootstrap initializing | {"env":"production","request_id":"ddf22dedaf2154a0","memory_mb":2,"timestamp":"2026-04-10 06:12:42"}
[2026-04-10 06:12:42] [info] [RID:ddf22dedaf2154a0] API routing detected | {"version":"v1","route":"/public/categories","is_versioned":true,"request_id":"ddf22dedaf2154a0","memory_mb":2,"timestamp":"2026-04-10 06:12:42"}
[2026-04-10 06:12:42] [info] [RID:ddf22dedaf2154a0] Session config loaded | {"request_id":"ddf22dedaf2154a0","memory_mb":2,"timestamp":"2026-04-10 06:12:42"}
[2026-04-10 06:12:42] [info] [RID:ddf22dedaf2154a0] RedisHelper loaded | {"request_id":"ddf22dedaf2154a0","memory_mb":2,"timestamp":"2026-04-10 06:12:42"}
[2026-04-10 06:12:42] [info] [RID:ddf22dedaf2154a0] RequestContext class loaded | {"request_id":"ddf22dedaf2154a0","memory_mb":2,"timestamp":"2026-04-10 06:12:42"}
[2026-04-10 06:12:42] [info] [RID:ddf22dedaf2154a0] Database connection established | {"request_id":"ddf22dedaf2154a0","memory_mb":2,"timestamp":"2026-04-10 06:12:42"}
[2026-04-10 06:12:42] [info] [RID:ddf22dedaf2154a0] CacheManager initialized | {"request_id":"ddf22dedaf2154a0","memory_mb":2,"timestamp":"2026-04-10 06:12:42"}
[2026-04-10 06:12:42] [info] [RID:ddf22dedaf2154a0] RequestContext created | {"request_id":"ddf22dedaf2154a0","user_id":null,"tenant_id":1,"roles_count":0,"permissions_count":0,"memory_mb":2,"timestamp":"2026-04-10 06:12:42"}
[2026-04-10 06:12:42] [info] [RID:ddf22dedaf2154a0] Redis extension not loaded - Redis disabled | {"request_id":"ddf22dedaf2154a0","memory_mb":2,"timestamp":"2026-04-10 06:12:42"}
[2026-04-10 06:12:42] [warning] [RID:ddf22dedaf2154a0] Rate limiting failed | {"error":"Redis unavailable","request_id":"ddf22dedaf2154a0","memory_mb":2,"timestamp":"2026-04-10 06:12:42"}
[2026-04-10 06:12:42] [info] [RID:ddf22dedaf2154a0] Bootstrap completed successfully | {"memory_usage_mb":2,"peak_memory_mb":2,"auth_method":"none","user_id":null,"tenant_id":1,"api_version":"v1","api_route":"/public/categories","request_context":"loaded","cache_enabled":true,"redis_enabled":false,"database_connected":true,"execution_time_ms":5.6,"request_id":"ddf22dedaf2154a0","memory_mb":2,"timestamp":"2026-04-10 06:12:42"}
[2026-04-10 06:12:42] [info] [RID:8be59f7d38d3ef7d] Advanced Logger initialized successfully | {"request_id":"8be59f7d38d3ef7d","memory_mb":2,"timestamp":"2026-04-10 06:12:42"}
[2026-04-10 06:12:42] [info] [RID:8be59f7d38d3ef7d] Bootstrap initializing | {"env":"production","request_id":"8be59f7d38d3ef7d","memory_mb":2,"timestamp":"2026-04-10 06:12:42"}
[2026-04-10 06:12:42] [info] [RID:8be59f7d38d3ef7d] API routing detected | {"version":"v1","route":"/public/discounts","is_versioned":true,"request_id":"8be59f7d38d3ef7d","memory_mb":2,"timestamp":"2026-04-10 06:12:42"}
[2026-04-10 06:12:42] [info] [RID:8be59f7d38d3ef7d] Session config loaded | {"request_id":"8be59f7d38d3ef7d","memory_mb":2,"timestamp":"2026-04-10 06:12:42"}
[2026-04-10 06:12:42] [info] [RID:8be59f7d38d3ef7d] RedisHelper loaded | {"request_id":"8be59f7d38d3ef7d","memory_mb":2,"timestamp":"2026-04-10 06:12:42"}
[2026-04-10 06:12:42] [info] [RID:8be59f7d38d3ef7d] RequestContext class loaded | {"request_id":"8be59f7d38d3ef7d","memory_mb":2,"timestamp":"2026-04-10 06:12:42"}
[2026-04-10 06:12:42] [info] [RID:8be59f7d38d3ef7d] Database connection established | {"request_id":"8be59f7d38d3ef7d","memory_mb":2,"timestamp":"2026-04-10 06:12:42"}
[2026-04-10 06:12:42] [info] [RID:8be59f7d38d3ef7d] CacheManager initialized | {"request_id":"8be59f7d38d3ef7d","memory_mb":2,"timestamp":"2026-04-10 06:12:42"}
[2026-04-10 06:12:42] [info] [RID:8be59f7d38d3ef7d] RequestContext created | {"request_id":"8be59f7d38d3ef7d","user_id":null,"tenant_id":1,"roles_count":0,"permissions_count":0,"memory_mb":2,"timestamp":"2026-04-10 06:12:42"}
[2026-04-10 06:12:42] [info] [RID:8be59f7d38d3ef7d] Redis extension not loaded - Redis disabled | {"request_id":"8be59f7d38d3ef7d","memory_mb":2,"timestamp":"2026-04-10 06:12:42"}
[2026-04-10 06:12:42] [warning] [RID:8be59f7d38d3ef7d] Rate limiting failed | {"error":"Redis unavailable","request_id":"8be59f7d38d3ef7d","memory_mb":2,"timestamp":"2026-04-10 06:12:42"}
[2026-04-10 06:12:42] [info] [RID:8be59f7d38d3ef7d] Bootstrap completed successfully | {"memory_usage_mb":2,"peak_memory_mb":2,"auth_method":"none","user_id":null,"tenant_id":1,"api_version":"v1","api_route":"/public/discounts","request_context":"loaded","cache_enabled":true,"redis_enabled":false,"database_connected":true,"execution_time_ms":6.4,"request_id":"8be59f7d38d3ef7d","memory_mb":2,"timestamp":"2026-04-10 06:12:42"}
[2026-04-10 06:12:42] [info] [RID:9fb047cd0a628ec6] Advanced Logger initialized successfully | {"request_id":"9fb047cd0a628ec6","memory_mb":2,"timestamp":"2026-04-10 06:12:42"}
[2026-04-10 06:12:42] [info] [RID:9fb047cd0a628ec6] Bootstrap initializing | {"env":"production","request_id":"9fb047cd0a628ec6","memory_mb":2,"timestamp":"2026-04-10 06:12:42"}
[2026-04-10 06:12:42] [info] [RID:9fb047cd0a628ec6] API routing detected | {"version":"v1","route":"/public/products","is_versioned":true,"request_id":"9fb047cd0a628ec6","memory_mb":2,"timestamp":"2026-04-10 06:12:42"}
[2026-04-10 06:12:42] [info] [RID:9fb047cd0a628ec6] Session config loaded | {"request_id":"9fb047cd0a628ec6","memory_mb":2,"timestamp":"2026-04-10 06:12:42"}
[2026-04-10 06:12:42] [info] [RID:9fb047cd0a628ec6] RedisHelper loaded | {"request_id":"9fb047cd0a628ec6","memory_mb":2,"timestamp":"2026-04-10 06:12:42"}
[2026-04-10 06:12:42] [info] [RID:9fb047cd0a628ec6] RequestContext class loaded | {"request_id":"9fb047cd0a628ec6","memory_mb":2,"timestamp":"2026-04-10 06:12:42"}
[2026-04-10 06:12:42] [info] [RID:9fb047cd0a628ec6] Database connection established | {"request_id":"9fb047cd0a628ec6","memory_mb":2,"timestamp":"2026-04-10 06:12:42"}
[2026-04-10 06:12:42] [info] [RID:9fb047cd0a628ec6] CacheManager initialized | {"request_id":"9fb047cd0a628ec6","memory_mb":2,"timestamp":"2026-04-10 06:12:42"}
[2026-04-10 06:12:42] [info] [RID:9fb047cd0a628ec6] RequestContext created | {"request_id":"9fb047cd0a628ec6","user_id":null,"tenant_id":1,"roles_count":0,"permissions_count":0,"memory_mb":2,"timestamp":"2026-04-10 06:12:42"}
[2026-04-10 06:12:42] [info] [RID:9fb047cd0a628ec6] Redis extension not loaded - Redis disabled | {"request_id":"9fb047cd0a628ec6","memory_mb":2,"timestamp":"2026-04-10 06:12:42"}
[2026-04-10 06:12:42] [warning] [RID:9fb047cd0a628ec6] Rate limiting failed | {"error":"Redis unavailable","request_id":"9fb047cd0a628ec6","memory_mb":2,"timestamp":"2026-04-10 06:12:42"}
[2026-04-10 06:12:42] [info] [RID:9fb047cd0a628ec6] Bootstrap completed successfully | {"memory_usage_mb":2,"peak_memory_mb":2,"auth_method":"none","user_id":null,"tenant_id":1,"api_version":"v1","api_route":"/public/products","request_context":"loaded","cache_enabled":true,"redis_enabled":false,"database_connected":true,"execution_time_ms":4.6,"request_id":"9fb047cd0a628ec6","memory_mb":2,"timestamp":"2026-04-10 06:12:42"}
[2026-04-10 06:12:42] [info] [RID:ed8c790c9f88aa57] Advanced Logger initialized successfully | {"request_id":"ed8c790c9f88aa57","memory_mb":2,"timestamp":"2026-04-10 06:12:42"}
[2026-04-10 06:12:42] [info] [RID:ed8c790c9f88aa57] Bootstrap initializing | {"env":"production","request_id":"ed8c790c9f88aa57","memory_mb":2,"timestamp":"2026-04-10 06:12:42"}
[2026-04-10 06:12:42] [info] [RID:ed8c790c9f88aa57] API routing detected | {"version":"v1","route":"/public/products","is_versioned":true,"request_id":"ed8c790c9f88aa57","memory_mb":2,"timestamp":"2026-04-10 06:12:42"}
[2026-04-10 06:12:42] [info] [RID:ed8c790c9f88aa57] Session config loaded | {"request_id":"ed8c790c9f88aa57","memory_mb":2,"timestamp":"2026-04-10 06:12:42"}
[2026-04-10 06:12:42] [info] [RID:ed8c790c9f88aa57] RedisHelper loaded | {"request_id":"ed8c790c9f88aa57","memory_mb":2,"timestamp":"2026-04-10 06:12:42"}
[2026-04-10 06:12:42] [info] [RID:ed8c790c9f88aa57] RequestContext class loaded | {"request_id":"ed8c790c9f88aa57","memory_mb":2,"timestamp":"2026-04-10 06:12:42"}
[2026-04-10 06:12:42] [info] [RID:ed8c790c9f88aa57] Database connection established | {"request_id":"ed8c790c9f88aa57","memory_mb":2,"timestamp":"2026-04-10 06:12:42"}
[2026-04-10 06:12:42] [info] [RID:ed8c790c9f88aa57] CacheManager initialized | {"request_id":"ed8c790c9f88aa57","memory_mb":2,"timestamp":"2026-04-10 06:12:42"}
[2026-04-10 06:12:42] [info] [RID:ed8c790c9f88aa57] RequestContext created | {"request_id":"ed8c790c9f88aa57","user_id":null,"tenant_id":1,"roles_count":0,"permissions_count":0,"memory_mb":2,"timestamp":"2026-04-10 06:12:42"}
[2026-04-10 06:12:42] [info] [RID:ed8c790c9f88aa57] Redis extension not loaded - Redis disabled | {"request_id":"ed8c790c9f88aa57","memory_mb":2,"timestamp":"2026-04-10 06:12:42"}
[2026-04-10 06:12:42] [warning] [RID:ed8c790c9f88aa57] Rate limiting failed | {"error":"Redis unavailable","request_id":"ed8c790c9f88aa57","memory_mb":2,"timestamp":"2026-04-10 06:12:42"}
[2026-04-10 06:12:42] [info] [RID:ed8c790c9f88aa57] Bootstrap completed successfully | {"memory_usage_mb":2,"peak_memory_mb":2,"auth_method":"none","user_id":null,"tenant_id":1,"api_version":"v1","api_route":"/public/products","request_context":"loaded","cache_enabled":true,"redis_enabled":false,"database_connected":true,"execution_time_ms":6.6,"request_id":"ed8c790c9f88aa57","memory_mb":2,"timestamp":"2026-04-10 06:12:42"}
[2026-04-10 06:12:42] [info] [RID:9a7e0d08dff7c870] Advanced Logger initialized successfully | {"request_id":"9a7e0d08dff7c870","memory_mb":2,"timestamp":"2026-04-10 06:12:42"}
[2026-04-10 06:12:42] [info] [RID:9a7e0d08dff7c870] Bootstrap initializing | {"env":"production","request_id":"9a7e0d08dff7c870","memory_mb":2,"timestamp":"2026-04-10 06:12:42"}
[2026-04-10 06:12:42] [info] [RID:9a7e0d08dff7c870] API routing detected | {"version":"v1","route":"/public/entities","is_versioned":true,"request_id":"9a7e0d08dff7c870","memory_mb":2,"timestamp":"2026-04-10 06:12:42"}
[2026-04-10 06:12:42] [info] [RID:9a7e0d08dff7c870] Session config loaded | {"request_id":"9a7e0d08dff7c870","memory_mb":2,"timestamp":"2026-04-10 06:12:42"}
[2026-04-10 06:12:42] [info] [RID:9a7e0d08dff7c870] RedisHelper loaded | {"request_id":"9a7e0d08dff7c870","memory_mb":2,"timestamp":"2026-04-10 06:12:42"}
[2026-04-10 06:12:42] [info] [RID:9a7e0d08dff7c870] RequestContext class loaded | {"request_id":"9a7e0d08dff7c870","memory_mb":2,"timestamp":"2026-04-10 06:12:42"}
[2026-04-10 06:12:42] [info] [RID:9a7e0d08dff7c870] Database connection established | {"request_id":"9a7e0d08dff7c870","memory_mb":2,"timestamp":"2026-04-10 06:12:42"}
[2026-04-10 06:12:42] [info] [RID:9a7e0d08dff7c870] CacheManager initialized | {"request_id":"9a7e0d08dff7c870","memory_mb":2,"timestamp":"2026-04-10 06:12:42"}
[2026-04-10 06:12:42] [info] [RID:9a7e0d08dff7c870] RequestContext created | {"request_id":"9a7e0d08dff7c870","user_id":null,"tenant_id":1,"roles_count":0,"permissions_count":0,"memory_mb":2,"timestamp":"2026-04-10 06:12:42"}
[2026-04-10 06:12:42] [info] [RID:9a7e0d08dff7c870] Redis extension not loaded - Redis disabled | {"request_id":"9a7e0d08dff7c870","memory_mb":2,"timestamp":"2026-04-10 06:12:42"}
[2026-04-10 06:12:42] [warning] [RID:9a7e0d08dff7c870] Rate limiting failed | {"error":"Redis unavailable","request_id":"9a7e0d08dff7c870","memory_mb":2,"timestamp":"2026-04-10 06:12:42"}
[2026-04-10 06:12:42] [info] [RID:9a7e0d08dff7c870] Bootstrap completed successfully | {"memory_usage_mb":2,"peak_memory_mb":2,"auth_method":"none","user_id":null,"tenant_id":1,"api_version":"v1","api_route":"/public/entities","request_context":"loaded","cache_enabled":true,"redis_enabled":false,"database_connected":true,"execution_time_ms":4.4,"request_id":"9a7e0d08dff7c870","memory_mb":2,"timestamp":"2026-04-10 06:12:42"}
[2026-04-10 06:12:42] [info] [RID:4dfb578e3bde00dd] Advanced Logger initialized successfully | {"request_id":"4dfb578e3bde00dd","memory_mb":2,"timestamp":"2026-04-10 06:12:42"}
[2026-04-10 06:12:42] [info] [RID:4dfb578e3bde00dd] Bootstrap initializing | {"env":"production","request_id":"4dfb578e3bde00dd","memory_mb":2,"timestamp":"2026-04-10 06:12:42"}
[2026-04-10 06:12:42] [info] [RID:4dfb578e3bde00dd] API routing detected | {"version":"v1","route":"/public/brands","is_versioned":true,"request_id":"4dfb578e3bde00dd","memory_mb":2,"timestamp":"2026-04-10 06:12:42"}
[2026-04-10 06:12:42] [info] [RID:4dfb578e3bde00dd] Session config loaded | {"request_id":"4dfb578e3bde00dd","memory_mb":2,"timestamp":"2026-04-10 06:12:42"}
[2026-04-10 06:12:42] [info] [RID:4dfb578e3bde00dd] RedisHelper loaded | {"request_id":"4dfb578e3bde00dd","memory_mb":2,"timestamp":"2026-04-10 06:12:42"}
[2026-04-10 06:12:42] [info] [RID:4dfb578e3bde00dd] RequestContext class loaded | {"request_id":"4dfb578e3bde00dd","memory_mb":2,"timestamp":"2026-04-10 06:12:42"}
[2026-04-10 06:12:42] [info] [RID:4dfb578e3bde00dd] Database connection established | {"request_id":"4dfb578e3bde00dd","memory_mb":2,"timestamp":"2026-04-10 06:12:42"}
[2026-04-10 06:12:42] [info] [RID:4dfb578e3bde00dd] CacheManager initialized | {"request_id":"4dfb578e3bde00dd","memory_mb":2,"timestamp":"2026-04-10 06:12:42"}
[2026-04-10 06:12:42] [info] [RID:4dfb578e3bde00dd] RequestContext created | {"request_id":"4dfb578e3bde00dd","user_id":null,"tenant_id":1,"roles_count":0,"permissions_count":0,"memory_mb":2,"timestamp":"2026-04-10 06:12:42"}
[2026-04-10 06:12:42] [info] [RID:4dfb578e3bde00dd] Redis extension not loaded - Redis disabled | {"request_id":"4dfb578e3bde00dd","memory_mb":2,"timestamp":"2026-04-10 06:12:42"}
[2026-04-10 06:12:42] [warning] [RID:4dfb578e3bde00dd] Rate limiting failed | {"error":"Redis unavailable","request_id":"4dfb578e3bde00dd","memory_mb":2,"timestamp":"2026-04-10 06:12:42"}
[2026-04-10 06:12:42] [info] [RID:4dfb578e3bde00dd] Bootstrap completed successfully | {"memory_usage_mb":2,"peak_memory_mb":2,"auth_method":"none","user_id":null,"tenant_id":1,"api_version":"v1","api_route":"/public/brands","request_context":"loaded","cache_enabled":true,"redis_enabled":false,"database_connected":true,"execution_time_ms":5.9,"request_id":"4dfb578e3bde00dd","memory_mb":2,"timestamp":"2026-04-10 06:12:42"}
[2026-04-10 06:12:42] [info] [RID:f19a55fc84366c6b] Advanced Logger initialized successfully | {"request_id":"f19a55fc84366c6b","memory_mb":2,"timestamp":"2026-04-10 06:12:42"}
[2026-04-10 06:12:42] [info] [RID:f19a55fc84366c6b] Bootstrap initializing | {"env":"production","request_id":"f19a55fc84366c6b","memory_mb":2,"timestamp":"2026-04-10 06:12:42"}
[2026-04-10 06:12:42] [info] [RID:f19a55fc84366c6b] API routing detected | {"version":"v1","route":"/public/auctions","is_versioned":true,"request_id":"f19a55fc84366c6b","memory_mb":2,"timestamp":"2026-04-10 06:12:42"}
[2026-04-10 06:12:42] [info] [RID:f19a55fc84366c6b] Session config loaded | {"request_id":"f19a55fc84366c6b","memory_mb":2,"timestamp":"2026-04-10 06:12:42"}
[2026-04-10 06:12:42] [info] [RID:f19a55fc84366c6b] RedisHelper loaded | {"request_id":"f19a55fc84366c6b","memory_mb":2,"timestamp":"2026-04-10 06:12:42"}
[2026-04-10 06:12:42] [info] [RID:f19a55fc84366c6b] RequestContext class loaded | {"request_id":"f19a55fc84366c6b","memory_mb":2,"timestamp":"2026-04-10 06:12:42"}
[2026-04-10 06:12:42] [info] [RID:f19a55fc84366c6b] Database connection established | {"request_id":"f19a55fc84366c6b","memory_mb":2,"timestamp":"2026-04-10 06:12:42"}
[2026-04-10 06:12:42] [info] [RID:f19a55fc84366c6b] CacheManager initialized | {"request_id":"f19a55fc84366c6b","memory_mb":2,"timestamp":"2026-04-10 06:12:42"}
[2026-04-10 06:12:42] [info] [RID:f19a55fc84366c6b] RequestContext created | {"request_id":"f19a55fc84366c6b","user_id":null,"tenant_id":1,"roles_count":0,"permissions_count":0,"memory_mb":2,"timestamp":"2026-04-10 06:12:42"}
[2026-04-10 06:12:42] [info] [RID:f19a55fc84366c6b] Redis extension not loaded - Redis disabled | {"request_id":"f19a55fc84366c6b","memory_mb":2,"timestamp":"2026-04-10 06:12:42"}
[2026-04-10 06:12:42] [warning] [RID:f19a55fc84366c6b] Rate limiting failed | {"error":"Redis unavailable","request_id":"f19a55fc84366c6b","memory_mb":2,"timestamp":"2026-04-10 06:12:42"}
[2026-04-10 06:12:42] [info] [RID:f19a55fc84366c6b] Bootstrap completed successfully | {"memory_usage_mb":2,"peak_memory_mb":2,"auth_method":"none","user_id":null,"tenant_id":1,"api_version":"v1","api_route":"/public/auctions","request_context":"loaded","cache_enabled":true,"redis_enabled":false,"database_connected":true,"execution_time_ms":5.6,"request_id":"f19a55fc84366c6b","memory_mb":2,"timestamp":"2026-04-10 06:12:42"}
[2026-04-10 06:12:42] [info] [RID:6a7d08514dcb5a93] Advanced Logger initialized successfully | {"request_id":"6a7d08514dcb5a93","memory_mb":2,"timestamp":"2026-04-10 06:12:42"}
[2026-04-10 06:12:42] [info] [RID:6a7d08514dcb5a93] Bootstrap initializing | {"env":"production","request_id":"6a7d08514dcb5a93","memory_mb":2,"timestamp":"2026-04-10 06:12:42"}
[2026-04-10 06:12:42] [info] [RID:6a7d08514dcb5a93] API routing detected | {"version":"v1","route":"/public/jobs","is_versioned":true,"request_id":"6a7d08514dcb5a93","memory_mb":2,"timestamp":"2026-04-10 06:12:42"}
[2026-04-10 06:12:42] [info] [RID:6a7d08514dcb5a93] Session config loaded | {"request_id":"6a7d08514dcb5a93","memory_mb":2,"timestamp":"2026-04-10 06:12:42"}
[2026-04-10 06:12:42] [info] [RID:6a7d08514dcb5a93] RedisHelper loaded | {"request_id":"6a7d08514dcb5a93","memory_mb":2,"timestamp":"2026-04-10 06:12:42"}
[2026-04-10 06:12:42] [info] [RID:6a7d08514dcb5a93] RequestContext class loaded | {"request_id":"6a7d08514dcb5a93","memory_mb":2,"timestamp":"2026-04-10 06:12:42"}
[2026-04-10 06:12:42] [info] [RID:6a7d08514dcb5a93] Database connection established | {"request_id":"6a7d08514dcb5a93","memory_mb":2,"timestamp":"2026-04-10 06:12:42"}
[2026-04-10 06:12:42] [info] [RID:6a7d08514dcb5a93] CacheManager initialized | {"request_id":"6a7d08514dcb5a93","memory_mb":2,"timestamp":"2026-04-10 06:12:42"}
[2026-04-10 06:12:42] [info] [RID:6a7d08514dcb5a93] RequestContext created | {"request_id":"6a7d08514dcb5a93","user_id":null,"tenant_id":1,"roles_count":0,"permissions_count":0,"memory_mb":2,"timestamp":"2026-04-10 06:12:42"}
[2026-04-10 06:12:42] [info] [RID:6a7d08514dcb5a93] Redis extension not loaded - Redis disabled | {"request_id":"6a7d08514dcb5a93","memory_mb":2,"timestamp":"2026-04-10 06:12:42"}
[2026-04-10 06:12:42] [warning] [RID:6a7d08514dcb5a93] Rate limiting failed | {"error":"Redis unavailable","request_id":"6a7d08514dcb5a93","memory_mb":2,"timestamp":"2026-04-10 06:12:42"}
[2026-04-10 06:12:42] [info] [RID:6a7d08514dcb5a93] Bootstrap completed successfully | {"memory_usage_mb":2,"peak_memory_mb":2,"auth_method":"none","user_id":null,"tenant_id":1,"api_version":"v1","api_route":"/public/jobs","request_context":"loaded","cache_enabled":true,"redis_enabled":false,"database_connected":true,"execution_time_ms":5.7,"request_id":"6a7d08514dcb5a93","memory_mb":2,"timestamp":"2026-04-10 06:12:42"}
[2026-04-10 06:12:42] [info] [RID:d304a63b8fa3662a] Advanced Logger initialized successfully | {"request_id":"d304a63b8fa3662a","memory_mb":2,"timestamp":"2026-04-10 06:12:42"}
[2026-04-10 06:12:42] [info] [RID:d304a63b8fa3662a] Bootstrap initializing | {"env":"production","request_id":"d304a63b8fa3662a","memory_mb":2,"timestamp":"2026-04-10 06:12:42"}
[2026-04-10 06:12:42] [info] [RID:d304a63b8fa3662a] API routing detected | {"version":"v1","route":"/public/user_devices","is_versioned":true,"request_id":"d304a63b8fa3662a","memory_mb":2,"timestamp":"2026-04-10 06:12:42"}
[2026-04-10 06:12:42] [info] [RID:d304a63b8fa3662a] Session config loaded | {"request_id":"d304a63b8fa3662a","memory_mb":2,"timestamp":"2026-04-10 06:12:42"}
[2026-04-10 06:12:42] [info] [RID:d304a63b8fa3662a] RedisHelper loaded | {"request_id":"d304a63b8fa3662a","memory_mb":2,"timestamp":"2026-04-10 06:12:42"}
[2026-04-10 06:12:42] [info] [RID:d304a63b8fa3662a] RequestContext class loaded | {"request_id":"d304a63b8fa3662a","memory_mb":2,"timestamp":"2026-04-10 06:12:42"}
[2026-04-10 06:12:42] [info] [RID:d304a63b8fa3662a] Database connection established | {"request_id":"d304a63b8fa3662a","memory_mb":2,"timestamp":"2026-04-10 06:12:42"}
[2026-04-10 06:12:42] [info] [RID:d304a63b8fa3662a] CacheManager initialized | {"request_id":"d304a63b8fa3662a","memory_mb":2,"timestamp":"2026-04-10 06:12:42"}
[2026-04-10 06:12:42] [info] [RID:d304a63b8fa3662a] User authenticated via session | {"request_id":"d304a63b8fa3662a","memory_mb":2,"timestamp":"2026-04-10 06:12:42"}
[2026-04-10 06:12:42] [info] [RID:d304a63b8fa3662a] RequestContext created | {"request_id":"d304a63b8fa3662a","user_id":7,"tenant_id":1,"roles_count":1,"permissions_count":28,"memory_mb":2,"timestamp":"2026-04-10 06:12:42"}
[2026-04-10 06:12:42] [info] [RID:d304a63b8fa3662a] Redis extension not loaded - Redis disabled | {"request_id":"d304a63b8fa3662a","memory_mb":2,"timestamp":"2026-04-10 06:12:42"}
[2026-04-10 06:12:42] [warning] [RID:d304a63b8fa3662a] Rate limiting failed | {"error":"Redis unavailable","request_id":"d304a63b8fa3662a","memory_mb":2,"timestamp":"2026-04-10 06:12:42"}
[2026-04-10 06:12:42] [info] [RID:d304a63b8fa3662a] Bootstrap completed successfully | {"memory_usage_mb":2,"peak_memory_mb":2,"auth_method":"session","user_id":7,"tenant_id":1,"api_version":"v1","api_route":"/public/user_devices","request_context":"loaded","cache_enabled":true,"redis_enabled":false,"database_connected":true,"execution_time_ms":4.7,"request_id":"d304a63b8fa3662a","memory_mb":2,"timestamp":"2026-04-10 06:12:42"}
[2026-04-10 06:30:14] [info] [RID:5eb926b8dfea4bdc] Advanced Logger initialized successfully | {"request_id":"5eb926b8dfea4bdc","memory_mb":2,"timestamp":"2026-04-10 06:30:14"}
[2026-04-10 06:30:14] [info] [RID:5eb926b8dfea4bdc] Bootstrap initializing | {"env":"production","request_id":"5eb926b8dfea4bdc","memory_mb":2,"timestamp":"2026-04-10 06:30:14"}
[2026-04-10 06:30:14] [info] [RID:5eb926b8dfea4bdc] API routing detected | {"version":"v1","route":"/public/homepage_sections","is_versioned":true,"request_id":"5eb926b8dfea4bdc","memory_mb":2,"timestamp":"2026-04-10 06:30:14"}
[2026-04-10 06:30:14] [info] [RID:5eb926b8dfea4bdc] Session config loaded | {"request_id":"5eb926b8dfea4bdc","memory_mb":2,"timestamp":"2026-04-10 06:30:14"}
[2026-04-10 06:30:14] [info] [RID:5eb926b8dfea4bdc] RedisHelper loaded | {"request_id":"5eb926b8dfea4bdc","memory_mb":2,"timestamp":"2026-04-10 06:30:14"}
[2026-04-10 06:30:14] [info] [RID:5eb926b8dfea4bdc] RequestContext class loaded | {"request_id":"5eb926b8dfea4bdc","memory_mb":2,"timestamp":"2026-04-10 06:30:14"}
[2026-04-10 06:30:14] [info] [RID:5eb926b8dfea4bdc] Database connection established | {"request_id":"5eb926b8dfea4bdc","memory_mb":2,"timestamp":"2026-04-10 06:30:14"}
[2026-04-10 06:30:14] [info] [RID:5eb926b8dfea4bdc] CacheManager initialized | {"request_id":"5eb926b8dfea4bdc","memory_mb":2,"timestamp":"2026-04-10 06:30:14"}
[2026-04-10 06:30:14] [info] [RID:5eb926b8dfea4bdc] RequestContext created | {"request_id":"5eb926b8dfea4bdc","user_id":null,"tenant_id":1,"roles_count":0,"permissions_count":0,"memory_mb":2,"timestamp":"2026-04-10 06:30:14"}
[2026-04-10 06:30:14] [info] [RID:5eb926b8dfea4bdc] Redis extension not loaded - Redis disabled | {"request_id":"5eb926b8dfea4bdc","memory_mb":2,"timestamp":"2026-04-10 06:30:14"}
[2026-04-10 06:30:14] [warning] [RID:5eb926b8dfea4bdc] Rate limiting failed | {"error":"Redis unavailable","request_id":"5eb926b8dfea4bdc","memory_mb":2,"timestamp":"2026-04-10 06:30:14"}
[2026-04-10 06:30:14] [info] [RID:5eb926b8dfea4bdc] Bootstrap completed successfully | {"memory_usage_mb":2,"peak_memory_mb":2,"auth_method":"none","user_id":null,"tenant_id":1,"api_version":"v1","api_route":"/public/homepage_sections","request_context":"loaded","cache_enabled":true,"redis_enabled":false,"database_connected":true,"execution_time_ms":25.6,"request_id":"5eb926b8dfea4bdc","memory_mb":2,"timestamp":"2026-04-10 06:30:14"}
[2026-04-10 06:30:14] [info] [RID:cd592447118dd4f0] Advanced Logger initialized successfully | {"request_id":"cd592447118dd4f0","memory_mb":2,"timestamp":"2026-04-10 06:30:14"}
[2026-04-10 06:30:14] [info] [RID:cd592447118dd4f0] Bootstrap initializing | {"env":"production","request_id":"cd592447118dd4f0","memory_mb":2,"timestamp":"2026-04-10 06:30:14"}
[2026-04-10 06:30:14] [info] [RID:cd592447118dd4f0] API routing detected | {"version":"v1","route":"/public/ads","is_versioned":true,"request_id":"cd592447118dd4f0","memory_mb":2,"timestamp":"2026-04-10 06:30:14"}
[2026-04-10 06:30:14] [info] [RID:cd592447118dd4f0] Session config loaded | {"request_id":"cd592447118dd4f0","memory_mb":2,"timestamp":"2026-04-10 06:30:14"}
[2026-04-10 06:30:14] [info] [RID:cd592447118dd4f0] RedisHelper loaded | {"request_id":"cd592447118dd4f0","memory_mb":2,"timestamp":"2026-04-10 06:30:14"}
[2026-04-10 06:30:14] [info] [RID:cd592447118dd4f0] RequestContext class loaded | {"request_id":"cd592447118dd4f0","memory_mb":2,"timestamp":"2026-04-10 06:30:14"}
[2026-04-10 06:30:14] [info] [RID:cd592447118dd4f0] Database connection established | {"request_id":"cd592447118dd4f0","memory_mb":2,"timestamp":"2026-04-10 06:30:14"}
[2026-04-10 06:30:14] [info] [RID:cd592447118dd4f0] CacheManager initialized | {"request_id":"cd592447118dd4f0","memory_mb":2,"timestamp":"2026-04-10 06:30:14"}
[2026-04-10 06:30:14] [info] [RID:cd592447118dd4f0] RequestContext created | {"request_id":"cd592447118dd4f0","user_id":null,"tenant_id":1,"roles_count":0,"permissions_count":0,"memory_mb":2,"timestamp":"2026-04-10 06:30:14"}
[2026-04-10 06:30:14] [info] [RID:cd592447118dd4f0] Redis extension not loaded - Redis disabled | {"request_id":"cd592447118dd4f0","memory_mb":2,"timestamp":"2026-04-10 06:30:14"}
[2026-04-10 06:30:14] [warning] [RID:cd592447118dd4f0] Rate limiting failed | {"error":"Redis unavailable","request_id":"cd592447118dd4f0","memory_mb":2,"timestamp":"2026-04-10 06:30:14"}
[2026-04-10 06:30:14] [info] [RID:cd592447118dd4f0] Bootstrap completed successfully | {"memory_usage_mb":2,"peak_memory_mb":2,"auth_method":"none","user_id":null,"tenant_id":1,"api_version":"v1","api_route":"/public/ads","request_context":"loaded","cache_enabled":true,"redis_enabled":false,"database_connected":true,"execution_time_ms":6.8,"request_id":"cd592447118dd4f0","memory_mb":2,"timestamp":"2026-04-10 06:30:14"}
[2026-04-10 06:30:14] [info] [RID:bc54b12ac73446f3] Advanced Logger initialized successfully | {"request_id":"bc54b12ac73446f3","memory_mb":2,"timestamp":"2026-04-10 06:30:14"}
[2026-04-10 06:30:14] [info] [RID:bc54b12ac73446f3] Bootstrap initializing | {"env":"production","request_id":"bc54b12ac73446f3","memory_mb":2,"timestamp":"2026-04-10 06:30:14"}
[2026-04-10 06:30:14] [info] [RID:bc54b12ac73446f3] API routing detected | {"version":"v1","route":"/public/categories","is_versioned":true,"request_id":"bc54b12ac73446f3","memory_mb":2,"timestamp":"2026-04-10 06:30:14"}
[2026-04-10 06:30:14] [info] [RID:bc54b12ac73446f3] Session config loaded | {"request_id":"bc54b12ac73446f3","memory_mb":2,"timestamp":"2026-04-10 06:30:14"}
[2026-04-10 06:30:14] [info] [RID:bc54b12ac73446f3] RedisHelper loaded | {"request_id":"bc54b12ac73446f3","memory_mb":2,"timestamp":"2026-04-10 06:30:14"}
[2026-04-10 06:30:14] [info] [RID:bc54b12ac73446f3] RequestContext class loaded | {"request_id":"bc54b12ac73446f3","memory_mb":2,"timestamp":"2026-04-10 06:30:14"}
[2026-04-10 06:30:14] [info] [RID:bc54b12ac73446f3] Database connection established | {"request_id":"bc54b12ac73446f3","memory_mb":2,"timestamp":"2026-04-10 06:30:14"}
[2026-04-10 06:30:14] [info] [RID:bc54b12ac73446f3] CacheManager initialized | {"request_id":"bc54b12ac73446f3","memory_mb":2,"timestamp":"2026-04-10 06:30:14"}
[2026-04-10 06:30:14] [info] [RID:bc54b12ac73446f3] RequestContext created | {"request_id":"bc54b12ac73446f3","user_id":null,"tenant_id":1,"roles_count":0,"permissions_count":0,"memory_mb":2,"timestamp":"2026-04-10 06:30:14"}
[2026-04-10 06:30:14] [info] [RID:bc54b12ac73446f3] Redis extension not loaded - Redis disabled | {"request_id":"bc54b12ac73446f3","memory_mb":2,"timestamp":"2026-04-10 06:30:14"}
[2026-04-10 06:30:14] [warning] [RID:bc54b12ac73446f3] Rate limiting failed | {"error":"Redis unavailable","request_id":"bc54b12ac73446f3","memory_mb":2,"timestamp":"2026-04-10 06:30:14"}
[2026-04-10 06:30:14] [info] [RID:bc54b12ac73446f3] Bootstrap completed successfully | {"memory_usage_mb":2,"peak_memory_mb":2,"auth_method":"none","user_id":null,"tenant_id":1,"api_version":"v1","api_route":"/public/categories","request_context":"loaded","cache_enabled":true,"redis_enabled":false,"database_connected":true,"execution_time_ms":6.1,"request_id":"bc54b12ac73446f3","memory_mb":2,"timestamp":"2026-04-10 06:30:14"}
[2026-04-10 06:30:14] [info] [RID:0fac7ed59332b918] Advanced Logger initialized successfully | {"request_id":"0fac7ed59332b918","memory_mb":2,"timestamp":"2026-04-10 06:30:14"}
[2026-04-10 06:30:14] [info] [RID:0fac7ed59332b918] Bootstrap initializing | {"env":"production","request_id":"0fac7ed59332b918","memory_mb":2,"timestamp":"2026-04-10 06:30:14"}
[2026-04-10 06:30:14] [info] [RID:0fac7ed59332b918] API routing detected | {"version":"v1","route":"/public/discounts","is_versioned":true,"request_id":"0fac7ed59332b918","memory_mb":2,"timestamp":"2026-04-10 06:30:14"}
[2026-04-10 06:30:14] [info] [RID:0fac7ed59332b918] Session config loaded | {"request_id":"0fac7ed59332b918","memory_mb":2,"timestamp":"2026-04-10 06:30:14"}
[2026-04-10 06:30:14] [info] [RID:0fac7ed59332b918] RedisHelper loaded | {"request_id":"0fac7ed59332b918","memory_mb":2,"timestamp":"2026-04-10 06:30:14"}
[2026-04-10 06:30:14] [info] [RID:0fac7ed59332b918] RequestContext class loaded | {"request_id":"0fac7ed59332b918","memory_mb":2,"timestamp":"2026-04-10 06:30:14"}
[2026-04-10 06:30:14] [info] [RID:0fac7ed59332b918] Database connection established | {"request_id":"0fac7ed59332b918","memory_mb":2,"timestamp":"2026-04-10 06:30:14"}
[2026-04-10 06:30:14] [info] [RID:0fac7ed59332b918] CacheManager initialized | {"request_id":"0fac7ed59332b918","memory_mb":2,"timestamp":"2026-04-10 06:30:14"}
[2026-04-10 06:30:14] [info] [RID:0fac7ed59332b918] RequestContext created | {"request_id":"0fac7ed59332b918","user_id":null,"tenant_id":1,"roles_count":0,"permissions_count":0,"memory_mb":2,"timestamp":"2026-04-10 06:30:14"}
[2026-04-10 06:30:14] [info] [RID:0fac7ed59332b918] Redis extension not loaded - Redis disabled | {"request_id":"0fac7ed59332b918","memory_mb":2,"timestamp":"2026-04-10 06:30:14"}
[2026-04-10 06:30:14] [warning] [RID:0fac7ed59332b918] Rate limiting failed | {"error":"Redis unavailable","request_id":"0fac7ed59332b918","memory_mb":2,"timestamp":"2026-04-10 06:30:14"}
[2026-04-10 06:30:14] [info] [RID:0fac7ed59332b918] Bootstrap completed successfully | {"memory_usage_mb":2,"peak_memory_mb":2,"auth_method":"none","user_id":null,"tenant_id":1,"api_version":"v1","api_route":"/public/discounts","request_context":"loaded","cache_enabled":true,"redis_enabled":false,"database_connected":true,"execution_time_ms":5.4,"request_id":"0fac7ed59332b918","memory_mb":2,"timestamp":"2026-04-10 06:30:14"}
[2026-04-10 06:30:14] [info] [RID:14e710b1f6625ccd] Advanced Logger initialized successfully | {"request_id":"14e710b1f6625ccd","memory_mb":2,"timestamp":"2026-04-10 06:30:14"}
[2026-04-10 06:30:14] [info] [RID:14e710b1f6625ccd] Bootstrap initializing | {"env":"production","request_id":"14e710b1f6625ccd","memory_mb":2,"timestamp":"2026-04-10 06:30:14"}
[2026-04-10 06:30:14] [info] [RID:14e710b1f6625ccd] API routing detected | {"version":"v1","route":"/public/products","is_versioned":true,"request_id":"14e710b1f6625ccd","memory_mb":2,"timestamp":"2026-04-10 06:30:14"}
[2026-04-10 06:30:14] [info] [RID:14e710b1f6625ccd] Session config loaded | {"request_id":"14e710b1f6625ccd","memory_mb":2,"timestamp":"2026-04-10 06:30:14"}
[2026-04-10 06:30:14] [info] [RID:14e710b1f6625ccd] RedisHelper loaded | {"request_id":"14e710b1f6625ccd","memory_mb":2,"timestamp":"2026-04-10 06:30:14"}
[2026-04-10 06:30:14] [info] [RID:14e710b1f6625ccd] RequestContext class loaded | {"request_id":"14e710b1f6625ccd","memory_mb":2,"timestamp":"2026-04-10 06:30:14"}
[2026-04-10 06:30:14] [info] [RID:14e710b1f6625ccd] Database connection established | {"request_id":"14e710b1f6625ccd","memory_mb":2,"timestamp":"2026-04-10 06:30:14"}
[2026-04-10 06:30:14] [info] [RID:14e710b1f6625ccd] CacheManager initialized | {"request_id":"14e710b1f6625ccd","memory_mb":2,"timestamp":"2026-04-10 06:30:14"}
[2026-04-10 06:30:14] [info] [RID:14e710b1f6625ccd] RequestContext created | {"request_id":"14e710b1f6625ccd","user_id":null,"tenant_id":1,"roles_count":0,"permissions_count":0,"memory_mb":2,"timestamp":"2026-04-10 06:30:14"}
[2026-04-10 06:30:14] [info] [RID:14e710b1f6625ccd] Redis extension not loaded - Redis disabled | {"request_id":"14e710b1f6625ccd","memory_mb":2,"timestamp":"2026-04-10 06:30:14"}
[2026-04-10 06:30:14] [warning] [RID:14e710b1f6625ccd] Rate limiting failed | {"error":"Redis unavailable","request_id":"14e710b1f6625ccd","memory_mb":2,"timestamp":"2026-04-10 06:30:14"}
[2026-04-10 06:30:14] [info] [RID:14e710b1f6625ccd] Bootstrap completed successfully | {"memory_usage_mb":2,"peak_memory_mb":2,"auth_method":"none","user_id":null,"tenant_id":1,"api_version":"v1","api_route":"/public/products","request_context":"loaded","cache_enabled":true,"redis_enabled":false,"database_connected":true,"execution_time_ms":6.5,"request_id":"14e710b1f6625ccd","memory_mb":2,"timestamp":"2026-04-10 06:30:14"}
[2026-04-10 06:30:14] [info] [RID:75941763021df6b8] Advanced Logger initialized successfully | {"request_id":"75941763021df6b8","memory_mb":2,"timestamp":"2026-04-10 06:30:14"}
[2026-04-10 06:30:14] [info] [RID:75941763021df6b8] Bootstrap initializing | {"env":"production","request_id":"75941763021df6b8","memory_mb":2,"timestamp":"2026-04-10 06:30:14"}
[2026-04-10 06:30:14] [info] [RID:75941763021df6b8] API routing detected | {"version":"v1","route":"/public/products","is_versioned":true,"request_id":"75941763021df6b8","memory_mb":2,"timestamp":"2026-04-10 06:30:14"}
[2026-04-10 06:30:14] [info] [RID:75941763021df6b8] Session config loaded | {"request_id":"75941763021df6b8","memory_mb":2,"timestamp":"2026-04-10 06:30:14"}
[2026-04-10 06:30:14] [info] [RID:75941763021df6b8] RedisHelper loaded | {"request_id":"75941763021df6b8","memory_mb":2,"timestamp":"2026-04-10 06:30:14"}
[2026-04-10 06:30:14] [info] [RID:75941763021df6b8] RequestContext class loaded | {"request_id":"75941763021df6b8","memory_mb":2,"timestamp":"2026-04-10 06:30:14"}
[2026-04-10 06:30:14] [info] [RID:75941763021df6b8] Database connection established | {"request_id":"75941763021df6b8","memory_mb":2,"timestamp":"2026-04-10 06:30:14"}
[2026-04-10 06:30:14] [info] [RID:75941763021df6b8] CacheManager initialized | {"request_id":"75941763021df6b8","memory_mb":2,"timestamp":"2026-04-10 06:30:14"}
[2026-04-10 06:30:14] [info] [RID:75941763021df6b8] RequestContext created | {"request_id":"75941763021df6b8","user_id":null,"tenant_id":1,"roles_count":0,"permissions_count":0,"memory_mb":2,"timestamp":"2026-04-10 06:30:14"}
[2026-04-10 06:30:14] [info] [RID:75941763021df6b8] Redis extension not loaded - Redis disabled | {"request_id":"75941763021df6b8","memory_mb":2,"timestamp":"2026-04-10 06:30:14"}
[2026-04-10 06:30:14] [warning] [RID:75941763021df6b8] Rate limiting failed | {"error":"Redis unavailable","request_id":"75941763021df6b8","memory_mb":2,"timestamp":"2026-04-10 06:30:14"}
[2026-04-10 06:30:14] [info] [RID:75941763021df6b8] Bootstrap completed successfully | {"memory_usage_mb":2,"peak_memory_mb":2,"auth_method":"none","user_id":null,"tenant_id":1,"api_version":"v1","api_route":"/public/products","request_context":"loaded","cache_enabled":true,"redis_enabled":false,"database_connected":true,"execution_time_ms":6.5,"request_id":"75941763021df6b8","memory_mb":2,"timestamp":"2026-04-10 06:30:14"}
[2026-04-10 06:30:14] [info] [RID:703d3bd3bd9f7f73] Advanced Logger initialized successfully | {"request_id":"703d3bd3bd9f7f73","memory_mb":2,"timestamp":"2026-04-10 06:30:14"}
[2026-04-10 06:30:14] [info] [RID:703d3bd3bd9f7f73] Bootstrap initializing | {"env":"production","request_id":"703d3bd3bd9f7f73","memory_mb":2,"timestamp":"2026-04-10 06:30:14"}
[2026-04-10 06:30:14] [info] [RID:703d3bd3bd9f7f73] API routing detected | {"version":"v1","route":"/public/entities","is_versioned":true,"request_id":"703d3bd3bd9f7f73","memory_mb":2,"timestamp":"2026-04-10 06:30:14"}
[2026-04-10 06:30:14] [info] [RID:703d3bd3bd9f7f73] Session config loaded | {"request_id":"703d3bd3bd9f7f73","memory_mb":2,"timestamp":"2026-04-10 06:30:14"}
[2026-04-10 06:30:14] [info] [RID:703d3bd3bd9f7f73] RedisHelper loaded | {"request_id":"703d3bd3bd9f7f73","memory_mb":2,"timestamp":"2026-04-10 06:30:14"}
[2026-04-10 06:30:14] [info] [RID:703d3bd3bd9f7f73] RequestContext class loaded | {"request_id":"703d3bd3bd9f7f73","memory_mb":2,"timestamp":"2026-04-10 06:30:14"}
[2026-04-10 06:30:14] [info] [RID:703d3bd3bd9f7f73] Database connection established | {"request_id":"703d3bd3bd9f7f73","memory_mb":2,"timestamp":"2026-04-10 06:30:14"}
[2026-04-10 06:30:14] [info] [RID:703d3bd3bd9f7f73] CacheManager initialized | {"request_id":"703d3bd3bd9f7f73","memory_mb":2,"timestamp":"2026-04-10 06:30:14"}
[2026-04-10 06:30:14] [info] [RID:703d3bd3bd9f7f73] RequestContext created | {"request_id":"703d3bd3bd9f7f73","user_id":null,"tenant_id":1,"roles_count":0,"permissions_count":0,"memory_mb":2,"timestamp":"2026-04-10 06:30:14"}
[2026-04-10 06:30:14] [info] [RID:703d3bd3bd9f7f73] Redis extension not loaded - Redis disabled | {"request_id":"703d3bd3bd9f7f73","memory_mb":2,"timestamp":"2026-04-10 06:30:14"}
[2026-04-10 06:30:14] [warning] [RID:703d3bd3bd9f7f73] Rate limiting failed | {"error":"Redis unavailable","request_id":"703d3bd3bd9f7f73","memory_mb":2,"timestamp":"2026-04-10 06:30:14"}
[2026-04-10 06:30:14] [info] [RID:703d3bd3bd9f7f73] Bootstrap completed successfully | {"memory_usage_mb":2,"peak_memory_mb":2,"auth_method":"none","user_id":null,"tenant_id":1,"api_version":"v1","api_route":"/public/entities","request_context":"loaded","cache_enabled":true,"redis_enabled":false,"database_connected":true,"execution_time_ms":5.6,"request_id":"703d3bd3bd9f7f73","memory_mb":2,"timestamp":"2026-04-10 06:30:14"}
[2026-04-10 06:30:14] [info] [RID:9897408e2b89d18a] Advanced Logger initialized successfully | {"request_id":"9897408e2b89d18a","memory_mb":2,"timestamp":"2026-04-10 06:30:14"}
[2026-04-10 06:30:14] [info] [RID:9897408e2b89d18a] Bootstrap initializing | {"env":"production","request_id":"9897408e2b89d18a","memory_mb":2,"timestamp":"2026-04-10 06:30:14"}
[2026-04-10 06:30:14] [info] [RID:9897408e2b89d18a] API routing detected | {"version":"v1","route":"/public/brands","is_versioned":true,"request_id":"9897408e2b89d18a","memory_mb":2,"timestamp":"2026-04-10 06:30:14"}
[2026-04-10 06:30:14] [info] [RID:9897408e2b89d18a] Session config loaded | {"request_id":"9897408e2b89d18a","memory_mb":2,"timestamp":"2026-04-10 06:30:14"}
[2026-04-10 06:30:14] [info] [RID:9897408e2b89d18a] RedisHelper loaded | {"request_id":"9897408e2b89d18a","memory_mb":2,"timestamp":"2026-04-10 06:30:14"}
[2026-04-10 06:30:14] [info] [RID:9897408e2b89d18a] RequestContext class loaded | {"request_id":"9897408e2b89d18a","memory_mb":2,"timestamp":"2026-04-10 06:30:14"}
[2026-04-10 06:30:14] [info] [RID:9897408e2b89d18a] Database connection established | {"request_id":"9897408e2b89d18a","memory_mb":2,"timestamp":"2026-04-10 06:30:14"}
[2026-04-10 06:30:14] [info] [RID:9897408e2b89d18a] CacheManager initialized | {"request_id":"9897408e2b89d18a","memory_mb":2,"timestamp":"2026-04-10 06:30:14"}
[2026-04-10 06:30:14] [info] [RID:9897408e2b89d18a] RequestContext created | {"request_id":"9897408e2b89d18a","user_id":null,"tenant_id":1,"roles_count":0,"permissions_count":0,"memory_mb":2,"timestamp":"2026-04-10 06:30:14"}
[2026-04-10 06:30:14] [info] [RID:9897408e2b89d18a] Redis extension not loaded - Redis disabled | {"request_id":"9897408e2b89d18a","memory_mb":2,"timestamp":"2026-04-10 06:30:14"}
[2026-04-10 06:30:14] [warning] [RID:9897408e2b89d18a] Rate limiting failed | {"error":"Redis unavailable","request_id":"9897408e2b89d18a","memory_mb":2,"timestamp":"2026-04-10 06:30:14"}
[2026-04-10 06:30:14] [info] [RID:9897408e2b89d18a] Bootstrap completed successfully | {"memory_usage_mb":2,"peak_memory_mb":2,"auth_method":"none","user_id":null,"tenant_id":1,"api_version":"v1","api_route":"/public/brands","request_context":"loaded","cache_enabled":true,"redis_enabled":false,"database_connected":true,"execution_time_ms":6.2,"request_id":"9897408e2b89d18a","memory_mb":2,"timestamp":"2026-04-10 06:30:14"}
[2026-04-10 06:30:15] [info] [RID:e9338d6e8cb9d81e] Advanced Logger initialized successfully | {"request_id":"e9338d6e8cb9d81e","memory_mb":2,"timestamp":"2026-04-10 06:30:15"}
[2026-04-10 06:30:15] [info] [RID:e9338d6e8cb9d81e] Bootstrap initializing | {"env":"production","request_id":"e9338d6e8cb9d81e","memory_mb":2,"timestamp":"2026-04-10 06:30:15"}
[2026-04-10 06:30:15] [info] [RID:e9338d6e8cb9d81e] API routing detected | {"version":"v1","route":"/public/auctions","is_versioned":true,"request_id":"e9338d6e8cb9d81e","memory_mb":2,"timestamp":"2026-04-10 06:30:15"}
[2026-04-10 06:30:15] [info] [RID:e9338d6e8cb9d81e] Session config loaded | {"request_id":"e9338d6e8cb9d81e","memory_mb":2,"timestamp":"2026-04-10 06:30:15"}
[2026-04-10 06:30:15] [info] [RID:e9338d6e8cb9d81e] RedisHelper loaded | {"request_id":"e9338d6e8cb9d81e","memory_mb":2,"timestamp":"2026-04-10 06:30:15"}
[2026-04-10 06:30:15] [info] [RID:e9338d6e8cb9d81e] RequestContext class loaded | {"request_id":"e9338d6e8cb9d81e","memory_mb":2,"timestamp":"2026-04-10 06:30:15"}
[2026-04-10 06:30:15] [info] [RID:e9338d6e8cb9d81e] Database connection established | {"request_id":"e9338d6e8cb9d81e","memory_mb":2,"timestamp":"2026-04-10 06:30:15"}
[2026-04-10 06:30:15] [info] [RID:e9338d6e8cb9d81e] CacheManager initialized | {"request_id":"e9338d6e8cb9d81e","memory_mb":2,"timestamp":"2026-04-10 06:30:15"}
[2026-04-10 06:30:15] [info] [RID:e9338d6e8cb9d81e] RequestContext created | {"request_id":"e9338d6e8cb9d81e","user_id":null,"tenant_id":1,"roles_count":0,"permissions_count":0,"memory_mb":2,"timestamp":"2026-04-10 06:30:15"}
[2026-04-10 06:30:15] [info] [RID:e9338d6e8cb9d81e] Redis extension not loaded - Redis disabled | {"request_id":"e9338d6e8cb9d81e","memory_mb":2,"timestamp":"2026-04-10 06:30:15"}
[2026-04-10 06:30:15] [warning] [RID:e9338d6e8cb9d81e] Rate limiting failed | {"error":"Redis unavailable","request_id":"e9338d6e8cb9d81e","memory_mb":2,"timestamp":"2026-04-10 06:30:15"}
[2026-04-10 06:30:15] [info] [RID:e9338d6e8cb9d81e] Bootstrap completed successfully | {"memory_usage_mb":2,"peak_memory_mb":2,"auth_method":"none","user_id":null,"tenant_id":1,"api_version":"v1","api_route":"/public/auctions","request_context":"loaded","cache_enabled":true,"redis_enabled":false,"database_connected":true,"execution_time_ms":6.5,"request_id":"e9338d6e8cb9d81e","memory_mb":2,"timestamp":"2026-04-10 06:30:15"}
[2026-04-10 06:30:15] [info] [RID:2b1a1d3e5be68b38] Advanced Logger initialized successfully | {"request_id":"2b1a1d3e5be68b38","memory_mb":2,"timestamp":"2026-04-10 06:30:15"}
[2026-04-10 06:30:15] [info] [RID:2b1a1d3e5be68b38] Bootstrap initializing | {"env":"production","request_id":"2b1a1d3e5be68b38","memory_mb":2,"timestamp":"2026-04-10 06:30:15"}
[2026-04-10 06:30:15] [info] [RID:2b1a1d3e5be68b38] API routing detected | {"version":"v1","route":"/public/jobs","is_versioned":true,"request_id":"2b1a1d3e5be68b38","memory_mb":2,"timestamp":"2026-04-10 06:30:15"}
[2026-04-10 06:30:15] [info] [RID:2b1a1d3e5be68b38] Session config loaded | {"request_id":"2b1a1d3e5be68b38","memory_mb":2,"timestamp":"2026-04-10 06:30:15"}
[2026-04-10 06:30:15] [info] [RID:2b1a1d3e5be68b38] RedisHelper loaded | {"request_id":"2b1a1d3e5be68b38","memory_mb":2,"timestamp":"2026-04-10 06:30:15"}
[2026-04-10 06:30:15] [info] [RID:2b1a1d3e5be68b38] RequestContext class loaded | {"request_id":"2b1a1d3e5be68b38","memory_mb":2,"timestamp":"2026-04-10 06:30:15"}
[2026-04-10 06:30:15] [info] [RID:2b1a1d3e5be68b38] Database connection established | {"request_id":"2b1a1d3e5be68b38","memory_mb":2,"timestamp":"2026-04-10 06:30:15"}
[2026-04-10 06:30:15] [info] [RID:2b1a1d3e5be68b38] CacheManager initialized | {"request_id":"2b1a1d3e5be68b38","memory_mb":2,"timestamp":"2026-04-10 06:30:15"}
[2026-04-10 06:30:15] [info] [RID:2b1a1d3e5be68b38] RequestContext created | {"request_id":"2b1a1d3e5be68b38","user_id":null,"tenant_id":1,"roles_count":0,"permissions_count":0,"memory_mb":2,"timestamp":"2026-04-10 06:30:15"}
[2026-04-10 06:30:15] [info] [RID:2b1a1d3e5be68b38] Redis extension not loaded - Redis disabled | {"request_id":"2b1a1d3e5be68b38","memory_mb":2,"timestamp":"2026-04-10 06:30:15"}
[2026-04-10 06:30:15] [warning] [RID:2b1a1d3e5be68b38] Rate limiting failed | {"error":"Redis unavailable","request_id":"2b1a1d3e5be68b38","memory_mb":2,"timestamp":"2026-04-10 06:30:15"}
[2026-04-10 06:30:15] [info] [RID:2b1a1d3e5be68b38] Bootstrap completed successfully | {"memory_usage_mb":2,"peak_memory_mb":2,"auth_method":"none","user_id":null,"tenant_id":1,"api_version":"v1","api_route":"/public/jobs","request_context":"loaded","cache_enabled":true,"redis_enabled":false,"database_connected":true,"execution_time_ms":6,"request_id":"2b1a1d3e5be68b38","memory_mb":2,"timestamp":"2026-04-10 06:30:15"}
[2026-04-10 06:30:15] [info] [RID:b2dbab541e82deff] Advanced Logger initialized successfully | {"request_id":"b2dbab541e82deff","memory_mb":2,"timestamp":"2026-04-10 06:30:15"}
[2026-04-10 06:30:15] [info] [RID:b2dbab541e82deff] Bootstrap initializing | {"env":"production","request_id":"b2dbab541e82deff","memory_mb":2,"timestamp":"2026-04-10 06:30:15"}
[2026-04-10 06:30:15] [info] [RID:b2dbab541e82deff] API routing detected | {"version":"v1","route":"/public/user_devices","is_versioned":true,"request_id":"b2dbab541e82deff","memory_mb":2,"timestamp":"2026-04-10 06:30:15"}
[2026-04-10 06:30:15] [info] [RID:b2dbab541e82deff] Session config loaded | {"request_id":"b2dbab541e82deff","memory_mb":2,"timestamp":"2026-04-10 06:30:15"}
[2026-04-10 06:30:15] [info] [RID:b2dbab541e82deff] RedisHelper loaded | {"request_id":"b2dbab541e82deff","memory_mb":2,"timestamp":"2026-04-10 06:30:15"}
[2026-04-10 06:30:15] [info] [RID:b2dbab541e82deff] RequestContext class loaded | {"request_id":"b2dbab541e82deff","memory_mb":2,"timestamp":"2026-04-10 06:30:15"}
[2026-04-10 06:30:15] [info] [RID:b2dbab541e82deff] Database connection established | {"request_id":"b2dbab541e82deff","memory_mb":2,"timestamp":"2026-04-10 06:30:15"}
[2026-04-10 06:30:15] [info] [RID:b2dbab541e82deff] CacheManager initialized | {"request_id":"b2dbab541e82deff","memory_mb":2,"timestamp":"2026-04-10 06:30:15"}
[2026-04-10 06:30:15] [info] [RID:b2dbab541e82deff] User authenticated via session | {"request_id":"b2dbab541e82deff","memory_mb":2,"timestamp":"2026-04-10 06:30:15"}
[2026-04-10 06:30:15] [info] [RID:b2dbab541e82deff] Tenant data loaded from DB | {"user_id":7,"tenant_id":1,"request_id":"b2dbab541e82deff","memory_mb":2,"timestamp":"2026-04-10 06:30:15"}
[2026-04-10 06:30:15] [info] [RID:b2dbab541e82deff] RequestContext created | {"request_id":"b2dbab541e82deff","user_id":7,"tenant_id":1,"roles_count":1,"permissions_count":28,"memory_mb":2,"timestamp":"2026-04-10 06:30:15"}
[2026-04-10 06:30:15] [info] [RID:b2dbab541e82deff] Redis extension not loaded - Redis disabled | {"request_id":"b2dbab541e82deff","memory_mb":2,"timestamp":"2026-04-10 06:30:15"}
[2026-04-10 06:30:15] [warning] [RID:b2dbab541e82deff] Rate limiting failed | {"error":"Redis unavailable","request_id":"b2dbab541e82deff","memory_mb":2,"timestamp":"2026-04-10 06:30:15"}
[2026-04-10 06:30:15] [info] [RID:b2dbab541e82deff] Bootstrap completed successfully | {"memory_usage_mb":2,"peak_memory_mb":2,"auth_method":"session","user_id":7,"tenant_id":1,"api_version":"v1","api_route":"/public/user_devices","request_context":"loaded","cache_enabled":true,"redis_enabled":false,"database_connected":true,"execution_time_ms":8.1,"request_id":"b2dbab541e82deff","memory_mb":2,"timestamp":"2026-04-10 06:30:15"}
[2026-04-10 06:30:26] [info] [RID:23d96eb4fef1f7aa] Advanced Logger initialized successfully | {"request_id":"23d96eb4fef1f7aa","memory_mb":2,"timestamp":"2026-04-10 06:30:26"}
[2026-04-10 06:30:26] [info] [RID:23d96eb4fef1f7aa] Bootstrap initializing | {"env":"production","request_id":"23d96eb4fef1f7aa","memory_mb":2,"timestamp":"2026-04-10 06:30:26"}
[2026-04-10 06:30:26] [info] [RID:23d96eb4fef1f7aa] API routing detected | {"version":"v1","route":"/auth","is_versioned":true,"request_id":"23d96eb4fef1f7aa","memory_mb":2,"timestamp":"2026-04-10 06:30:26"}
[2026-04-10 06:30:26] [info] [RID:23d96eb4fef1f7aa] Session config loaded | {"request_id":"23d96eb4fef1f7aa","memory_mb":2,"timestamp":"2026-04-10 06:30:26"}
[2026-04-10 06:30:26] [info] [RID:23d96eb4fef1f7aa] RedisHelper loaded | {"request_id":"23d96eb4fef1f7aa","memory_mb":2,"timestamp":"2026-04-10 06:30:26"}
[2026-04-10 06:30:26] [info] [RID:23d96eb4fef1f7aa] RequestContext class loaded | {"request_id":"23d96eb4fef1f7aa","memory_mb":2,"timestamp":"2026-04-10 06:30:26"}
[2026-04-10 06:30:26] [info] [RID:23d96eb4fef1f7aa] Database connection established | {"request_id":"23d96eb4fef1f7aa","memory_mb":2,"timestamp":"2026-04-10 06:30:26"}
[2026-04-10 06:30:26] [info] [RID:23d96eb4fef1f7aa] CacheManager initialized | {"request_id":"23d96eb4fef1f7aa","memory_mb":2,"timestamp":"2026-04-10 06:30:26"}
[2026-04-10 06:30:26] [info] [RID:23d96eb4fef1f7aa] RequestContext created | {"request_id":"23d96eb4fef1f7aa","user_id":null,"tenant_id":1,"roles_count":0,"permissions_count":0,"memory_mb":2,"timestamp":"2026-04-10 06:30:26"}
[2026-04-10 06:30:26] [info] [RID:23d96eb4fef1f7aa] Redis extension not loaded - Redis disabled | {"request_id":"23d96eb4fef1f7aa","memory_mb":2,"timestamp":"2026-04-10 06:30:26"}
[2026-04-10 06:30:26] [warning] [RID:23d96eb4fef1f7aa] Rate limiting failed | {"error":"Redis unavailable","request_id":"23d96eb4fef1f7aa","memory_mb":2,"timestamp":"2026-04-10 06:30:26"}
[2026-04-10 06:30:26] [info] [RID:23d96eb4fef1f7aa] Bootstrap completed successfully | {"memory_usage_mb":2,"peak_memory_mb":2,"auth_method":"none","user_id":null,"tenant_id":1,"api_version":"v1","api_route":"/auth","request_context":"loaded","cache_enabled":true,"redis_enabled":false,"database_connected":true,"execution_time_ms":6,"request_id":"23d96eb4fef1f7aa","memory_mb":2,"timestamp":"2026-04-10 06:30:26"}
[2026-04-10 06:30:26] [info] [RID:913c2f83b8064b1d] Advanced Logger initialized successfully | {"request_id":"913c2f83b8064b1d","memory_mb":2,"timestamp":"2026-04-10 06:30:26"}
[2026-04-10 06:30:26] [info] [RID:913c2f83b8064b1d] Bootstrap initializing | {"env":"production","request_id":"913c2f83b8064b1d","memory_mb":2,"timestamp":"2026-04-10 06:30:26"}
[2026-04-10 06:30:26] [info] [RID:913c2f83b8064b1d] API routing detected | {"version":"v1","route":"/public/homepage_sections","is_versioned":true,"request_id":"913c2f83b8064b1d","memory_mb":2,"timestamp":"2026-04-10 06:30:26"}
[2026-04-10 06:30:26] [info] [RID:913c2f83b8064b1d] Session config loaded | {"request_id":"913c2f83b8064b1d","memory_mb":2,"timestamp":"2026-04-10 06:30:26"}
[2026-04-10 06:30:26] [info] [RID:913c2f83b8064b1d] RedisHelper loaded | {"request_id":"913c2f83b8064b1d","memory_mb":2,"timestamp":"2026-04-10 06:30:26"}
[2026-04-10 06:30:26] [info] [RID:913c2f83b8064b1d] RequestContext class loaded | {"request_id":"913c2f83b8064b1d","memory_mb":2,"timestamp":"2026-04-10 06:30:26"}
[2026-04-10 06:30:26] [info] [RID:913c2f83b8064b1d] Database connection established | {"request_id":"913c2f83b8064b1d","memory_mb":2,"timestamp":"2026-04-10 06:30:26"}
[2026-04-10 06:30:26] [info] [RID:913c2f83b8064b1d] CacheManager initialized | {"request_id":"913c2f83b8064b1d","memory_mb":2,"timestamp":"2026-04-10 06:30:26"}
[2026-04-10 06:30:26] [info] [RID:913c2f83b8064b1d] RequestContext created | {"request_id":"913c2f83b8064b1d","user_id":null,"tenant_id":1,"roles_count":0,"permissions_count":0,"memory_mb":2,"timestamp":"2026-04-10 06:30:26"}
[2026-04-10 06:30:26] [info] [RID:913c2f83b8064b1d] Redis extension not loaded - Redis disabled | {"request_id":"913c2f83b8064b1d","memory_mb":2,"timestamp":"2026-04-10 06:30:26"}
[2026-04-10 06:30:26] [warning] [RID:913c2f83b8064b1d] Rate limiting failed | {"error":"Redis unavailable","request_id":"913c2f83b8064b1d","memory_mb":2,"timestamp":"2026-04-10 06:30:26"}
[2026-04-10 06:30:26] [info] [RID:913c2f83b8064b1d] Bootstrap completed successfully | {"memory_usage_mb":2,"peak_memory_mb":2,"auth_method":"none","user_id":null,"tenant_id":1,"api_version":"v1","api_route":"/public/homepage_sections","request_context":"loaded","cache_enabled":true,"redis_enabled":false,"database_connected":true,"execution_time_ms":14.9,"request_id":"913c2f83b8064b1d","memory_mb":2,"timestamp":"2026-04-10 06:30:26"}
[2026-04-10 06:30:26] [info] [RID:266378f58f5a8a78] Advanced Logger initialized successfully | {"request_id":"266378f58f5a8a78","memory_mb":2,"timestamp":"2026-04-10 06:30:26"}
[2026-04-10 06:30:26] [info] [RID:266378f58f5a8a78] Bootstrap initializing | {"env":"production","request_id":"266378f58f5a8a78","memory_mb":2,"timestamp":"2026-04-10 06:30:26"}
[2026-04-10 06:30:26] [info] [RID:266378f58f5a8a78] API routing detected | {"version":"v1","route":"/public/ads","is_versioned":true,"request_id":"266378f58f5a8a78","memory_mb":2,"timestamp":"2026-04-10 06:30:26"}
[2026-04-10 06:30:26] [info] [RID:266378f58f5a8a78] Session config loaded | {"request_id":"266378f58f5a8a78","memory_mb":2,"timestamp":"2026-04-10 06:30:26"}
[2026-04-10 06:30:26] [info] [RID:266378f58f5a8a78] RedisHelper loaded | {"request_id":"266378f58f5a8a78","memory_mb":2,"timestamp":"2026-04-10 06:30:26"}
[2026-04-10 06:30:26] [info] [RID:266378f58f5a8a78] RequestContext class loaded | {"request_id":"266378f58f5a8a78","memory_mb":2,"timestamp":"2026-04-10 06:30:26"}
[2026-04-10 06:30:26] [info] [RID:266378f58f5a8a78] Database connection established | {"request_id":"266378f58f5a8a78","memory_mb":2,"timestamp":"2026-04-10 06:30:26"}
[2026-04-10 06:30:26] [info] [RID:266378f58f5a8a78] CacheManager initialized | {"request_id":"266378f58f5a8a78","memory_mb":2,"timestamp":"2026-04-10 06:30:26"}
[2026-04-10 06:30:26] [info] [RID:266378f58f5a8a78] RequestContext created | {"request_id":"266378f58f5a8a78","user_id":null,"tenant_id":1,"roles_count":0,"permissions_count":0,"memory_mb":2,"timestamp":"2026-04-10 06:30:26"}
[2026-04-10 06:30:26] [info] [RID:266378f58f5a8a78] Redis extension not loaded - Redis disabled | {"request_id":"266378f58f5a8a78","memory_mb":2,"timestamp":"2026-04-10 06:30:26"}
[2026-04-10 06:30:26] [warning] [RID:266378f58f5a8a78] Rate limiting failed | {"error":"Redis unavailable","request_id":"266378f58f5a8a78","memory_mb":2,"timestamp":"2026-04-10 06:30:26"}
[2026-04-10 06:30:26] [info] [RID:266378f58f5a8a78] Bootstrap completed successfully | {"memory_usage_mb":2,"peak_memory_mb":2,"auth_method":"none","user_id":null,"tenant_id":1,"api_version":"v1","api_route":"/public/ads","request_context":"loaded","cache_enabled":true,"redis_enabled":false,"database_connected":true,"execution_time_ms":5.7,"request_id":"266378f58f5a8a78","memory_mb":2,"timestamp":"2026-04-10 06:30:26"}
[2026-04-10 06:30:26] [info] [RID:9f69a94438934e6c] Advanced Logger initialized successfully | {"request_id":"9f69a94438934e6c","memory_mb":2,"timestamp":"2026-04-10 06:30:26"}
[2026-04-10 06:30:26] [info] [RID:9f69a94438934e6c] Bootstrap initializing | {"env":"production","request_id":"9f69a94438934e6c","memory_mb":2,"timestamp":"2026-04-10 06:30:26"}
[2026-04-10 06:30:26] [info] [RID:9f69a94438934e6c] API routing detected | {"version":"v1","route":"/public/categories","is_versioned":true,"request_id":"9f69a94438934e6c","memory_mb":2,"timestamp":"2026-04-10 06:30:26"}
[2026-04-10 06:30:26] [info] [RID:9f69a94438934e6c] Session config loaded | {"request_id":"9f69a94438934e6c","memory_mb":2,"timestamp":"2026-04-10 06:30:26"}
[2026-04-10 06:30:26] [info] [RID:9f69a94438934e6c] RedisHelper loaded | {"request_id":"9f69a94438934e6c","memory_mb":2,"timestamp":"2026-04-10 06:30:26"}
[2026-04-10 06:30:26] [info] [RID:9f69a94438934e6c] RequestContext class loaded | {"request_id":"9f69a94438934e6c","memory_mb":2,"timestamp":"2026-04-10 06:30:26"}
[2026-04-10 06:30:26] [info] [RID:9f69a94438934e6c] Database connection established | {"request_id":"9f69a94438934e6c","memory_mb":2,"timestamp":"2026-04-10 06:30:26"}
[2026-04-10 06:30:26] [info] [RID:9f69a94438934e6c] CacheManager initialized | {"request_id":"9f69a94438934e6c","memory_mb":2,"timestamp":"2026-04-10 06:30:26"}
[2026-04-10 06:30:26] [info] [RID:9f69a94438934e6c] RequestContext created | {"request_id":"9f69a94438934e6c","user_id":null,"tenant_id":1,"roles_count":0,"permissions_count":0,"memory_mb":2,"timestamp":"2026-04-10 06:30:26"}
[2026-04-10 06:30:26] [info] [RID:9f69a94438934e6c] Redis extension not loaded - Redis disabled | {"request_id":"9f69a94438934e6c","memory_mb":2,"timestamp":"2026-04-10 06:30:26"}
[2026-04-10 06:30:26] [warning] [RID:9f69a94438934e6c] Rate limiting failed | {"error":"Redis unavailable","request_id":"9f69a94438934e6c","memory_mb":2,"timestamp":"2026-04-10 06:30:26"}
[2026-04-10 06:30:26] [info] [RID:9f69a94438934e6c] Bootstrap completed successfully | {"memory_usage_mb":2,"peak_memory_mb":2,"auth_method":"none","user_id":null,"tenant_id":1,"api_version":"v1","api_route":"/public/categories","request_context":"loaded","cache_enabled":true,"redis_enabled":false,"database_connected":true,"execution_time_ms":7.7,"request_id":"9f69a94438934e6c","memory_mb":2,"timestamp":"2026-04-10 06:30:26"}
[2026-04-10 06:30:26] [info] [RID:675f452ca4380763] Advanced Logger initialized successfully | {"request_id":"675f452ca4380763","memory_mb":2,"timestamp":"2026-04-10 06:30:26"}
[2026-04-10 06:30:26] [info] [RID:675f452ca4380763] Bootstrap initializing | {"env":"production","request_id":"675f452ca4380763","memory_mb":2,"timestamp":"2026-04-10 06:30:26"}
[2026-04-10 06:30:26] [info] [RID:675f452ca4380763] API routing detected | {"version":"v1","route":"/public/discounts","is_versioned":true,"request_id":"675f452ca4380763","memory_mb":2,"timestamp":"2026-04-10 06:30:26"}
[2026-04-10 06:30:26] [info] [RID:675f452ca4380763] Session config loaded | {"request_id":"675f452ca4380763","memory_mb":2,"timestamp":"2026-04-10 06:30:26"}
[2026-04-10 06:30:26] [info] [RID:675f452ca4380763] RedisHelper loaded | {"request_id":"675f452ca4380763","memory_mb":2,"timestamp":"2026-04-10 06:30:26"}
[2026-04-10 06:30:26] [info] [RID:675f452ca4380763] RequestContext class loaded | {"request_id":"675f452ca4380763","memory_mb":2,"timestamp":"2026-04-10 06:30:26"}
[2026-04-10 06:30:26] [info] [RID:675f452ca4380763] Database connection established | {"request_id":"675f452ca4380763","memory_mb":2,"timestamp":"2026-04-10 06:30:26"}
[2026-04-10 06:30:26] [info] [RID:675f452ca4380763] CacheManager initialized | {"request_id":"675f452ca4380763","memory_mb":2,"timestamp":"2026-04-10 06:30:26"}
[2026-04-10 06:30:26] [info] [RID:675f452ca4380763] RequestContext created | {"request_id":"675f452ca4380763","user_id":null,"tenant_id":1,"roles_count":0,"permissions_count":0,"memory_mb":2,"timestamp":"2026-04-10 06:30:26"}
[2026-04-10 06:30:26] [info] [RID:675f452ca4380763] Redis extension not loaded - Redis disabled | {"request_id":"675f452ca4380763","memory_mb":2,"timestamp":"2026-04-10 06:30:26"}
[2026-04-10 06:30:26] [warning] [RID:675f452ca4380763] Rate limiting failed | {"error":"Redis unavailable","request_id":"675f452ca4380763","memory_mb":2,"timestamp":"2026-04-10 06:30:26"}
[2026-04-10 06:30:26] [info] [RID:675f452ca4380763] Bootstrap completed successfully | {"memory_usage_mb":2,"peak_memory_mb":2,"auth_method":"none","user_id":null,"tenant_id":1,"api_version":"v1","api_route":"/public/discounts","request_context":"loaded","cache_enabled":true,"redis_enabled":false,"database_connected":true,"execution_time_ms":4.8,"request_id":"675f452ca4380763","memory_mb":2,"timestamp":"2026-04-10 06:30:26"}
[2026-04-10 06:30:26] [info] [RID:135eb83a205ce95a] Advanced Logger initialized successfully | {"request_id":"135eb83a205ce95a","memory_mb":2,"timestamp":"2026-04-10 06:30:26"}
[2026-04-10 06:30:26] [info] [RID:f7ca8a07be9ef377] Advanced Logger initialized successfully | {"request_id":"f7ca8a07be9ef377","memory_mb":2,"timestamp":"2026-04-10 06:30:26"}
[2026-04-10 06:30:26] [info] [RID:f7ca8a07be9ef377] Bootstrap initializing | {"env":"production","request_id":"f7ca8a07be9ef377","memory_mb":2,"timestamp":"2026-04-10 06:30:26"}
[2026-04-10 06:30:26] [info] [RID:f7ca8a07be9ef377] API routing detected | {"version":"v1","route":"/public/products","is_versioned":true,"request_id":"f7ca8a07be9ef377","memory_mb":2,"timestamp":"2026-04-10 06:30:26"}
[2026-04-10 06:30:26] [info] [RID:f7ca8a07be9ef377] Session config loaded | {"request_id":"f7ca8a07be9ef377","memory_mb":2,"timestamp":"2026-04-10 06:30:26"}
[2026-04-10 06:30:26] [info] [RID:f7ca8a07be9ef377] RedisHelper loaded | {"request_id":"f7ca8a07be9ef377","memory_mb":2,"timestamp":"2026-04-10 06:30:26"}
[2026-04-10 06:30:26] [info] [RID:f7ca8a07be9ef377] RequestContext class loaded | {"request_id":"f7ca8a07be9ef377","memory_mb":2,"timestamp":"2026-04-10 06:30:26"}
[2026-04-10 06:30:26] [info] [RID:f7ca8a07be9ef377] Database connection established | {"request_id":"f7ca8a07be9ef377","memory_mb":2,"timestamp":"2026-04-10 06:30:26"}
[2026-04-10 06:30:26] [info] [RID:f7ca8a07be9ef377] CacheManager initialized | {"request_id":"f7ca8a07be9ef377","memory_mb":2,"timestamp":"2026-04-10 06:30:26"}
[2026-04-10 06:30:26] [info] [RID:f7ca8a07be9ef377] RequestContext created | {"request_id":"f7ca8a07be9ef377","user_id":null,"tenant_id":1,"roles_count":0,"permissions_count":0,"memory_mb":2,"timestamp":"2026-04-10 06:30:26"}
[2026-04-10 06:30:26] [info] [RID:f7ca8a07be9ef377] Redis extension not loaded - Redis disabled | {"request_id":"f7ca8a07be9ef377","memory_mb":2,"timestamp":"2026-04-10 06:30:26"}
[2026-04-10 06:30:26] [warning] [RID:f7ca8a07be9ef377] Rate limiting failed | {"error":"Redis unavailable","request_id":"f7ca8a07be9ef377","memory_mb":2,"timestamp":"2026-04-10 06:30:26"}
[2026-04-10 06:30:26] [info] [RID:f7ca8a07be9ef377] Bootstrap completed successfully | {"memory_usage_mb":2,"peak_memory_mb":2,"auth_method":"none","user_id":null,"tenant_id":1,"api_version":"v1","api_route":"/public/products","request_context":"loaded","cache_enabled":true,"redis_enabled":false,"database_connected":true,"execution_time_ms":8.3,"request_id":"f7ca8a07be9ef377","memory_mb":2,"timestamp":"2026-04-10 06:30:26"}
[2026-04-10 06:30:26] [info] [RID:a871d889d2d884a5] Advanced Logger initialized successfully | {"request_id":"a871d889d2d884a5","memory_mb":2,"timestamp":"2026-04-10 06:30:26"}
[2026-04-10 06:30:26] [info] [RID:a871d889d2d884a5] Bootstrap initializing | {"env":"production","request_id":"a871d889d2d884a5","memory_mb":2,"timestamp":"2026-04-10 06:30:26"}
[2026-04-10 06:30:26] [info] [RID:a871d889d2d884a5] API routing detected | {"version":"v1","route":"/public/products","is_versioned":true,"request_id":"a871d889d2d884a5","memory_mb":2,"timestamp":"2026-04-10 06:30:26"}
[2026-04-10 06:30:26] [info] [RID:a871d889d2d884a5] Session config loaded | {"request_id":"a871d889d2d884a5","memory_mb":2,"timestamp":"2026-04-10 06:30:26"}
[2026-04-10 06:30:26] [info] [RID:a871d889d2d884a5] RedisHelper loaded | {"request_id":"a871d889d2d884a5","memory_mb":2,"timestamp":"2026-04-10 06:30:26"}
[2026-04-10 06:30:26] [info] [RID:a871d889d2d884a5] RequestContext class loaded | {"request_id":"a871d889d2d884a5","memory_mb":2,"timestamp":"2026-04-10 06:30:26"}
[2026-04-10 06:30:26] [info] [RID:a871d889d2d884a5] Database connection established | {"request_id":"a871d889d2d884a5","memory_mb":2,"timestamp":"2026-04-10 06:30:26"}
[2026-04-10 06:30:26] [info] [RID:a871d889d2d884a5] CacheManager initialized | {"request_id":"a871d889d2d884a5","memory_mb":2,"timestamp":"2026-04-10 06:30:26"}
[2026-04-10 06:30:27] [info] [RID:a871d889d2d884a5] RequestContext created | {"request_id":"a871d889d2d884a5","user_id":null,"tenant_id":1,"roles_count":0,"permissions_count":0,"memory_mb":2,"timestamp":"2026-04-10 06:30:27"}
[2026-04-10 06:30:27] [info] [RID:a871d889d2d884a5] Redis extension not loaded - Redis disabled | {"request_id":"a871d889d2d884a5","memory_mb":2,"timestamp":"2026-04-10 06:30:27"}
[2026-04-10 06:30:27] [warning] [RID:a871d889d2d884a5] Rate limiting failed | {"error":"Redis unavailable","request_id":"a871d889d2d884a5","memory_mb":2,"timestamp":"2026-04-10 06:30:27"}
[2026-04-10 06:30:27] [info] [RID:a871d889d2d884a5] Bootstrap completed successfully | {"memory_usage_mb":2,"peak_memory_mb":2,"auth_method":"none","user_id":null,"tenant_id":1,"api_version":"v1","api_route":"/public/products","request_context":"loaded","cache_enabled":true,"redis_enabled":false,"database_connected":true,"execution_time_ms":6.7,"request_id":"a871d889d2d884a5","memory_mb":2,"timestamp":"2026-04-10 06:30:27"}
[2026-04-10 06:30:27] [info] [RID:d2bae54bbe14e53b] Advanced Logger initialized successfully | {"request_id":"d2bae54bbe14e53b","memory_mb":2,"timestamp":"2026-04-10 06:30:27"}
[2026-04-10 06:30:27] [info] [RID:d2bae54bbe14e53b] Bootstrap initializing | {"env":"production","request_id":"d2bae54bbe14e53b","memory_mb":2,"timestamp":"2026-04-10 06:30:27"}
[2026-04-10 06:30:27] [info] [RID:d2bae54bbe14e53b] API routing detected | {"version":"v1","route":"/public/entities","is_versioned":true,"request_id":"d2bae54bbe14e53b","memory_mb":2,"timestamp":"2026-04-10 06:30:27"}
[2026-04-10 06:30:27] [info] [RID:d2bae54bbe14e53b] Session config loaded | {"request_id":"d2bae54bbe14e53b","memory_mb":2,"timestamp":"2026-04-10 06:30:27"}
[2026-04-10 06:30:27] [info] [RID:d2bae54bbe14e53b] RedisHelper loaded | {"request_id":"d2bae54bbe14e53b","memory_mb":2,"timestamp":"2026-04-10 06:30:27"}
[2026-04-10 06:30:27] [info] [RID:d2bae54bbe14e53b] RequestContext class loaded | {"request_id":"d2bae54bbe14e53b","memory_mb":2,"timestamp":"2026-04-10 06:30:27"}
[2026-04-10 06:30:27] [info] [RID:d2bae54bbe14e53b] Database connection established | {"request_id":"d2bae54bbe14e53b","memory_mb":2,"timestamp":"2026-04-10 06:30:27"}
[2026-04-10 06:30:27] [info] [RID:d2bae54bbe14e53b] CacheManager initialized | {"request_id":"d2bae54bbe14e53b","memory_mb":2,"timestamp":"2026-04-10 06:30:27"}
[2026-04-10 06:30:27] [info] [RID:d2bae54bbe14e53b] RequestContext created | {"request_id":"d2bae54bbe14e53b","user_id":null,"tenant_id":1,"roles_count":0,"permissions_count":0,"memory_mb":2,"timestamp":"2026-04-10 06:30:27"}
[2026-04-10 06:30:27] [info] [RID:d2bae54bbe14e53b] Redis extension not loaded - Redis disabled | {"request_id":"d2bae54bbe14e53b","memory_mb":2,"timestamp":"2026-04-10 06:30:27"}
[2026-04-10 06:30:27] [warning] [RID:d2bae54bbe14e53b] Rate limiting failed | {"error":"Redis unavailable","request_id":"d2bae54bbe14e53b","memory_mb":2,"timestamp":"2026-04-10 06:30:27"}
[2026-04-10 06:30:27] [info] [RID:d2bae54bbe14e53b] Bootstrap completed successfully | {"memory_usage_mb":2,"peak_memory_mb":2,"auth_method":"none","user_id":null,"tenant_id":1,"api_version":"v1","api_route":"/public/entities","request_context":"loaded","cache_enabled":true,"redis_enabled":false,"database_connected":true,"execution_time_ms":5.4,"request_id":"d2bae54bbe14e53b","memory_mb":2,"timestamp":"2026-04-10 06:30:27"}
[2026-04-10 06:30:27] [info] [RID:e76ec1fdb6dd8d8b] Advanced Logger initialized successfully | {"request_id":"e76ec1fdb6dd8d8b","memory_mb":2,"timestamp":"2026-04-10 06:30:27"}
[2026-04-10 06:30:27] [info] [RID:e76ec1fdb6dd8d8b] Bootstrap initializing | {"env":"production","request_id":"e76ec1fdb6dd8d8b","memory_mb":2,"timestamp":"2026-04-10 06:30:27"}
[2026-04-10 06:30:27] [info] [RID:e76ec1fdb6dd8d8b] API routing detected | {"version":"v1","route":"/public/brands","is_versioned":true,"request_id":"e76ec1fdb6dd8d8b","memory_mb":2,"timestamp":"2026-04-10 06:30:27"}
[2026-04-10 06:30:27] [info] [RID:e76ec1fdb6dd8d8b] Session config loaded | {"request_id":"e76ec1fdb6dd8d8b","memory_mb":2,"timestamp":"2026-04-10 06:30:27"}
[2026-04-10 06:30:27] [info] [RID:e76ec1fdb6dd8d8b] RedisHelper loaded | {"request_id":"e76ec1fdb6dd8d8b","memory_mb":2,"timestamp":"2026-04-10 06:30:27"}
[2026-04-10 06:30:27] [info] [RID:e76ec1fdb6dd8d8b] RequestContext class loaded | {"request_id":"e76ec1fdb6dd8d8b","memory_mb":2,"timestamp":"2026-04-10 06:30:27"}
[2026-04-10 06:30:27] [info] [RID:e76ec1fdb6dd8d8b] Database connection established | {"request_id":"e76ec1fdb6dd8d8b","memory_mb":2,"timestamp":"2026-04-10 06:30:27"}
[2026-04-10 06:30:27] [info] [RID:e76ec1fdb6dd8d8b] CacheManager initialized | {"request_id":"e76ec1fdb6dd8d8b","memory_mb":2,"timestamp":"2026-04-10 06:30:27"}
[2026-04-10 06:30:27] [info] [RID:e76ec1fdb6dd8d8b] RequestContext created | {"request_id":"e76ec1fdb6dd8d8b","user_id":null,"tenant_id":1,"roles_count":0,"permissions_count":0,"memory_mb":2,"timestamp":"2026-04-10 06:30:27"}
[2026-04-10 06:30:27] [info] [RID:e76ec1fdb6dd8d8b] Redis extension not loaded - Redis disabled | {"request_id":"e76ec1fdb6dd8d8b","memory_mb":2,"timestamp":"2026-04-10 06:30:27"}
[2026-04-10 06:30:27] [warning] [RID:e76ec1fdb6dd8d8b] Rate limiting failed | {"error":"Redis unavailable","request_id":"e76ec1fdb6dd8d8b","memory_mb":2,"timestamp":"2026-04-10 06:30:27"}
[2026-04-10 06:30:27] [info] [RID:e76ec1fdb6dd8d8b] Bootstrap completed successfully | {"memory_usage_mb":2,"peak_memory_mb":2,"auth_method":"none","user_id":null,"tenant_id":1,"api_version":"v1","api_route":"/public/brands","request_context":"loaded","cache_enabled":true,"redis_enabled":false,"database_connected":true,"execution_time_ms":6.3,"request_id":"e76ec1fdb6dd8d8b","memory_mb":2,"timestamp":"2026-04-10 06:30:27"}
[2026-04-10 06:30:27] [info] [RID:f3be66cf2aaead32] Advanced Logger initialized successfully | {"request_id":"f3be66cf2aaead32","memory_mb":2,"timestamp":"2026-04-10 06:30:27"}
[2026-04-10 06:30:27] [info] [RID:f3be66cf2aaead32] Bootstrap initializing | {"env":"production","request_id":"f3be66cf2aaead32","memory_mb":2,"timestamp":"2026-04-10 06:30:27"}
[2026-04-10 06:30:27] [info] [RID:f3be66cf2aaead32] API routing detected | {"version":"v1","route":"/public/auctions","is_versioned":true,"request_id":"f3be66cf2aaead32","memory_mb":2,"timestamp":"2026-04-10 06:30:27"}
[2026-04-10 06:30:27] [info] [RID:f3be66cf2aaead32] Session config loaded | {"request_id":"f3be66cf2aaead32","memory_mb":2,"timestamp":"2026-04-10 06:30:27"}
[2026-04-10 06:30:27] [info] [RID:f3be66cf2aaead32] RedisHelper loaded | {"request_id":"f3be66cf2aaead32","memory_mb":2,"timestamp":"2026-04-10 06:30:27"}
[2026-04-10 06:30:27] [info] [RID:f3be66cf2aaead32] RequestContext class loaded | {"request_id":"f3be66cf2aaead32","memory_mb":2,"timestamp":"2026-04-10 06:30:27"}
[2026-04-10 06:30:27] [info] [RID:f3be66cf2aaead32] Database connection established | {"request_id":"f3be66cf2aaead32","memory_mb":2,"timestamp":"2026-04-10 06:30:27"}
[2026-04-10 06:30:27] [info] [RID:f3be66cf2aaead32] CacheManager initialized | {"request_id":"f3be66cf2aaead32","memory_mb":2,"timestamp":"2026-04-10 06:30:27"}
[2026-04-10 06:30:27] [info] [RID:f3be66cf2aaead32] RequestContext created | {"request_id":"f3be66cf2aaead32","user_id":null,"tenant_id":1,"roles_count":0,"permissions_count":0,"memory_mb":2,"timestamp":"2026-04-10 06:30:27"}
[2026-04-10 06:30:27] [info] [RID:f3be66cf2aaead32] Redis extension not loaded - Redis disabled | {"request_id":"f3be66cf2aaead32","memory_mb":2,"timestamp":"2026-04-10 06:30:27"}
[2026-04-10 06:30:27] [warning] [RID:f3be66cf2aaead32] Rate limiting failed | {"error":"Redis unavailable","request_id":"f3be66cf2aaead32","memory_mb":2,"timestamp":"2026-04-10 06:30:27"}
[2026-04-10 06:30:27] [info] [RID:f3be66cf2aaead32] Bootstrap completed successfully | {"memory_usage_mb":2,"peak_memory_mb":2,"auth_method":"none","user_id":null,"tenant_id":1,"api_version":"v1","api_route":"/public/auctions","request_context":"loaded","cache_enabled":true,"redis_enabled":false,"database_connected":true,"execution_time_ms":5.1,"request_id":"f3be66cf2aaead32","memory_mb":2,"timestamp":"2026-04-10 06:30:27"}
[2026-04-10 06:30:27] [info] [RID:8e1d17d0ae17b0c3] Advanced Logger initialized successfully | {"request_id":"8e1d17d0ae17b0c3","memory_mb":2,"timestamp":"2026-04-10 06:30:27"}
[2026-04-10 06:30:27] [info] [RID:8e1d17d0ae17b0c3] Bootstrap initializing | {"env":"production","request_id":"8e1d17d0ae17b0c3","memory_mb":2,"timestamp":"2026-04-10 06:30:27"}
[2026-04-10 06:30:27] [info] [RID:8e1d17d0ae17b0c3] API routing detected | {"version":"v1","route":"/public/jobs","is_versioned":true,"request_id":"8e1d17d0ae17b0c3","memory_mb":2,"timestamp":"2026-04-10 06:30:27"}
[2026-04-10 06:30:27] [info] [RID:8e1d17d0ae17b0c3] Session config loaded | {"request_id":"8e1d17d0ae17b0c3","memory_mb":2,"timestamp":"2026-04-10 06:30:27"}
[2026-04-10 06:30:27] [info] [RID:8e1d17d0ae17b0c3] RedisHelper loaded | {"request_id":"8e1d17d0ae17b0c3","memory_mb":2,"timestamp":"2026-04-10 06:30:27"}
[2026-04-10 06:30:27] [info] [RID:8e1d17d0ae17b0c3] RequestContext class loaded | {"request_id":"8e1d17d0ae17b0c3","memory_mb":2,"timestamp":"2026-04-10 06:30:27"}
[2026-04-10 06:30:27] [info] [RID:8e1d17d0ae17b0c3] Database connection established | {"request_id":"8e1d17d0ae17b0c3","memory_mb":2,"timestamp":"2026-04-10 06:30:27"}
[2026-04-10 06:30:27] [info] [RID:8e1d17d0ae17b0c3] CacheManager initialized | {"request_id":"8e1d17d0ae17b0c3","memory_mb":2,"timestamp":"2026-04-10 06:30:27"}
[2026-04-10 06:30:27] [info] [RID:8e1d17d0ae17b0c3] RequestContext created | {"request_id":"8e1d17d0ae17b0c3","user_id":null,"tenant_id":1,"roles_count":0,"permissions_count":0,"memory_mb":2,"timestamp":"2026-04-10 06:30:27"}
[2026-04-10 06:30:27] [info] [RID:8e1d17d0ae17b0c3] Redis extension not loaded - Redis disabled | {"request_id":"8e1d17d0ae17b0c3","memory_mb":2,"timestamp":"2026-04-10 06:30:27"}
[2026-04-10 06:30:27] [warning] [RID:8e1d17d0ae17b0c3] Rate limiting failed | {"error":"Redis unavailable","request_id":"8e1d17d0ae17b0c3","memory_mb":2,"timestamp":"2026-04-10 06:30:27"}
[2026-04-10 06:30:27] [info] [RID:8e1d17d0ae17b0c3] Bootstrap completed successfully | {"memory_usage_mb":2,"peak_memory_mb":2,"auth_method":"none","user_id":null,"tenant_id":1,"api_version":"v1","api_route":"/public/jobs","request_context":"loaded","cache_enabled":true,"redis_enabled":false,"database_connected":true,"execution_time_ms":5.7,"request_id":"8e1d17d0ae17b0c3","memory_mb":2,"timestamp":"2026-04-10 06:30:27"}
[2026-04-10 06:30:26] [info] [RID:135eb83a205ce95a] Bootstrap initializing | {"env":"production","request_id":"135eb83a205ce95a","memory_mb":2,"timestamp":"2026-04-10 06:30:26"}
[2026-04-10 06:30:26] [info] [RID:135eb83a205ce95a] API routing detected | {"version":"v1","route":"/public/categories","is_versioned":true,"request_id":"135eb83a205ce95a","memory_mb":2,"timestamp":"2026-04-10 06:30:26"}
[2026-04-10 06:30:27] [info] [RID:135eb83a205ce95a] Session config loaded | {"request_id":"135eb83a205ce95a","memory_mb":2,"timestamp":"2026-04-10 06:30:27"}
[2026-04-10 06:30:27] [info] [RID:135eb83a205ce95a] RedisHelper loaded | {"request_id":"135eb83a205ce95a","memory_mb":2,"timestamp":"2026-04-10 06:30:27"}
[2026-04-10 06:30:27] [info] [RID:135eb83a205ce95a] RequestContext class loaded | {"request_id":"135eb83a205ce95a","memory_mb":2,"timestamp":"2026-04-10 06:30:27"}
[2026-04-10 06:30:27] [info] [RID:135eb83a205ce95a] Database connection established | {"request_id":"135eb83a205ce95a","memory_mb":2,"timestamp":"2026-04-10 06:30:27"}
[2026-04-10 06:30:27] [info] [RID:135eb83a205ce95a] CacheManager initialized | {"request_id":"135eb83a205ce95a","memory_mb":2,"timestamp":"2026-04-10 06:30:27"}
[2026-04-10 06:30:27] [info] [RID:135eb83a205ce95a] User authenticated via session | {"request_id":"135eb83a205ce95a","memory_mb":2,"timestamp":"2026-04-10 06:30:27"}
[2026-04-10 06:30:27] [info] [RID:135eb83a205ce95a] Tenant data loaded from DB | {"user_id":37,"tenant_id":null,"request_id":"135eb83a205ce95a","memory_mb":2,"timestamp":"2026-04-10 06:30:27"}
[2026-04-10 06:30:27] [warning] [RID:135eb83a205ce95a] No active tenant found for user | {"user_id":37,"request_id":"135eb83a205ce95a","memory_mb":2,"timestamp":"2026-04-10 06:30:27"}
[2026-04-10 06:30:27] [info] [RID:135eb83a205ce95a] RequestContext created | {"request_id":"135eb83a205ce95a","user_id":37,"tenant_id":1,"roles_count":0,"permissions_count":0,"memory_mb":2,"timestamp":"2026-04-10 06:30:27"}
[2026-04-10 06:30:27] [info] [RID:135eb83a205ce95a] Redis extension not loaded - Redis disabled | {"request_id":"135eb83a205ce95a","memory_mb":2,"timestamp":"2026-04-10 06:30:27"}
[2026-04-10 06:30:27] [warning] [RID:135eb83a205ce95a] Rate limiting failed | {"error":"Redis unavailable","request_id":"135eb83a205ce95a","memory_mb":2,"timestamp":"2026-04-10 06:30:27"}
[2026-04-10 06:30:27] [info] [RID:135eb83a205ce95a] Bootstrap completed successfully | {"memory_usage_mb":2,"peak_memory_mb":2,"auth_method":"session","user_id":37,"tenant_id":1,"api_version":"v1","api_route":"/public/categories","request_context":"loaded","cache_enabled":true,"redis_enabled":false,"database_connected":true,"execution_time_ms":273.9,"request_id":"135eb83a205ce95a","memory_mb":2,"timestamp":"2026-04-10 06:30:27"}
[2026-04-10 06:30:27] [info] [RID:728c8254d78e506b] Advanced Logger initialized successfully | {"request_id":"728c8254d78e506b","memory_mb":2,"timestamp":"2026-04-10 06:30:27"}
[2026-04-10 06:30:27] [info] [RID:728c8254d78e506b] Bootstrap initializing | {"env":"production","request_id":"728c8254d78e506b","memory_mb":2,"timestamp":"2026-04-10 06:30:27"}
[2026-04-10 06:30:27] [info] [RID:728c8254d78e506b] API routing detected | {"version":"v1","route":"/public/user_devices","is_versioned":true,"request_id":"728c8254d78e506b","memory_mb":2,"timestamp":"2026-04-10 06:30:27"}
[2026-04-10 06:30:27] [info] [RID:728c8254d78e506b] Session config loaded | {"request_id":"728c8254d78e506b","memory_mb":2,"timestamp":"2026-04-10 06:30:27"}
[2026-04-10 06:30:27] [info] [RID:728c8254d78e506b] RedisHelper loaded | {"request_id":"728c8254d78e506b","memory_mb":2,"timestamp":"2026-04-10 06:30:27"}
[2026-04-10 06:30:27] [info] [RID:728c8254d78e506b] RequestContext class loaded | {"request_id":"728c8254d78e506b","memory_mb":2,"timestamp":"2026-04-10 06:30:27"}
[2026-04-10 06:30:27] [info] [RID:728c8254d78e506b] Database connection established | {"request_id":"728c8254d78e506b","memory_mb":2,"timestamp":"2026-04-10 06:30:27"}
[2026-04-10 06:30:27] [info] [RID:728c8254d78e506b] CacheManager initialized | {"request_id":"728c8254d78e506b","memory_mb":2,"timestamp":"2026-04-10 06:30:27"}
[2026-04-10 06:30:27] [info] [RID:728c8254d78e506b] User authenticated via session | {"request_id":"728c8254d78e506b","memory_mb":2,"timestamp":"2026-04-10 06:30:27"}
[2026-04-10 06:30:27] [info] [RID:728c8254d78e506b] Tenant data loaded from DB | {"user_id":37,"tenant_id":null,"request_id":"728c8254d78e506b","memory_mb":2,"timestamp":"2026-04-10 06:30:27"}
[2026-04-10 06:30:27] [warning] [RID:728c8254d78e506b] No active tenant found for user | {"user_id":37,"request_id":"728c8254d78e506b","memory_mb":2,"timestamp":"2026-04-10 06:30:27"}
[2026-04-10 06:30:27] [info] [RID:728c8254d78e506b] RequestContext created | {"request_id":"728c8254d78e506b","user_id":37,"tenant_id":1,"roles_count":0,"permissions_count":0,"memory_mb":2,"timestamp":"2026-04-10 06:30:27"}
[2026-04-10 06:30:27] [info] [RID:728c8254d78e506b] Redis extension not loaded - Redis disabled | {"request_id":"728c8254d78e506b","memory_mb":2,"timestamp":"2026-04-10 06:30:27"}
[2026-04-10 06:30:27] [warning] [RID:728c8254d78e506b] Rate limiting failed | {"error":"Redis unavailable","request_id":"728c8254d78e506b","memory_mb":2,"timestamp":"2026-04-10 06:30:27"}
[2026-04-10 06:30:27] [info] [RID:728c8254d78e506b] Bootstrap completed successfully | {"memory_usage_mb":2,"peak_memory_mb":2,"auth_method":"session","user_id":37,"tenant_id":1,"api_version":"v1","api_route":"/public/user_devices","request_context":"loaded","cache_enabled":true,"redis_enabled":false,"database_connected":true,"execution_time_ms":5.4,"request_id":"728c8254d78e506b","memory_mb":2,"timestamp":"2026-04-10 06:30:27"}
[2026-04-10 06:30:29] [info] [RID:e7df0b7bb83ec163] Advanced Logger initialized successfully | {"request_id":"e7df0b7bb83ec163","memory_mb":2,"timestamp":"2026-04-10 06:30:29"}
[2026-04-10 06:30:29] [info] [RID:03d8b6c6db1d798c] Advanced Logger initialized successfully | {"request_id":"03d8b6c6db1d798c","memory_mb":2,"timestamp":"2026-04-10 06:30:29"}
[2026-04-10 06:30:29] [info] [RID:e7df0b7bb83ec163] Bootstrap initializing | {"env":"production","request_id":"e7df0b7bb83ec163","memory_mb":2,"timestamp":"2026-04-10 06:30:29"}
[2026-04-10 06:30:29] [info] [RID:e7df0b7bb83ec163] API routing detected | {"version":"v1","route":"/public/brands","is_versioned":true,"request_id":"e7df0b7bb83ec163","memory_mb":2,"timestamp":"2026-04-10 06:30:29"}
[2026-04-10 06:30:29] [info] [RID:e7df0b7bb83ec163] Session config loaded | {"request_id":"e7df0b7bb83ec163","memory_mb":2,"timestamp":"2026-04-10 06:30:29"}
[2026-04-10 06:30:29] [info] [RID:e7df0b7bb83ec163] RedisHelper loaded | {"request_id":"e7df0b7bb83ec163","memory_mb":2,"timestamp":"2026-04-10 06:30:29"}
[2026-04-10 06:30:29] [info] [RID:e7df0b7bb83ec163] RequestContext class loaded | {"request_id":"e7df0b7bb83ec163","memory_mb":2,"timestamp":"2026-04-10 06:30:29"}
[2026-04-10 06:30:29] [info] [RID:e7df0b7bb83ec163] Database connection established | {"request_id":"e7df0b7bb83ec163","memory_mb":2,"timestamp":"2026-04-10 06:30:29"}
[2026-04-10 06:30:29] [info] [RID:e7df0b7bb83ec163] CacheManager initialized | {"request_id":"e7df0b7bb83ec163","memory_mb":2,"timestamp":"2026-04-10 06:30:29"}
[2026-04-10 06:30:29] [info] [RID:e7df0b7bb83ec163] User authenticated via session | {"request_id":"e7df0b7bb83ec163","memory_mb":2,"timestamp":"2026-04-10 06:30:29"}
[2026-04-10 06:30:29] [info] [RID:e7df0b7bb83ec163] Tenant data loaded from DB | {"user_id":37,"tenant_id":null,"request_id":"e7df0b7bb83ec163","memory_mb":2,"timestamp":"2026-04-10 06:30:29"}
[2026-04-10 06:30:29] [warning] [RID:e7df0b7bb83ec163] No active tenant found for user | {"user_id":37,"request_id":"e7df0b7bb83ec163","memory_mb":2,"timestamp":"2026-04-10 06:30:29"}
[2026-04-10 06:30:29] [info] [RID:e7df0b7bb83ec163] RequestContext created | {"request_id":"e7df0b7bb83ec163","user_id":37,"tenant_id":1,"roles_count":0,"permissions_count":0,"memory_mb":2,"timestamp":"2026-04-10 06:30:29"}
[2026-04-10 06:30:29] [info] [RID:e7df0b7bb83ec163] Redis extension not loaded - Redis disabled | {"request_id":"e7df0b7bb83ec163","memory_mb":2,"timestamp":"2026-04-10 06:30:29"}
[2026-04-10 06:30:29] [warning] [RID:e7df0b7bb83ec163] Rate limiting failed | {"error":"Redis unavailable","request_id":"e7df0b7bb83ec163","memory_mb":2,"timestamp":"2026-04-10 06:30:29"}
[2026-04-10 06:30:29] [info] [RID:e7df0b7bb83ec163] Bootstrap completed successfully | {"memory_usage_mb":2,"peak_memory_mb":2,"auth_method":"session","user_id":37,"tenant_id":1,"api_version":"v1","api_route":"/public/brands","request_context":"loaded","cache_enabled":true,"redis_enabled":false,"database_connected":true,"execution_time_ms":4.7,"request_id":"e7df0b7bb83ec163","memory_mb":2,"timestamp":"2026-04-10 06:30:29"}
[2026-04-10 06:30:29] [info] [RID:03d8b6c6db1d798c] Bootstrap initializing | {"env":"production","request_id":"03d8b6c6db1d798c","memory_mb":2,"timestamp":"2026-04-10 06:30:29"}
[2026-04-10 06:30:29] [info] [RID:03d8b6c6db1d798c] API routing detected | {"version":"v1","route":"/public/products","is_versioned":true,"request_id":"03d8b6c6db1d798c","memory_mb":2,"timestamp":"2026-04-10 06:30:29"}
[2026-04-10 06:30:29] [info] [RID:03d8b6c6db1d798c] Session config loaded | {"request_id":"03d8b6c6db1d798c","memory_mb":2,"timestamp":"2026-04-10 06:30:29"}
[2026-04-10 06:30:29] [info] [RID:03d8b6c6db1d798c] RedisHelper loaded | {"request_id":"03d8b6c6db1d798c","memory_mb":2,"timestamp":"2026-04-10 06:30:29"}
[2026-04-10 06:30:29] [info] [RID:03d8b6c6db1d798c] RequestContext class loaded | {"request_id":"03d8b6c6db1d798c","memory_mb":2,"timestamp":"2026-04-10 06:30:29"}
[2026-04-10 06:30:29] [info] [RID:03d8b6c6db1d798c] Database connection established | {"request_id":"03d8b6c6db1d798c","memory_mb":2,"timestamp":"2026-04-10 06:30:29"}
[2026-04-10 06:30:29] [info] [RID:03d8b6c6db1d798c] CacheManager initialized | {"request_id":"03d8b6c6db1d798c","memory_mb":2,"timestamp":"2026-04-10 06:30:29"}
[2026-04-10 06:30:29] [info] [RID:03d8b6c6db1d798c] User authenticated via session | {"request_id":"03d8b6c6db1d798c","memory_mb":2,"timestamp":"2026-04-10 06:30:29"}
[2026-04-10 06:30:29] [info] [RID:03d8b6c6db1d798c] Tenant data loaded from DB | {"user_id":37,"tenant_id":null,"request_id":"03d8b6c6db1d798c","memory_mb":2,"timestamp":"2026-04-10 06:30:29"}
[2026-04-10 06:30:29] [warning] [RID:03d8b6c6db1d798c] No active tenant found for user | {"user_id":37,"request_id":"03d8b6c6db1d798c","memory_mb":2,"timestamp":"2026-04-10 06:30:29"}
[2026-04-10 06:30:29] [info] [RID:03d8b6c6db1d798c] RequestContext created | {"request_id":"03d8b6c6db1d798c","user_id":37,"tenant_id":1,"roles_count":0,"permissions_count":0,"memory_mb":2,"timestamp":"2026-04-10 06:30:29"}
[2026-04-10 06:30:29] [info] [RID:03d8b6c6db1d798c] Redis extension not loaded - Redis disabled | {"request_id":"03d8b6c6db1d798c","memory_mb":2,"timestamp":"2026-04-10 06:30:29"}
[2026-04-10 06:30:29] [warning] [RID:03d8b6c6db1d798c] Rate limiting failed | {"error":"Redis unavailable","request_id":"03d8b6c6db1d798c","memory_mb":2,"timestamp":"2026-04-10 06:30:29"}
[2026-04-10 06:30:29] [info] [RID:03d8b6c6db1d798c] Bootstrap completed successfully | {"memory_usage_mb":2,"peak_memory_mb":2,"auth_method":"session","user_id":37,"tenant_id":1,"api_version":"v1","api_route":"/public/products","request_context":"loaded","cache_enabled":true,"redis_enabled":false,"database_connected":true,"execution_time_ms":8,"request_id":"03d8b6c6db1d798c","memory_mb":2,"timestamp":"2026-04-10 06:30:29"}
[2026-04-10 06:30:35] [info] [RID:35de1399e2156515] Advanced Logger initialized successfully | {"request_id":"35de1399e2156515","memory_mb":2,"timestamp":"2026-04-10 06:30:35"}
[2026-04-10 06:30:35] [info] [RID:35de1399e2156515] Bootstrap initializing | {"env":"production","request_id":"35de1399e2156515","memory_mb":2,"timestamp":"2026-04-10 06:30:35"}
[2026-04-10 06:30:35] [info] [RID:35de1399e2156515] API routing detected | {"version":"v1","route":"/public/homepage_sections","is_versioned":true,"request_id":"35de1399e2156515","memory_mb":2,"timestamp":"2026-04-10 06:30:35"}
[2026-04-10 06:30:35] [info] [RID:35de1399e2156515] Session config loaded | {"request_id":"35de1399e2156515","memory_mb":2,"timestamp":"2026-04-10 06:30:35"}
[2026-04-10 06:30:35] [info] [RID:35de1399e2156515] RedisHelper loaded | {"request_id":"35de1399e2156515","memory_mb":2,"timestamp":"2026-04-10 06:30:35"}
[2026-04-10 06:30:35] [info] [RID:35de1399e2156515] RequestContext class loaded | {"request_id":"35de1399e2156515","memory_mb":2,"timestamp":"2026-04-10 06:30:35"}
[2026-04-10 06:30:35] [info] [RID:35de1399e2156515] Database connection established | {"request_id":"35de1399e2156515","memory_mb":2,"timestamp":"2026-04-10 06:30:35"}
[2026-04-10 06:30:35] [info] [RID:35de1399e2156515] CacheManager initialized | {"request_id":"35de1399e2156515","memory_mb":2,"timestamp":"2026-04-10 06:30:35"}
[2026-04-10 06:30:35] [info] [RID:35de1399e2156515] RequestContext created | {"request_id":"35de1399e2156515","user_id":null,"tenant_id":1,"roles_count":0,"permissions_count":0,"memory_mb":2,"timestamp":"2026-04-10 06:30:35"}
[2026-04-10 06:30:35] [info] [RID:35de1399e2156515] Redis extension not loaded - Redis disabled | {"request_id":"35de1399e2156515","memory_mb":2,"timestamp":"2026-04-10 06:30:35"}
[2026-04-10 06:30:35] [warning] [RID:35de1399e2156515] Rate limiting failed | {"error":"Redis unavailable","request_id":"35de1399e2156515","memory_mb":2,"timestamp":"2026-04-10 06:30:35"}
[2026-04-10 06:30:35] [info] [RID:35de1399e2156515] Bootstrap completed successfully | {"memory_usage_mb":2,"peak_memory_mb":2,"auth_method":"none","user_id":null,"tenant_id":1,"api_version":"v1","api_route":"/public/homepage_sections","request_context":"loaded","cache_enabled":true,"redis_enabled":false,"database_connected":true,"execution_time_ms":28.7,"request_id":"35de1399e2156515","memory_mb":2,"timestamp":"2026-04-10 06:30:35"}
[2026-04-10 06:30:35] [info] [RID:8c66be08c11a270c] Advanced Logger initialized successfully | {"request_id":"8c66be08c11a270c","memory_mb":2,"timestamp":"2026-04-10 06:30:35"}
[2026-04-10 06:30:35] [info] [RID:8c66be08c11a270c] Bootstrap initializing | {"env":"production","request_id":"8c66be08c11a270c","memory_mb":2,"timestamp":"2026-04-10 06:30:35"}
[2026-04-10 06:30:35] [info] [RID:8c66be08c11a270c] API routing detected | {"version":"v1","route":"/public/ads","is_versioned":true,"request_id":"8c66be08c11a270c","memory_mb":2,"timestamp":"2026-04-10 06:30:35"}
[2026-04-10 06:30:35] [info] [RID:8c66be08c11a270c] Session config loaded | {"request_id":"8c66be08c11a270c","memory_mb":2,"timestamp":"2026-04-10 06:30:35"}
[2026-04-10 06:30:35] [info] [RID:8c66be08c11a270c] RedisHelper loaded | {"request_id":"8c66be08c11a270c","memory_mb":2,"timestamp":"2026-04-10 06:30:35"}
[2026-04-10 06:30:35] [info] [RID:8c66be08c11a270c] RequestContext class loaded | {"request_id":"8c66be08c11a270c","memory_mb":2,"timestamp":"2026-04-10 06:30:35"}
[2026-04-10 06:30:35] [info] [RID:8c66be08c11a270c] Database connection established | {"request_id":"8c66be08c11a270c","memory_mb":2,"timestamp":"2026-04-10 06:30:35"}
[2026-04-10 06:30:35] [info] [RID:8c66be08c11a270c] CacheManager initialized | {"request_id":"8c66be08c11a270c","memory_mb":2,"timestamp":"2026-04-10 06:30:35"}
[2026-04-10 06:30:35] [info] [RID:8c66be08c11a270c] RequestContext created | {"request_id":"8c66be08c11a270c","user_id":null,"tenant_id":1,"roles_count":0,"permissions_count":0,"memory_mb":2,"timestamp":"2026-04-10 06:30:35"}
[2026-04-10 06:30:35] [info] [RID:8c66be08c11a270c] Redis extension not loaded - Redis disabled | {"request_id":"8c66be08c11a270c","memory_mb":2,"timestamp":"2026-04-10 06:30:35"}
[2026-04-10 06:30:35] [warning] [RID:8c66be08c11a270c] Rate limiting failed | {"error":"Redis unavailable","request_id":"8c66be08c11a270c","memory_mb":2,"timestamp":"2026-04-10 06:30:35"}
[2026-04-10 06:30:35] [info] [RID:8c66be08c11a270c] Bootstrap completed successfully | {"memory_usage_mb":2,"peak_memory_mb":2,"auth_method":"none","user_id":null,"tenant_id":1,"api_version":"v1","api_route":"/public/ads","request_context":"loaded","cache_enabled":true,"redis_enabled":false,"database_connected":true,"execution_time_ms":7.7,"request_id":"8c66be08c11a270c","memory_mb":2,"timestamp":"2026-04-10 06:30:35"}
[2026-04-10 06:30:35] [info] [RID:fbaf30ceaf061d81] Advanced Logger initialized successfully | {"request_id":"fbaf30ceaf061d81","memory_mb":2,"timestamp":"2026-04-10 06:30:35"}
[2026-04-10 06:30:35] [info] [RID:fbaf30ceaf061d81] Bootstrap initializing | {"env":"production","request_id":"fbaf30ceaf061d81","memory_mb":2,"timestamp":"2026-04-10 06:30:35"}
[2026-04-10 06:30:35] [info] [RID:fbaf30ceaf061d81] API routing detected | {"version":"v1","route":"/public/categories","is_versioned":true,"request_id":"fbaf30ceaf061d81","memory_mb":2,"timestamp":"2026-04-10 06:30:35"}
[2026-04-10 06:30:35] [info] [RID:fbaf30ceaf061d81] Session config loaded | {"request_id":"fbaf30ceaf061d81","memory_mb":2,"timestamp":"2026-04-10 06:30:35"}
[2026-04-10 06:30:35] [info] [RID:fbaf30ceaf061d81] RedisHelper loaded | {"request_id":"fbaf30ceaf061d81","memory_mb":2,"timestamp":"2026-04-10 06:30:35"}
[2026-04-10 06:30:35] [info] [RID:fbaf30ceaf061d81] RequestContext class loaded | {"request_id":"fbaf30ceaf061d81","memory_mb":2,"timestamp":"2026-04-10 06:30:35"}
[2026-04-10 06:30:35] [info] [RID:fbaf30ceaf061d81] Database connection established | {"request_id":"fbaf30ceaf061d81","memory_mb":2,"timestamp":"2026-04-10 06:30:35"}
[2026-04-10 06:30:35] [info] [RID:fbaf30ceaf061d81] CacheManager initialized | {"request_id":"fbaf30ceaf061d81","memory_mb":2,"timestamp":"2026-04-10 06:30:35"}
[2026-04-10 06:30:35] [info] [RID:fbaf30ceaf061d81] RequestContext created | {"request_id":"fbaf30ceaf061d81","user_id":null,"tenant_id":1,"roles_count":0,"permissions_count":0,"memory_mb":2,"timestamp":"2026-04-10 06:30:35"}
[2026-04-10 06:30:35] [info] [RID:fbaf30ceaf061d81] Redis extension not loaded - Redis disabled | {"request_id":"fbaf30ceaf061d81","memory_mb":2,"timestamp":"2026-04-10 06:30:35"}
[2026-04-10 06:30:35] [warning] [RID:fbaf30ceaf061d81] Rate limiting failed | {"error":"Redis unavailable","request_id":"fbaf30ceaf061d81","memory_mb":2,"timestamp":"2026-04-10 06:30:35"}
[2026-04-10 06:30:35] [info] [RID:fbaf30ceaf061d81] Bootstrap completed successfully | {"memory_usage_mb":2,"peak_memory_mb":2,"auth_method":"none","user_id":null,"tenant_id":1,"api_version":"v1","api_route":"/public/categories","request_context":"loaded","cache_enabled":true,"redis_enabled":false,"database_connected":true,"execution_time_ms":23.1,"request_id":"fbaf30ceaf061d81","memory_mb":2,"timestamp":"2026-04-10 06:30:35"}
[2026-04-10 06:30:35] [info] [RID:d274a6594ea6518c] Advanced Logger initialized successfully | {"request_id":"d274a6594ea6518c","memory_mb":2,"timestamp":"2026-04-10 06:30:35"}
[2026-04-10 06:30:35] [info] [RID:d274a6594ea6518c] Bootstrap initializing | {"env":"production","request_id":"d274a6594ea6518c","memory_mb":2,"timestamp":"2026-04-10 06:30:35"}
[2026-04-10 06:30:35] [info] [RID:d274a6594ea6518c] API routing detected | {"version":"v1","route":"/public/discounts","is_versioned":true,"request_id":"d274a6594ea6518c","memory_mb":2,"timestamp":"2026-04-10 06:30:35"}
[2026-04-10 06:30:35] [info] [RID:d274a6594ea6518c] Session config loaded | {"request_id":"d274a6594ea6518c","memory_mb":2,"timestamp":"2026-04-10 06:30:35"}
[2026-04-10 06:30:35] [info] [RID:d274a6594ea6518c] RedisHelper loaded | {"request_id":"d274a6594ea6518c","memory_mb":2,"timestamp":"2026-04-10 06:30:35"}
[2026-04-10 06:30:35] [info] [RID:d274a6594ea6518c] RequestContext class loaded | {"request_id":"d274a6594ea6518c","memory_mb":2,"timestamp":"2026-04-10 06:30:35"}
[2026-04-10 06:30:35] [info] [RID:d274a6594ea6518c] Database connection established | {"request_id":"d274a6594ea6518c","memory_mb":2,"timestamp":"2026-04-10 06:30:35"}
[2026-04-10 06:30:35] [info] [RID:d274a6594ea6518c] CacheManager initialized | {"request_id":"d274a6594ea6518c","memory_mb":2,"timestamp":"2026-04-10 06:30:35"}
[2026-04-10 06:30:35] [info] [RID:d274a6594ea6518c] RequestContext created | {"request_id":"d274a6594ea6518c","user_id":null,"tenant_id":1,"roles_count":0,"permissions_count":0,"memory_mb":2,"timestamp":"2026-04-10 06:30:35"}
[2026-04-10 06:30:35] [info] [RID:d274a6594ea6518c] Redis extension not loaded - Redis disabled | {"request_id":"d274a6594ea6518c","memory_mb":2,"timestamp":"2026-04-10 06:30:35"}
[2026-04-10 06:30:35] [warning] [RID:d274a6594ea6518c] Rate limiting failed | {"error":"Redis unavailable","request_id":"d274a6594ea6518c","memory_mb":2,"timestamp":"2026-04-10 06:30:35"}
[2026-04-10 06:30:35] [info] [RID:d274a6594ea6518c] Bootstrap completed successfully | {"memory_usage_mb":2,"peak_memory_mb":2,"auth_method":"none","user_id":null,"tenant_id":1,"api_version":"v1","api_route":"/public/discounts","request_context":"loaded","cache_enabled":true,"redis_enabled":false,"database_connected":true,"execution_time_ms":4.7,"request_id":"d274a6594ea6518c","memory_mb":2,"timestamp":"2026-04-10 06:30:35"}
[2026-04-10 06:30:35] [info] [RID:ef01d93e034b9ceb] Advanced Logger initialized successfully | {"request_id":"ef01d93e034b9ceb","memory_mb":2,"timestamp":"2026-04-10 06:30:35"}
[2026-04-10 06:30:35] [info] [RID:ef01d93e034b9ceb] Bootstrap initializing | {"env":"production","request_id":"ef01d93e034b9ceb","memory_mb":2,"timestamp":"2026-04-10 06:30:35"}
[2026-04-10 06:30:35] [info] [RID:ef01d93e034b9ceb] API routing detected | {"version":"v1","route":"/public/products","is_versioned":true,"request_id":"ef01d93e034b9ceb","memory_mb":2,"timestamp":"2026-04-10 06:30:35"}
[2026-04-10 06:30:35] [info] [RID:ef01d93e034b9ceb] Session config loaded | {"request_id":"ef01d93e034b9ceb","memory_mb":2,"timestamp":"2026-04-10 06:30:35"}
[2026-04-10 06:30:35] [info] [RID:ef01d93e034b9ceb] RedisHelper loaded | {"request_id":"ef01d93e034b9ceb","memory_mb":2,"timestamp":"2026-04-10 06:30:35"}
[2026-04-10 06:30:35] [info] [RID:ef01d93e034b9ceb] RequestContext class loaded | {"request_id":"ef01d93e034b9ceb","memory_mb":2,"timestamp":"2026-04-10 06:30:35"}
[2026-04-10 06:30:35] [info] [RID:ef01d93e034b9ceb] Database connection established | {"request_id":"ef01d93e034b9ceb","memory_mb":2,"timestamp":"2026-04-10 06:30:35"}
[2026-04-10 06:30:35] [info] [RID:ef01d93e034b9ceb] CacheManager initialized | {"request_id":"ef01d93e034b9ceb","memory_mb":2,"timestamp":"2026-04-10 06:30:35"}
[2026-04-10 06:30:35] [info] [RID:ef01d93e034b9ceb] RequestContext created | {"request_id":"ef01d93e034b9ceb","user_id":null,"tenant_id":1,"roles_count":0,"permissions_count":0,"memory_mb":2,"timestamp":"2026-04-10 06:30:35"}
[2026-04-10 06:30:35] [info] [RID:ef01d93e034b9ceb] Redis extension not loaded - Redis disabled | {"request_id":"ef01d93e034b9ceb","memory_mb":2,"timestamp":"2026-04-10 06:30:35"}
[2026-04-10 06:30:35] [warning] [RID:ef01d93e034b9ceb] Rate limiting failed | {"error":"Redis unavailable","request_id":"ef01d93e034b9ceb","memory_mb":2,"timestamp":"2026-04-10 06:30:35"}
[2026-04-10 06:30:35] [info] [RID:ef01d93e034b9ceb] Bootstrap completed successfully | {"memory_usage_mb":2,"peak_memory_mb":2,"auth_method":"none","user_id":null,"tenant_id":1,"api_version":"v1","api_route":"/public/products","request_context":"loaded","cache_enabled":true,"redis_enabled":false,"database_connected":true,"execution_time_ms":8.3,"request_id":"ef01d93e034b9ceb","memory_mb":2,"timestamp":"2026-04-10 06:30:35"}
[2026-04-10 06:30:35] [info] [RID:fe096719b5032573] Advanced Logger initialized successfully | {"request_id":"fe096719b5032573","memory_mb":2,"timestamp":"2026-04-10 06:30:35"}
[2026-04-10 06:30:35] [info] [RID:fe096719b5032573] Bootstrap initializing | {"env":"production","request_id":"fe096719b5032573","memory_mb":2,"timestamp":"2026-04-10 06:30:35"}
[2026-04-10 06:30:35] [info] [RID:fe096719b5032573] API routing detected | {"version":"v1","route":"/public/products","is_versioned":true,"request_id":"fe096719b5032573","memory_mb":2,"timestamp":"2026-04-10 06:30:35"}
[2026-04-10 06:30:35] [info] [RID:fe096719b5032573] Session config loaded | {"request_id":"fe096719b5032573","memory_mb":2,"timestamp":"2026-04-10 06:30:35"}
[2026-04-10 06:30:35] [info] [RID:fe096719b5032573] RedisHelper loaded | {"request_id":"fe096719b5032573","memory_mb":2,"timestamp":"2026-04-10 06:30:35"}
[2026-04-10 06:30:35] [info] [RID:fe096719b5032573] RequestContext class loaded | {"request_id":"fe096719b5032573","memory_mb":2,"timestamp":"2026-04-10 06:30:35"}
[2026-04-10 06:30:35] [info] [RID:fe096719b5032573] Database connection established | {"request_id":"fe096719b5032573","memory_mb":2,"timestamp":"2026-04-10 06:30:35"}
[2026-04-10 06:30:35] [info] [RID:fe096719b5032573] CacheManager initialized | {"request_id":"fe096719b5032573","memory_mb":2,"timestamp":"2026-04-10 06:30:35"}
[2026-04-10 06:30:35] [info] [RID:fe096719b5032573] RequestContext created | {"request_id":"fe096719b5032573","user_id":null,"tenant_id":1,"roles_count":0,"permissions_count":0,"memory_mb":2,"timestamp":"2026-04-10 06:30:35"}
[2026-04-10 06:30:35] [info] [RID:fe096719b5032573] Redis extension not loaded - Redis disabled | {"request_id":"fe096719b5032573","memory_mb":2,"timestamp":"2026-04-10 06:30:35"}
[2026-04-10 06:30:35] [warning] [RID:fe096719b5032573] Rate limiting failed | {"error":"Redis unavailable","request_id":"fe096719b5032573","memory_mb":2,"timestamp":"2026-04-10 06:30:35"}
[2026-04-10 06:30:35] [info] [RID:fe096719b5032573] Bootstrap completed successfully | {"memory_usage_mb":2,"peak_memory_mb":2,"auth_method":"none","user_id":null,"tenant_id":1,"api_version":"v1","api_route":"/public/products","request_context":"loaded","cache_enabled":true,"redis_enabled":false,"database_connected":true,"execution_time_ms":5.8,"request_id":"fe096719b5032573","memory_mb":2,"timestamp":"2026-04-10 06:30:35"}
[2026-04-10 06:30:35] [info] [RID:52d6ded63dbfc9ec] Advanced Logger initialized successfully | {"request_id":"52d6ded63dbfc9ec","memory_mb":2,"timestamp":"2026-04-10 06:30:35"}
[2026-04-10 06:30:35] [info] [RID:52d6ded63dbfc9ec] Bootstrap initializing | {"env":"production","request_id":"52d6ded63dbfc9ec","memory_mb":2,"timestamp":"2026-04-10 06:30:35"}
[2026-04-10 06:30:35] [info] [RID:52d6ded63dbfc9ec] API routing detected | {"version":"v1","route":"/public/entities","is_versioned":true,"request_id":"52d6ded63dbfc9ec","memory_mb":2,"timestamp":"2026-04-10 06:30:35"}
[2026-04-10 06:30:35] [info] [RID:52d6ded63dbfc9ec] Session config loaded | {"request_id":"52d6ded63dbfc9ec","memory_mb":2,"timestamp":"2026-04-10 06:30:35"}
[2026-04-10 06:30:35] [info] [RID:52d6ded63dbfc9ec] RedisHelper loaded | {"request_id":"52d6ded63dbfc9ec","memory_mb":2,"timestamp":"2026-04-10 06:30:35"}
[2026-04-10 06:30:35] [info] [RID:52d6ded63dbfc9ec] RequestContext class loaded | {"request_id":"52d6ded63dbfc9ec","memory_mb":2,"timestamp":"2026-04-10 06:30:35"}
[2026-04-10 06:30:35] [info] [RID:52d6ded63dbfc9ec] Database connection established | {"request_id":"52d6ded63dbfc9ec","memory_mb":2,"timestamp":"2026-04-10 06:30:35"}
[2026-04-10 06:30:35] [info] [RID:52d6ded63dbfc9ec] CacheManager initialized | {"request_id":"52d6ded63dbfc9ec","memory_mb":2,"timestamp":"2026-04-10 06:30:35"}
[2026-04-10 06:30:35] [info] [RID:52d6ded63dbfc9ec] RequestContext created | {"request_id":"52d6ded63dbfc9ec","user_id":null,"tenant_id":1,"roles_count":0,"permissions_count":0,"memory_mb":2,"timestamp":"2026-04-10 06:30:35"}
[2026-04-10 06:30:35] [info] [RID:52d6ded63dbfc9ec] Redis extension not loaded - Redis disabled | {"request_id":"52d6ded63dbfc9ec","memory_mb":2,"timestamp":"2026-04-10 06:30:35"}
[2026-04-10 06:30:35] [warning] [RID:52d6ded63dbfc9ec] Rate limiting failed | {"error":"Redis unavailable","request_id":"52d6ded63dbfc9ec","memory_mb":2,"timestamp":"2026-04-10 06:30:35"}
[2026-04-10 06:30:35] [info] [RID:52d6ded63dbfc9ec] Bootstrap completed successfully | {"memory_usage_mb":2,"peak_memory_mb":2,"auth_method":"none","user_id":null,"tenant_id":1,"api_version":"v1","api_route":"/public/entities","request_context":"loaded","cache_enabled":true,"redis_enabled":false,"database_connected":true,"execution_time_ms":4.6,"request_id":"52d6ded63dbfc9ec","memory_mb":2,"timestamp":"2026-04-10 06:30:35"}
[2026-04-10 06:30:35] [info] [RID:6f9686a8a98b3d0a] Advanced Logger initialized successfully | {"request_id":"6f9686a8a98b3d0a","memory_mb":2,"timestamp":"2026-04-10 06:30:35"}
[2026-04-10 06:30:35] [info] [RID:6f9686a8a98b3d0a] Bootstrap initializing | {"env":"production","request_id":"6f9686a8a98b3d0a","memory_mb":2,"timestamp":"2026-04-10 06:30:35"}
[2026-04-10 06:30:35] [info] [RID:6f9686a8a98b3d0a] API routing detected | {"version":"v1","route":"/public/brands","is_versioned":true,"request_id":"6f9686a8a98b3d0a","memory_mb":2,"timestamp":"2026-04-10 06:30:35"}
[2026-04-10 06:30:35] [info] [RID:6f9686a8a98b3d0a] Session config loaded | {"request_id":"6f9686a8a98b3d0a","memory_mb":2,"timestamp":"2026-04-10 06:30:35"}
[2026-04-10 06:30:35] [info] [RID:6f9686a8a98b3d0a] RedisHelper loaded | {"request_id":"6f9686a8a98b3d0a","memory_mb":2,"timestamp":"2026-04-10 06:30:35"}
[2026-04-10 06:30:35] [info] [RID:6f9686a8a98b3d0a] RequestContext class loaded | {"request_id":"6f9686a8a98b3d0a","memory_mb":2,"timestamp":"2026-04-10 06:30:35"}
[2026-04-10 06:30:35] [info] [RID:6f9686a8a98b3d0a] Database connection established | {"request_id":"6f9686a8a98b3d0a","memory_mb":2,"timestamp":"2026-04-10 06:30:35"}
[2026-04-10 06:30:35] [info] [RID:6f9686a8a98b3d0a] CacheManager initialized | {"request_id":"6f9686a8a98b3d0a","memory_mb":2,"timestamp":"2026-04-10 06:30:35"}
[2026-04-10 06:30:35] [info] [RID:6f9686a8a98b3d0a] RequestContext created | {"request_id":"6f9686a8a98b3d0a","user_id":null,"tenant_id":1,"roles_count":0,"permissions_count":0,"memory_mb":2,"timestamp":"2026-04-10 06:30:35"}
[2026-04-10 06:30:35] [info] [RID:6f9686a8a98b3d0a] Redis extension not loaded - Redis disabled | {"request_id":"6f9686a8a98b3d0a","memory_mb":2,"timestamp":"2026-04-10 06:30:35"}
[2026-04-10 06:30:35] [warning] [RID:6f9686a8a98b3d0a] Rate limiting failed | {"error":"Redis unavailable","request_id":"6f9686a8a98b3d0a","memory_mb":2,"timestamp":"2026-04-10 06:30:35"}
[2026-04-10 06:30:35] [info] [RID:6f9686a8a98b3d0a] Bootstrap completed successfully | {"memory_usage_mb":2,"peak_memory_mb":2,"auth_method":"none","user_id":null,"tenant_id":1,"api_version":"v1","api_route":"/public/brands","request_context":"loaded","cache_enabled":true,"redis_enabled":false,"database_connected":true,"execution_time_ms":7.9,"request_id":"6f9686a8a98b3d0a","memory_mb":2,"timestamp":"2026-04-10 06:30:35"}
[2026-04-10 06:30:35] [info] [RID:9b04b68596af2752] Advanced Logger initialized successfully | {"request_id":"9b04b68596af2752","memory_mb":2,"timestamp":"2026-04-10 06:30:35"}
[2026-04-10 06:30:35] [info] [RID:9b04b68596af2752] Bootstrap initializing | {"env":"production","request_id":"9b04b68596af2752","memory_mb":2,"timestamp":"2026-04-10 06:30:35"}
[2026-04-10 06:30:35] [info] [RID:9b04b68596af2752] API routing detected | {"version":"v1","route":"/public/auctions","is_versioned":true,"request_id":"9b04b68596af2752","memory_mb":2,"timestamp":"2026-04-10 06:30:35"}
[2026-04-10 06:30:35] [info] [RID:9b04b68596af2752] Session config loaded | {"request_id":"9b04b68596af2752","memory_mb":2,"timestamp":"2026-04-10 06:30:35"}
[2026-04-10 06:30:35] [info] [RID:9b04b68596af2752] RedisHelper loaded | {"request_id":"9b04b68596af2752","memory_mb":2,"timestamp":"2026-04-10 06:30:35"}
[2026-04-10 06:30:35] [info] [RID:9b04b68596af2752] RequestContext class loaded | {"request_id":"9b04b68596af2752","memory_mb":2,"timestamp":"2026-04-10 06:30:35"}
[2026-04-10 06:30:35] [info] [RID:9b04b68596af2752] Database connection established | {"request_id":"9b04b68596af2752","memory_mb":2,"timestamp":"2026-04-10 06:30:35"}
[2026-04-10 06:30:35] [info] [RID:9b04b68596af2752] CacheManager initialized | {"request_id":"9b04b68596af2752","memory_mb":2,"timestamp":"2026-04-10 06:30:35"}
[2026-04-10 06:30:35] [info] [RID:9b04b68596af2752] RequestContext created | {"request_id":"9b04b68596af2752","user_id":null,"tenant_id":1,"roles_count":0,"permissions_count":0,"memory_mb":2,"timestamp":"2026-04-10 06:30:35"}
[2026-04-10 06:30:35] [info] [RID:9b04b68596af2752] Redis extension not loaded - Redis disabled | {"request_id":"9b04b68596af2752","memory_mb":2,"timestamp":"2026-04-10 06:30:35"}
[2026-04-10 06:30:35] [warning] [RID:9b04b68596af2752] Rate limiting failed | {"error":"Redis unavailable","request_id":"9b04b68596af2752","memory_mb":2,"timestamp":"2026-04-10 06:30:35"}
[2026-04-10 06:30:35] [info] [RID:9b04b68596af2752] Bootstrap completed successfully | {"memory_usage_mb":2,"peak_memory_mb":2,"auth_method":"none","user_id":null,"tenant_id":1,"api_version":"v1","api_route":"/public/auctions","request_context":"loaded","cache_enabled":true,"redis_enabled":false,"database_connected":true,"execution_time_ms":4.4,"request_id":"9b04b68596af2752","memory_mb":2,"timestamp":"2026-04-10 06:30:35"}
[2026-04-10 06:30:35] [info] [RID:3daaaf13fdefa746] Advanced Logger initialized successfully | {"request_id":"3daaaf13fdefa746","memory_mb":2,"timestamp":"2026-04-10 06:30:35"}
[2026-04-10 06:30:35] [info] [RID:3daaaf13fdefa746] Bootstrap initializing | {"env":"production","request_id":"3daaaf13fdefa746","memory_mb":2,"timestamp":"2026-04-10 06:30:35"}
[2026-04-10 06:30:35] [info] [RID:3daaaf13fdefa746] API routing detected | {"version":"v1","route":"/public/jobs","is_versioned":true,"request_id":"3daaaf13fdefa746","memory_mb":2,"timestamp":"2026-04-10 06:30:35"}
[2026-04-10 06:30:35] [info] [RID:3daaaf13fdefa746] Session config loaded | {"request_id":"3daaaf13fdefa746","memory_mb":2,"timestamp":"2026-04-10 06:30:35"}
[2026-04-10 06:30:35] [info] [RID:3daaaf13fdefa746] RedisHelper loaded | {"request_id":"3daaaf13fdefa746","memory_mb":2,"timestamp":"2026-04-10 06:30:35"}
[2026-04-10 06:30:35] [info] [RID:3daaaf13fdefa746] RequestContext class loaded | {"request_id":"3daaaf13fdefa746","memory_mb":2,"timestamp":"2026-04-10 06:30:35"}
[2026-04-10 06:30:35] [info] [RID:3daaaf13fdefa746] Database connection established | {"request_id":"3daaaf13fdefa746","memory_mb":2,"timestamp":"2026-04-10 06:30:35"}
[2026-04-10 06:30:35] [info] [RID:3daaaf13fdefa746] CacheManager initialized | {"request_id":"3daaaf13fdefa746","memory_mb":2,"timestamp":"2026-04-10 06:30:35"}
[2026-04-10 06:30:35] [info] [RID:3daaaf13fdefa746] RequestContext created | {"request_id":"3daaaf13fdefa746","user_id":null,"tenant_id":1,"roles_count":0,"permissions_count":0,"memory_mb":2,"timestamp":"2026-04-10 06:30:35"}
[2026-04-10 06:30:35] [info] [RID:3daaaf13fdefa746] Redis extension not loaded - Redis disabled | {"request_id":"3daaaf13fdefa746","memory_mb":2,"timestamp":"2026-04-10 06:30:35"}
[2026-04-10 06:30:35] [warning] [RID:3daaaf13fdefa746] Rate limiting failed | {"error":"Redis unavailable","request_id":"3daaaf13fdefa746","memory_mb":2,"timestamp":"2026-04-10 06:30:35"}
[2026-04-10 06:30:35] [info] [RID:3daaaf13fdefa746] Bootstrap completed successfully | {"memory_usage_mb":2,"peak_memory_mb":2,"auth_method":"none","user_id":null,"tenant_id":1,"api_version":"v1","api_route":"/public/jobs","request_context":"loaded","cache_enabled":true,"redis_enabled":false,"database_connected":true,"execution_time_ms":4.7,"request_id":"3daaaf13fdefa746","memory_mb":2,"timestamp":"2026-04-10 06:30:35"}
[2026-04-10 06:30:36] [info] [RID:7376ddd00c61f2d0] Advanced Logger initialized successfully | {"request_id":"7376ddd00c61f2d0","memory_mb":2,"timestamp":"2026-04-10 06:30:36"}
[2026-04-10 06:30:36] [info] [RID:7376ddd00c61f2d0] Bootstrap initializing | {"env":"production","request_id":"7376ddd00c61f2d0","memory_mb":2,"timestamp":"2026-04-10 06:30:36"}
[2026-04-10 06:30:36] [info] [RID:7376ddd00c61f2d0] API routing detected | {"version":"v1","route":"/public/user_devices","is_versioned":true,"request_id":"7376ddd00c61f2d0","memory_mb":2,"timestamp":"2026-04-10 06:30:36"}
[2026-04-10 06:30:36] [info] [RID:7376ddd00c61f2d0] Session config loaded | {"request_id":"7376ddd00c61f2d0","memory_mb":2,"timestamp":"2026-04-10 06:30:36"}
[2026-04-10 06:30:36] [info] [RID:7376ddd00c61f2d0] RedisHelper loaded | {"request_id":"7376ddd00c61f2d0","memory_mb":2,"timestamp":"2026-04-10 06:30:36"}
[2026-04-10 06:30:36] [info] [RID:7376ddd00c61f2d0] RequestContext class loaded | {"request_id":"7376ddd00c61f2d0","memory_mb":2,"timestamp":"2026-04-10 06:30:36"}
[2026-04-10 06:30:36] [info] [RID:7376ddd00c61f2d0] Database connection established | {"request_id":"7376ddd00c61f2d0","memory_mb":2,"timestamp":"2026-04-10 06:30:36"}
[2026-04-10 06:30:36] [info] [RID:7376ddd00c61f2d0] CacheManager initialized | {"request_id":"7376ddd00c61f2d0","memory_mb":2,"timestamp":"2026-04-10 06:30:36"}
[2026-04-10 06:30:36] [info] [RID:7376ddd00c61f2d0] User authenticated via session | {"request_id":"7376ddd00c61f2d0","memory_mb":2,"timestamp":"2026-04-10 06:30:36"}
[2026-04-10 06:30:36] [info] [RID:7376ddd00c61f2d0] Tenant data loaded from DB | {"user_id":37,"tenant_id":null,"request_id":"7376ddd00c61f2d0","memory_mb":2,"timestamp":"2026-04-10 06:30:36"}
[2026-04-10 06:30:36] [warning] [RID:7376ddd00c61f2d0] No active tenant found for user | {"user_id":37,"request_id":"7376ddd00c61f2d0","memory_mb":2,"timestamp":"2026-04-10 06:30:36"}
[2026-04-10 06:30:36] [info] [RID:7376ddd00c61f2d0] RequestContext created | {"request_id":"7376ddd00c61f2d0","user_id":37,"tenant_id":1,"roles_count":0,"permissions_count":0,"memory_mb":2,"timestamp":"2026-04-10 06:30:36"}
[2026-04-10 06:30:36] [info] [RID:7376ddd00c61f2d0] Redis extension not loaded - Redis disabled | {"request_id":"7376ddd00c61f2d0","memory_mb":2,"timestamp":"2026-04-10 06:30:36"}
[2026-04-10 06:30:36] [warning] [RID:7376ddd00c61f2d0] Rate limiting failed | {"error":"Redis unavailable","request_id":"7376ddd00c61f2d0","memory_mb":2,"timestamp":"2026-04-10 06:30:36"}
[2026-04-10 06:30:36] [info] [RID:7376ddd00c61f2d0] Bootstrap completed successfully | {"memory_usage_mb":2,"peak_memory_mb":2,"auth_method":"session","user_id":37,"tenant_id":1,"api_version":"v1","api_route":"/public/user_devices","request_context":"loaded","cache_enabled":true,"redis_enabled":false,"database_connected":true,"execution_time_ms":6.5,"request_id":"7376ddd00c61f2d0","memory_mb":2,"timestamp":"2026-04-10 06:30:36"}
[2026-04-10 06:30:49] [info] [RID:e081d03ed5813201] Advanced Logger initialized successfully | {"request_id":"e081d03ed5813201","memory_mb":2,"timestamp":"2026-04-10 06:30:49"}
[2026-04-10 06:30:49] [info] [RID:e081d03ed5813201] Bootstrap initializing | {"env":"production","request_id":"e081d03ed5813201","memory_mb":2,"timestamp":"2026-04-10 06:30:49"}
[2026-04-10 06:30:49] [info] [RID:e081d03ed5813201] API routing detected | {"version":"v1","route":"/public/products","is_versioned":true,"request_id":"e081d03ed5813201","memory_mb":2,"timestamp":"2026-04-10 06:30:49"}
[2026-04-10 06:30:49] [info] [RID:e081d03ed5813201] Session config loaded | {"request_id":"e081d03ed5813201","memory_mb":2,"timestamp":"2026-04-10 06:30:49"}
[2026-04-10 06:30:49] [info] [RID:e081d03ed5813201] RedisHelper loaded | {"request_id":"e081d03ed5813201","memory_mb":2,"timestamp":"2026-04-10 06:30:49"}
[2026-04-10 06:30:49] [info] [RID:e081d03ed5813201] RequestContext class loaded | {"request_id":"e081d03ed5813201","memory_mb":2,"timestamp":"2026-04-10 06:30:49"}
[2026-04-10 06:30:49] [info] [RID:e081d03ed5813201] Database connection established | {"request_id":"e081d03ed5813201","memory_mb":2,"timestamp":"2026-04-10 06:30:49"}
[2026-04-10 06:30:49] [info] [RID:e081d03ed5813201] CacheManager initialized | {"request_id":"e081d03ed5813201","memory_mb":2,"timestamp":"2026-04-10 06:30:49"}
[2026-04-10 06:30:49] [info] [RID:e081d03ed5813201] User authenticated via session | {"request_id":"e081d03ed5813201","memory_mb":2,"timestamp":"2026-04-10 06:30:49"}
[2026-04-10 06:30:49] [info] [RID:e081d03ed5813201] Tenant data loaded from DB | {"user_id":37,"tenant_id":null,"request_id":"e081d03ed5813201","memory_mb":2,"timestamp":"2026-04-10 06:30:49"}
[2026-04-10 06:30:49] [warning] [RID:e081d03ed5813201] No active tenant found for user | {"user_id":37,"request_id":"e081d03ed5813201","memory_mb":2,"timestamp":"2026-04-10 06:30:49"}
[2026-04-10 06:30:49] [info] [RID:e081d03ed5813201] RequestContext created | {"request_id":"e081d03ed5813201","user_id":37,"tenant_id":1,"roles_count":0,"permissions_count":0,"memory_mb":2,"timestamp":"2026-04-10 06:30:49"}
[2026-04-10 06:30:49] [info] [RID:e081d03ed5813201] Redis extension not loaded - Redis disabled | {"request_id":"e081d03ed5813201","memory_mb":2,"timestamp":"2026-04-10 06:30:49"}
[2026-04-10 06:30:49] [warning] [RID:e081d03ed5813201] Rate limiting failed | {"error":"Redis unavailable","request_id":"e081d03ed5813201","memory_mb":2,"timestamp":"2026-04-10 06:30:49"}
[2026-04-10 06:30:49] [info] [RID:e081d03ed5813201] Bootstrap completed successfully | {"memory_usage_mb":2,"peak_memory_mb":2,"auth_method":"session","user_id":37,"tenant_id":1,"api_version":"v1","api_route":"/public/products","request_context":"loaded","cache_enabled":true,"redis_enabled":false,"database_connected":true,"execution_time_ms":5.6,"request_id":"e081d03ed5813201","memory_mb":2,"timestamp":"2026-04-10 06:30:49"}
[2026-04-10 06:30:49] [info] [RID:ce9be32d431d644c] Advanced Logger initialized successfully | {"request_id":"ce9be32d431d644c","memory_mb":2,"timestamp":"2026-04-10 06:30:49"}
[2026-04-10 06:30:49] [info] [RID:ce9be32d431d644c] Bootstrap initializing | {"env":"production","request_id":"ce9be32d431d644c","memory_mb":2,"timestamp":"2026-04-10 06:30:49"}
[2026-04-10 06:30:49] [info] [RID:ce9be32d431d644c] API routing detected | {"version":"v1","route":"/public/products","is_versioned":true,"request_id":"ce9be32d431d644c","memory_mb":2,"timestamp":"2026-04-10 06:30:49"}
[2026-04-10 06:30:49] [info] [RID:ce9be32d431d644c] Session config loaded | {"request_id":"ce9be32d431d644c","memory_mb":2,"timestamp":"2026-04-10 06:30:49"}
[2026-04-10 06:30:49] [info] [RID:ce9be32d431d644c] RedisHelper loaded | {"request_id":"ce9be32d431d644c","memory_mb":2,"timestamp":"2026-04-10 06:30:49"}
[2026-04-10 06:30:49] [info] [RID:ce9be32d431d644c] RequestContext class loaded | {"request_id":"ce9be32d431d644c","memory_mb":2,"timestamp":"2026-04-10 06:30:49"}
[2026-04-10 06:30:49] [info] [RID:ce9be32d431d644c] Database connection established | {"request_id":"ce9be32d431d644c","memory_mb":2,"timestamp":"2026-04-10 06:30:49"}
[2026-04-10 06:30:49] [info] [RID:ce9be32d431d644c] CacheManager initialized | {"request_id":"ce9be32d431d644c","memory_mb":2,"timestamp":"2026-04-10 06:30:49"}
[2026-04-10 06:30:49] [info] [RID:ce9be32d431d644c] User authenticated via session | {"request_id":"ce9be32d431d644c","memory_mb":2,"timestamp":"2026-04-10 06:30:49"}
[2026-04-10 06:30:49] [info] [RID:ce9be32d431d644c] Tenant data loaded from DB | {"user_id":37,"tenant_id":null,"request_id":"ce9be32d431d644c","memory_mb":2,"timestamp":"2026-04-10 06:30:49"}
[2026-04-10 06:30:49] [warning] [RID:ce9be32d431d644c] No active tenant found for user | {"user_id":37,"request_id":"ce9be32d431d644c","memory_mb":2,"timestamp":"2026-04-10 06:30:49"}
[2026-04-10 06:30:49] [info] [RID:ce9be32d431d644c] RequestContext created | {"request_id":"ce9be32d431d644c","user_id":37,"tenant_id":1,"roles_count":0,"permissions_count":0,"memory_mb":2,"timestamp":"2026-04-10 06:30:49"}
[2026-04-10 06:30:49] [info] [RID:ce9be32d431d644c] Redis extension not loaded - Redis disabled | {"request_id":"ce9be32d431d644c","memory_mb":2,"timestamp":"2026-04-10 06:30:49"}
[2026-04-10 06:30:49] [warning] [RID:ce9be32d431d644c] Rate limiting failed | {"error":"Redis unavailable","request_id":"ce9be32d431d644c","memory_mb":2,"timestamp":"2026-04-10 06:30:49"}
[2026-04-10 06:30:49] [info] [RID:ce9be32d431d644c] Bootstrap completed successfully | {"memory_usage_mb":2,"peak_memory_mb":2,"auth_method":"session","user_id":37,"tenant_id":1,"api_version":"v1","api_route":"/public/products","request_context":"loaded","cache_enabled":true,"redis_enabled":false,"database_connected":true,"execution_time_ms":6.4,"request_id":"ce9be32d431d644c","memory_mb":2,"timestamp":"2026-04-10 06:30:49"}
[2026-04-10 06:30:55] [info] [RID:be65f93c6f355de9] Advanced Logger initialized successfully | {"request_id":"be65f93c6f355de9","memory_mb":2,"timestamp":"2026-04-10 06:30:55"}
[2026-04-10 06:30:55] [info] [RID:be65f93c6f355de9] Bootstrap initializing | {"env":"production","request_id":"be65f93c6f355de9","memory_mb":2,"timestamp":"2026-04-10 06:30:55"}
[2026-04-10 06:30:55] [info] [RID:be65f93c6f355de9] API routing detected | {"version":"v1","route":"/public/ads/8/view","is_versioned":true,"request_id":"be65f93c6f355de9","memory_mb":2,"timestamp":"2026-04-10 06:30:55"}
[2026-04-10 06:30:55] [info] [RID:be65f93c6f355de9] Session config loaded | {"request_id":"be65f93c6f355de9","memory_mb":2,"timestamp":"2026-04-10 06:30:55"}
[2026-04-10 06:30:55] [info] [RID:be65f93c6f355de9] RedisHelper loaded | {"request_id":"be65f93c6f355de9","memory_mb":2,"timestamp":"2026-04-10 06:30:55"}
[2026-04-10 06:30:55] [info] [RID:be65f93c6f355de9] RequestContext class loaded | {"request_id":"be65f93c6f355de9","memory_mb":2,"timestamp":"2026-04-10 06:30:55"}
[2026-04-10 06:30:55] [info] [RID:be65f93c6f355de9] Database connection established | {"request_id":"be65f93c6f355de9","memory_mb":2,"timestamp":"2026-04-10 06:30:55"}
[2026-04-10 06:30:55] [info] [RID:be65f93c6f355de9] CacheManager initialized | {"request_id":"be65f93c6f355de9","memory_mb":2,"timestamp":"2026-04-10 06:30:55"}
[2026-04-10 06:30:55] [info] [RID:be65f93c6f355de9] User authenticated via session | {"request_id":"be65f93c6f355de9","memory_mb":2,"timestamp":"2026-04-10 06:30:55"}
[2026-04-10 06:30:55] [info] [RID:be65f93c6f355de9] Tenant data loaded from DB | {"user_id":37,"tenant_id":null,"request_id":"be65f93c6f355de9","memory_mb":2,"timestamp":"2026-04-10 06:30:55"}
[2026-04-10 06:30:55] [warning] [RID:be65f93c6f355de9] No active tenant found for user | {"user_id":37,"request_id":"be65f93c6f355de9","memory_mb":2,"timestamp":"2026-04-10 06:30:55"}
[2026-04-10 06:30:55] [info] [RID:be65f93c6f355de9] RequestContext created | {"request_id":"be65f93c6f355de9","user_id":37,"tenant_id":1,"roles_count":0,"permissions_count":0,"memory_mb":2,"timestamp":"2026-04-10 06:30:55"}
[2026-04-10 06:30:55] [info] [RID:be65f93c6f355de9] Redis extension not loaded - Redis disabled | {"request_id":"be65f93c6f355de9","memory_mb":2,"timestamp":"2026-04-10 06:30:55"}
[2026-04-10 06:30:55] [warning] [RID:be65f93c6f355de9] Rate limiting failed | {"error":"Redis unavailable","request_id":"be65f93c6f355de9","memory_mb":2,"timestamp":"2026-04-10 06:30:55"}
[2026-04-10 06:30:55] [info] [RID:be65f93c6f355de9] Bootstrap completed successfully | {"memory_usage_mb":2,"peak_memory_mb":2,"auth_method":"session","user_id":37,"tenant_id":1,"api_version":"v1","api_route":"/public/ads/8/view","request_context":"loaded","cache_enabled":true,"redis_enabled":false,"database_connected":true,"execution_time_ms":7,"request_id":"be65f93c6f355de9","memory_mb":2,"timestamp":"2026-04-10 06:30:55"}
[2026-04-10 06:32:18] [info] [RID:6201a4b446f09e95] Advanced Logger initialized successfully | {"request_id":"6201a4b446f09e95","memory_mb":2,"timestamp":"2026-04-10 06:32:18"}
[2026-04-10 06:32:18] [info] [RID:ad66576098f38a2f] Advanced Logger initialized successfully | {"request_id":"ad66576098f38a2f","memory_mb":2,"timestamp":"2026-04-10 06:32:18"}
[2026-04-10 06:32:18] [info] [RID:6201a4b446f09e95] Bootstrap initializing | {"env":"production","request_id":"6201a4b446f09e95","memory_mb":2,"timestamp":"2026-04-10 06:32:18"}
[2026-04-10 06:32:18] [info] [RID:6201a4b446f09e95] API routing detected | {"version":"v1","route":"/public/products","is_versioned":true,"request_id":"6201a4b446f09e95","memory_mb":2,"timestamp":"2026-04-10 06:32:18"}
[2026-04-10 06:32:18] [info] [RID:6201a4b446f09e95] Session config loaded | {"request_id":"6201a4b446f09e95","memory_mb":2,"timestamp":"2026-04-10 06:32:18"}
[2026-04-10 06:32:18] [info] [RID:6201a4b446f09e95] RedisHelper loaded | {"request_id":"6201a4b446f09e95","memory_mb":2,"timestamp":"2026-04-10 06:32:18"}
[2026-04-10 06:32:18] [info] [RID:6201a4b446f09e95] RequestContext class loaded | {"request_id":"6201a4b446f09e95","memory_mb":2,"timestamp":"2026-04-10 06:32:18"}
[2026-04-10 06:32:18] [info] [RID:6201a4b446f09e95] Database connection established | {"request_id":"6201a4b446f09e95","memory_mb":2,"timestamp":"2026-04-10 06:32:18"}
[2026-04-10 06:32:18] [info] [RID:6201a4b446f09e95] CacheManager initialized | {"request_id":"6201a4b446f09e95","memory_mb":2,"timestamp":"2026-04-10 06:32:18"}
[2026-04-10 06:32:18] [info] [RID:6201a4b446f09e95] User authenticated via session | {"request_id":"6201a4b446f09e95","memory_mb":2,"timestamp":"2026-04-10 06:32:18"}
[2026-04-10 06:32:18] [info] [RID:6201a4b446f09e95] Tenant data loaded from DB | {"user_id":37,"tenant_id":null,"request_id":"6201a4b446f09e95","memory_mb":2,"timestamp":"2026-04-10 06:32:18"}
[2026-04-10 06:32:18] [warning] [RID:6201a4b446f09e95] No active tenant found for user | {"user_id":37,"request_id":"6201a4b446f09e95","memory_mb":2,"timestamp":"2026-04-10 06:32:18"}
[2026-04-10 06:32:18] [info] [RID:6201a4b446f09e95] RequestContext created | {"request_id":"6201a4b446f09e95","user_id":37,"tenant_id":1,"roles_count":0,"permissions_count":0,"memory_mb":2,"timestamp":"2026-04-10 06:32:18"}
[2026-04-10 06:32:18] [info] [RID:6201a4b446f09e95] Redis extension not loaded - Redis disabled | {"request_id":"6201a4b446f09e95","memory_mb":2,"timestamp":"2026-04-10 06:32:18"}
[2026-04-10 06:32:18] [warning] [RID:6201a4b446f09e95] Rate limiting failed | {"error":"Redis unavailable","request_id":"6201a4b446f09e95","memory_mb":2,"timestamp":"2026-04-10 06:32:18"}
[2026-04-10 06:32:18] [info] [RID:6201a4b446f09e95] Bootstrap completed successfully | {"memory_usage_mb":2,"peak_memory_mb":2,"auth_method":"session","user_id":37,"tenant_id":1,"api_version":"v1","api_route":"/public/products","request_context":"loaded","cache_enabled":true,"redis_enabled":false,"database_connected":true,"execution_time_ms":21.1,"request_id":"6201a4b446f09e95","memory_mb":2,"timestamp":"2026-04-10 06:32:18"}
[2026-04-10 06:32:18] [info] [RID:ad66576098f38a2f] Bootstrap initializing | {"env":"production","request_id":"ad66576098f38a2f","memory_mb":2,"timestamp":"2026-04-10 06:32:18"}
[2026-04-10 06:32:18] [info] [RID:ad66576098f38a2f] API routing detected | {"version":"v1","route":"/public/products","is_versioned":true,"request_id":"ad66576098f38a2f","memory_mb":2,"timestamp":"2026-04-10 06:32:18"}
[2026-04-10 06:32:18] [info] [RID:ad66576098f38a2f] Session config loaded | {"request_id":"ad66576098f38a2f","memory_mb":2,"timestamp":"2026-04-10 06:32:18"}
[2026-04-10 06:32:18] [info] [RID:ad66576098f38a2f] RedisHelper loaded | {"request_id":"ad66576098f38a2f","memory_mb":2,"timestamp":"2026-04-10 06:32:18"}
[2026-04-10 06:32:18] [info] [RID:ad66576098f38a2f] RequestContext class loaded | {"request_id":"ad66576098f38a2f","memory_mb":2,"timestamp":"2026-04-10 06:32:18"}
[2026-04-10 06:32:18] [info] [RID:ad66576098f38a2f] Database connection established | {"request_id":"ad66576098f38a2f","memory_mb":2,"timestamp":"2026-04-10 06:32:18"}
[2026-04-10 06:32:18] [info] [RID:ad66576098f38a2f] CacheManager initialized | {"request_id":"ad66576098f38a2f","memory_mb":2,"timestamp":"2026-04-10 06:32:18"}
[2026-04-10 06:32:18] [info] [RID:ad66576098f38a2f] User authenticated via session | {"request_id":"ad66576098f38a2f","memory_mb":2,"timestamp":"2026-04-10 06:32:18"}
[2026-04-10 06:32:18] [info] [RID:ad66576098f38a2f] Tenant data loaded from DB | {"user_id":37,"tenant_id":null,"request_id":"ad66576098f38a2f","memory_mb":2,"timestamp":"2026-04-10 06:32:18"}
[2026-04-10 06:32:18] [warning] [RID:ad66576098f38a2f] No active tenant found for user | {"user_id":37,"request_id":"ad66576098f38a2f","memory_mb":2,"timestamp":"2026-04-10 06:32:18"}
[2026-04-10 06:32:18] [info] [RID:ad66576098f38a2f] RequestContext created | {"request_id":"ad66576098f38a2f","user_id":37,"tenant_id":1,"roles_count":0,"permissions_count":0,"memory_mb":2,"timestamp":"2026-04-10 06:32:18"}
[2026-04-10 06:32:18] [info] [RID:ad66576098f38a2f] Redis extension not loaded - Redis disabled | {"request_id":"ad66576098f38a2f","memory_mb":2,"timestamp":"2026-04-10 06:32:18"}
[2026-04-10 06:32:18] [warning] [RID:ad66576098f38a2f] Rate limiting failed | {"error":"Redis unavailable","request_id":"ad66576098f38a2f","memory_mb":2,"timestamp":"2026-04-10 06:32:18"}
[2026-04-10 06:32:18] [info] [RID:ad66576098f38a2f] Bootstrap completed successfully | {"memory_usage_mb":2,"peak_memory_mb":2,"auth_method":"session","user_id":37,"tenant_id":1,"api_version":"v1","api_route":"/public/products","request_context":"loaded","cache_enabled":true,"redis_enabled":false,"database_connected":true,"execution_time_ms":30.3,"request_id":"ad66576098f38a2f","memory_mb":2,"timestamp":"2026-04-10 06:32:18"}
[2026-04-10 06:32:18] [info] [RID:834c0039f50ee53c] Advanced Logger initialized successfully | {"request_id":"834c0039f50ee53c","memory_mb":2,"timestamp":"2026-04-10 06:32:18"}
[2026-04-10 06:32:18] [info] [RID:834c0039f50ee53c] Bootstrap initializing | {"env":"production","request_id":"834c0039f50ee53c","memory_mb":2,"timestamp":"2026-04-10 06:32:18"}
[2026-04-10 06:32:18] [info] [RID:834c0039f50ee53c] API routing detected | {"version":"v1","route":"/public/products","is_versioned":true,"request_id":"834c0039f50ee53c","memory_mb":2,"timestamp":"2026-04-10 06:32:18"}
[2026-04-10 06:32:18] [info] [RID:834c0039f50ee53c] Session config loaded | {"request_id":"834c0039f50ee53c","memory_mb":2,"timestamp":"2026-04-10 06:32:18"}
[2026-04-10 06:32:18] [info] [RID:834c0039f50ee53c] RedisHelper loaded | {"request_id":"834c0039f50ee53c","memory_mb":2,"timestamp":"2026-04-10 06:32:18"}
[2026-04-10 06:32:18] [info] [RID:834c0039f50ee53c] RequestContext class loaded | {"request_id":"834c0039f50ee53c","memory_mb":2,"timestamp":"2026-04-10 06:32:18"}
[2026-04-10 06:32:18] [info] [RID:834c0039f50ee53c] Database connection established | {"request_id":"834c0039f50ee53c","memory_mb":2,"timestamp":"2026-04-10 06:32:18"}
[2026-04-10 06:32:18] [info] [RID:834c0039f50ee53c] CacheManager initialized | {"request_id":"834c0039f50ee53c","memory_mb":2,"timestamp":"2026-04-10 06:32:18"}
[2026-04-10 06:32:18] [info] [RID:834c0039f50ee53c] User authenticated via session | {"request_id":"834c0039f50ee53c","memory_mb":2,"timestamp":"2026-04-10 06:32:18"}
[2026-04-10 06:32:18] [info] [RID:834c0039f50ee53c] Tenant data loaded from DB | {"user_id":37,"tenant_id":null,"request_id":"834c0039f50ee53c","memory_mb":2,"timestamp":"2026-04-10 06:32:18"}
[2026-04-10 06:32:18] [warning] [RID:834c0039f50ee53c] No active tenant found for user | {"user_id":37,"request_id":"834c0039f50ee53c","memory_mb":2,"timestamp":"2026-04-10 06:32:18"}
[2026-04-10 06:32:18] [info] [RID:834c0039f50ee53c] RequestContext created | {"request_id":"834c0039f50ee53c","user_id":37,"tenant_id":1,"roles_count":0,"permissions_count":0,"memory_mb":2,"timestamp":"2026-04-10 06:32:18"}
[2026-04-10 06:32:18] [info] [RID:834c0039f50ee53c] Redis extension not loaded - Redis disabled | {"request_id":"834c0039f50ee53c","memory_mb":2,"timestamp":"2026-04-10 06:32:18"}
[2026-04-10 06:32:18] [warning] [RID:834c0039f50ee53c] Rate limiting failed | {"error":"Redis unavailable","request_id":"834c0039f50ee53c","memory_mb":2,"timestamp":"2026-04-10 06:32:18"}
[2026-04-10 06:32:18] [info] [RID:834c0039f50ee53c] Bootstrap completed successfully | {"memory_usage_mb":2,"peak_memory_mb":2,"auth_method":"session","user_id":37,"tenant_id":1,"api_version":"v1","api_route":"/public/products","request_context":"loaded","cache_enabled":true,"redis_enabled":false,"database_connected":true,"execution_time_ms":5.4,"request_id":"834c0039f50ee53c","memory_mb":2,"timestamp":"2026-04-10 06:32:18"}
[2026-04-10 06:32:18] [info] [RID:a204468deb11b30d] Advanced Logger initialized successfully | {"request_id":"a204468deb11b30d","memory_mb":2,"timestamp":"2026-04-10 06:32:18"}
[2026-04-10 06:32:18] [info] [RID:065152fa18120d1d] Advanced Logger initialized successfully | {"request_id":"065152fa18120d1d","memory_mb":2,"timestamp":"2026-04-10 06:32:18"}
[2026-04-10 06:32:18] [info] [RID:a204468deb11b30d] Bootstrap initializing | {"env":"production","request_id":"a204468deb11b30d","memory_mb":2,"timestamp":"2026-04-10 06:32:18"}
[2026-04-10 06:32:18] [info] [RID:a204468deb11b30d] API routing detected | {"version":"v1","route":"/public/products","is_versioned":true,"request_id":"a204468deb11b30d","memory_mb":2,"timestamp":"2026-04-10 06:32:18"}
[2026-04-10 06:32:18] [info] [RID:a204468deb11b30d] Session config loaded | {"request_id":"a204468deb11b30d","memory_mb":2,"timestamp":"2026-04-10 06:32:18"}
[2026-04-10 06:32:18] [info] [RID:a204468deb11b30d] RedisHelper loaded | {"request_id":"a204468deb11b30d","memory_mb":2,"timestamp":"2026-04-10 06:32:18"}
[2026-04-10 06:32:18] [info] [RID:a204468deb11b30d] RequestContext class loaded | {"request_id":"a204468deb11b30d","memory_mb":2,"timestamp":"2026-04-10 06:32:18"}
[2026-04-10 06:32:18] [info] [RID:a204468deb11b30d] Database connection established | {"request_id":"a204468deb11b30d","memory_mb":2,"timestamp":"2026-04-10 06:32:18"}
[2026-04-10 06:32:18] [info] [RID:a204468deb11b30d] CacheManager initialized | {"request_id":"a204468deb11b30d","memory_mb":2,"timestamp":"2026-04-10 06:32:18"}
[2026-04-10 06:32:18] [info] [RID:a204468deb11b30d] User authenticated via session | {"request_id":"a204468deb11b30d","memory_mb":2,"timestamp":"2026-04-10 06:32:18"}
[2026-04-10 06:32:18] [info] [RID:a204468deb11b30d] Tenant data loaded from DB | {"user_id":37,"tenant_id":null,"request_id":"a204468deb11b30d","memory_mb":2,"timestamp":"2026-04-10 06:32:18"}
[2026-04-10 06:32:18] [warning] [RID:a204468deb11b30d] No active tenant found for user | {"user_id":37,"request_id":"a204468deb11b30d","memory_mb":2,"timestamp":"2026-04-10 06:32:18"}
[2026-04-10 06:32:18] [info] [RID:a204468deb11b30d] RequestContext created | {"request_id":"a204468deb11b30d","user_id":37,"tenant_id":1,"roles_count":0,"permissions_count":0,"memory_mb":2,"timestamp":"2026-04-10 06:32:18"}
[2026-04-10 06:32:18] [info] [RID:a204468deb11b30d] Redis extension not loaded - Redis disabled | {"request_id":"a204468deb11b30d","memory_mb":2,"timestamp":"2026-04-10 06:32:18"}
[2026-04-10 06:32:18] [warning] [RID:a204468deb11b30d] Rate limiting failed | {"error":"Redis unavailable","request_id":"a204468deb11b30d","memory_mb":2,"timestamp":"2026-04-10 06:32:18"}
[2026-04-10 06:32:18] [info] [RID:a204468deb11b30d] Bootstrap completed successfully | {"memory_usage_mb":2,"peak_memory_mb":2,"auth_method":"session","user_id":37,"tenant_id":1,"api_version":"v1","api_route":"/public/products","request_context":"loaded","cache_enabled":true,"redis_enabled":false,"database_connected":true,"execution_time_ms":6.1,"request_id":"a204468deb11b30d","memory_mb":2,"timestamp":"2026-04-10 06:32:18"}
[2026-04-10 06:32:18] [info] [RID:065152fa18120d1d] Bootstrap initializing | {"env":"production","request_id":"065152fa18120d1d","memory_mb":2,"timestamp":"2026-04-10 06:32:18"}
[2026-04-10 06:32:18] [info] [RID:065152fa18120d1d] API routing detected | {"version":"v1","route":"/public/products","is_versioned":true,"request_id":"065152fa18120d1d","memory_mb":2,"timestamp":"2026-04-10 06:32:18"}
[2026-04-10 06:32:18] [info] [RID:065152fa18120d1d] Session config loaded | {"request_id":"065152fa18120d1d","memory_mb":2,"timestamp":"2026-04-10 06:32:18"}
[2026-04-10 06:32:18] [info] [RID:065152fa18120d1d] RedisHelper loaded | {"request_id":"065152fa18120d1d","memory_mb":2,"timestamp":"2026-04-10 06:32:18"}
[2026-04-10 06:32:18] [info] [RID:065152fa18120d1d] RequestContext class loaded | {"request_id":"065152fa18120d1d","memory_mb":2,"timestamp":"2026-04-10 06:32:18"}
[2026-04-10 06:32:18] [info] [RID:065152fa18120d1d] Database connection established | {"request_id":"065152fa18120d1d","memory_mb":2,"timestamp":"2026-04-10 06:32:18"}
[2026-04-10 06:32:18] [info] [RID:065152fa18120d1d] CacheManager initialized | {"request_id":"065152fa18120d1d","memory_mb":2,"timestamp":"2026-04-10 06:32:18"}
[2026-04-10 06:32:18] [info] [RID:065152fa18120d1d] User authenticated via session | {"request_id":"065152fa18120d1d","memory_mb":2,"timestamp":"2026-04-10 06:32:18"}
[2026-04-10 06:32:18] [info] [RID:065152fa18120d1d] Tenant data loaded from DB | {"user_id":37,"tenant_id":null,"request_id":"065152fa18120d1d","memory_mb":2,"timestamp":"2026-04-10 06:32:18"}
[2026-04-10 06:32:18] [warning] [RID:065152fa18120d1d] No active tenant found for user | {"user_id":37,"request_id":"065152fa18120d1d","memory_mb":2,"timestamp":"2026-04-10 06:32:18"}
[2026-04-10 06:32:18] [info] [RID:065152fa18120d1d] RequestContext created | {"request_id":"065152fa18120d1d","user_id":37,"tenant_id":1,"roles_count":0,"permissions_count":0,"memory_mb":2,"timestamp":"2026-04-10 06:32:18"}
[2026-04-10 06:32:18] [info] [RID:065152fa18120d1d] Redis extension not loaded - Redis disabled | {"request_id":"065152fa18120d1d","memory_mb":2,"timestamp":"2026-04-10 06:32:18"}
[2026-04-10 06:32:18] [warning] [RID:065152fa18120d1d] Rate limiting failed | {"error":"Redis unavailable","request_id":"065152fa18120d1d","memory_mb":2,"timestamp":"2026-04-10 06:32:18"}
[2026-04-10 06:32:18] [info] [RID:065152fa18120d1d] Bootstrap completed successfully | {"memory_usage_mb":2,"peak_memory_mb":2,"auth_method":"session","user_id":37,"tenant_id":1,"api_version":"v1","api_route":"/public/products","request_context":"loaded","cache_enabled":true,"redis_enabled":false,"database_connected":true,"execution_time_ms":12.2,"request_id":"065152fa18120d1d","memory_mb":2,"timestamp":"2026-04-10 06:32:18"}
[2026-04-10 06:32:32] [info] [RID:581834d12fd04a90] Advanced Logger initialized successfully | {"request_id":"581834d12fd04a90","memory_mb":2,"timestamp":"2026-04-10 06:32:32"}
[2026-04-10 06:32:32] [info] [RID:581834d12fd04a90] Bootstrap initializing | {"env":"production","request_id":"581834d12fd04a90","memory_mb":2,"timestamp":"2026-04-10 06:32:32"}
[2026-04-10 06:32:32] [info] [RID:581834d12fd04a90] API routing detected | {"version":"v1","route":"/auth","is_versioned":true,"request_id":"581834d12fd04a90","memory_mb":2,"timestamp":"2026-04-10 06:32:32"}
[2026-04-10 06:32:32] [info] [RID:581834d12fd04a90] Session config loaded | {"request_id":"581834d12fd04a90","memory_mb":2,"timestamp":"2026-04-10 06:32:32"}
[2026-04-10 06:32:32] [info] [RID:581834d12fd04a90] RedisHelper loaded | {"request_id":"581834d12fd04a90","memory_mb":2,"timestamp":"2026-04-10 06:32:32"}
[2026-04-10 06:32:32] [info] [RID:581834d12fd04a90] RequestContext class loaded | {"request_id":"581834d12fd04a90","memory_mb":2,"timestamp":"2026-04-10 06:32:32"}
[2026-04-10 06:32:32] [info] [RID:581834d12fd04a90] Database connection established | {"request_id":"581834d12fd04a90","memory_mb":2,"timestamp":"2026-04-10 06:32:32"}
[2026-04-10 06:32:32] [info] [RID:581834d12fd04a90] CacheManager initialized | {"request_id":"581834d12fd04a90","memory_mb":2,"timestamp":"2026-04-10 06:32:32"}
[2026-04-10 06:32:32] [info] [RID:581834d12fd04a90] RequestContext created | {"request_id":"581834d12fd04a90","user_id":null,"tenant_id":1,"roles_count":0,"permissions_count":0,"memory_mb":2,"timestamp":"2026-04-10 06:32:32"}
[2026-04-10 06:32:32] [info] [RID:581834d12fd04a90] Redis extension not loaded - Redis disabled | {"request_id":"581834d12fd04a90","memory_mb":2,"timestamp":"2026-04-10 06:32:32"}
[2026-04-10 06:32:32] [warning] [RID:581834d12fd04a90] Rate limiting failed | {"error":"Redis unavailable","request_id":"581834d12fd04a90","memory_mb":2,"timestamp":"2026-04-10 06:32:32"}
[2026-04-10 06:32:32] [info] [RID:581834d12fd04a90] Bootstrap completed successfully | {"memory_usage_mb":2,"peak_memory_mb":2,"auth_method":"none","user_id":null,"tenant_id":1,"api_version":"v1","api_route":"/auth","request_context":"loaded","cache_enabled":true,"redis_enabled":false,"database_connected":true,"execution_time_ms":6.7,"request_id":"581834d12fd04a90","memory_mb":2,"timestamp":"2026-04-10 06:32:32"}
[2026-04-10 06:32:32] [info] [RID:4d082c42f401fe19] Advanced Logger initialized successfully | {"request_id":"4d082c42f401fe19","memory_mb":2,"timestamp":"2026-04-10 06:32:32"}
[2026-04-10 06:32:32] [info] [RID:4d082c42f401fe19] Bootstrap initializing | {"env":"production","request_id":"4d082c42f401fe19","memory_mb":2,"timestamp":"2026-04-10 06:32:32"}
[2026-04-10 06:32:32] [info] [RID:4d082c42f401fe19] API routing detected | {"version":"v1","route":"/public/homepage_sections","is_versioned":true,"request_id":"4d082c42f401fe19","memory_mb":2,"timestamp":"2026-04-10 06:32:32"}
[2026-04-10 06:32:32] [info] [RID:4d082c42f401fe19] Session config loaded | {"request_id":"4d082c42f401fe19","memory_mb":2,"timestamp":"2026-04-10 06:32:32"}
[2026-04-10 06:32:32] [info] [RID:4d082c42f401fe19] RedisHelper loaded | {"request_id":"4d082c42f401fe19","memory_mb":2,"timestamp":"2026-04-10 06:32:32"}
[2026-04-10 06:32:32] [info] [RID:4d082c42f401fe19] RequestContext class loaded | {"request_id":"4d082c42f401fe19","memory_mb":2,"timestamp":"2026-04-10 06:32:32"}
[2026-04-10 06:32:32] [info] [RID:4d082c42f401fe19] Database connection established | {"request_id":"4d082c42f401fe19","memory_mb":2,"timestamp":"2026-04-10 06:32:32"}
[2026-04-10 06:32:32] [info] [RID:4d082c42f401fe19] CacheManager initialized | {"request_id":"4d082c42f401fe19","memory_mb":2,"timestamp":"2026-04-10 06:32:32"}
[2026-04-10 06:32:32] [info] [RID:4d082c42f401fe19] RequestContext created | {"request_id":"4d082c42f401fe19","user_id":null,"tenant_id":1,"roles_count":0,"permissions_count":0,"memory_mb":2,"timestamp":"2026-04-10 06:32:32"}
[2026-04-10 06:32:32] [info] [RID:4d082c42f401fe19] Redis extension not loaded - Redis disabled | {"request_id":"4d082c42f401fe19","memory_mb":2,"timestamp":"2026-04-10 06:32:32"}
[2026-04-10 06:32:32] [warning] [RID:4d082c42f401fe19] Rate limiting failed | {"error":"Redis unavailable","request_id":"4d082c42f401fe19","memory_mb":2,"timestamp":"2026-04-10 06:32:32"}
[2026-04-10 06:32:32] [info] [RID:4d082c42f401fe19] Bootstrap completed successfully | {"memory_usage_mb":2,"peak_memory_mb":2,"auth_method":"none","user_id":null,"tenant_id":1,"api_version":"v1","api_route":"/public/homepage_sections","request_context":"loaded","cache_enabled":true,"redis_enabled":false,"database_connected":true,"execution_time_ms":5,"request_id":"4d082c42f401fe19","memory_mb":2,"timestamp":"2026-04-10 06:32:32"}
[2026-04-10 06:32:32] [info] [RID:45e9f3f58deb0dc0] Advanced Logger initialized successfully | {"request_id":"45e9f3f58deb0dc0","memory_mb":2,"timestamp":"2026-04-10 06:32:32"}
[2026-04-10 06:32:32] [info] [RID:45e9f3f58deb0dc0] Bootstrap initializing | {"env":"production","request_id":"45e9f3f58deb0dc0","memory_mb":2,"timestamp":"2026-04-10 06:32:32"}
[2026-04-10 06:32:32] [info] [RID:45e9f3f58deb0dc0] API routing detected | {"version":"v1","route":"/public/ads","is_versioned":true,"request_id":"45e9f3f58deb0dc0","memory_mb":2,"timestamp":"2026-04-10 06:32:32"}
[2026-04-10 06:32:32] [info] [RID:45e9f3f58deb0dc0] Session config loaded | {"request_id":"45e9f3f58deb0dc0","memory_mb":2,"timestamp":"2026-04-10 06:32:32"}
[2026-04-10 06:32:32] [info] [RID:45e9f3f58deb0dc0] RedisHelper loaded | {"request_id":"45e9f3f58deb0dc0","memory_mb":2,"timestamp":"2026-04-10 06:32:32"}
[2026-04-10 06:32:32] [info] [RID:45e9f3f58deb0dc0] RequestContext class loaded | {"request_id":"45e9f3f58deb0dc0","memory_mb":2,"timestamp":"2026-04-10 06:32:32"}
[2026-04-10 06:32:32] [info] [RID:45e9f3f58deb0dc0] Database connection established | {"request_id":"45e9f3f58deb0dc0","memory_mb":2,"timestamp":"2026-04-10 06:32:32"}
[2026-04-10 06:32:32] [info] [RID:45e9f3f58deb0dc0] CacheManager initialized | {"request_id":"45e9f3f58deb0dc0","memory_mb":2,"timestamp":"2026-04-10 06:32:32"}
[2026-04-10 06:32:32] [info] [RID:45e9f3f58deb0dc0] RequestContext created | {"request_id":"45e9f3f58deb0dc0","user_id":null,"tenant_id":1,"roles_count":0,"permissions_count":0,"memory_mb":2,"timestamp":"2026-04-10 06:32:32"}
[2026-04-10 06:32:32] [info] [RID:45e9f3f58deb0dc0] Redis extension not loaded - Redis disabled | {"request_id":"45e9f3f58deb0dc0","memory_mb":2,"timestamp":"2026-04-10 06:32:32"}
[2026-04-10 06:32:32] [warning] [RID:45e9f3f58deb0dc0] Rate limiting failed | {"error":"Redis unavailable","request_id":"45e9f3f58deb0dc0","memory_mb":2,"timestamp":"2026-04-10 06:32:32"}
[2026-04-10 06:32:32] [info] [RID:45e9f3f58deb0dc0] Bootstrap completed successfully | {"memory_usage_mb":2,"peak_memory_mb":2,"auth_method":"none","user_id":null,"tenant_id":1,"api_version":"v1","api_route":"/public/ads","request_context":"loaded","cache_enabled":true,"redis_enabled":false,"database_connected":true,"execution_time_ms":4.7,"request_id":"45e9f3f58deb0dc0","memory_mb":2,"timestamp":"2026-04-10 06:32:32"}
[2026-04-10 06:32:32] [info] [RID:4f692c2cab75ae62] Advanced Logger initialized successfully | {"request_id":"4f692c2cab75ae62","memory_mb":2,"timestamp":"2026-04-10 06:32:32"}
[2026-04-10 06:32:32] [info] [RID:4f692c2cab75ae62] Bootstrap initializing | {"env":"production","request_id":"4f692c2cab75ae62","memory_mb":2,"timestamp":"2026-04-10 06:32:32"}
[2026-04-10 06:32:32] [info] [RID:4f692c2cab75ae62] API routing detected | {"version":"v1","route":"/public/categories","is_versioned":true,"request_id":"4f692c2cab75ae62","memory_mb":2,"timestamp":"2026-04-10 06:32:32"}
[2026-04-10 06:32:32] [info] [RID:4f692c2cab75ae62] Session config loaded | {"request_id":"4f692c2cab75ae62","memory_mb":2,"timestamp":"2026-04-10 06:32:32"}
[2026-04-10 06:32:32] [info] [RID:4f692c2cab75ae62] RedisHelper loaded | {"request_id":"4f692c2cab75ae62","memory_mb":2,"timestamp":"2026-04-10 06:32:32"}
[2026-04-10 06:32:32] [info] [RID:4f692c2cab75ae62] RequestContext class loaded | {"request_id":"4f692c2cab75ae62","memory_mb":2,"timestamp":"2026-04-10 06:32:32"}
[2026-04-10 06:32:32] [info] [RID:4f692c2cab75ae62] Database connection established | {"request_id":"4f692c2cab75ae62","memory_mb":2,"timestamp":"2026-04-10 06:32:32"}
[2026-04-10 06:32:32] [info] [RID:4f692c2cab75ae62] CacheManager initialized | {"request_id":"4f692c2cab75ae62","memory_mb":2,"timestamp":"2026-04-10 06:32:32"}
[2026-04-10 06:32:32] [info] [RID:4f692c2cab75ae62] RequestContext created | {"request_id":"4f692c2cab75ae62","user_id":null,"tenant_id":1,"roles_count":0,"permissions_count":0,"memory_mb":2,"timestamp":"2026-04-10 06:32:32"}
[2026-04-10 06:32:32] [info] [RID:4f692c2cab75ae62] Redis extension not loaded - Redis disabled | {"request_id":"4f692c2cab75ae62","memory_mb":2,"timestamp":"2026-04-10 06:32:32"}
[2026-04-10 06:32:32] [warning] [RID:4f692c2cab75ae62] Rate limiting failed | {"error":"Redis unavailable","request_id":"4f692c2cab75ae62","memory_mb":2,"timestamp":"2026-04-10 06:32:32"}
[2026-04-10 06:32:32] [info] [RID:4f692c2cab75ae62] Bootstrap completed successfully | {"memory_usage_mb":2,"peak_memory_mb":2,"auth_method":"none","user_id":null,"tenant_id":1,"api_version":"v1","api_route":"/public/categories","request_context":"loaded","cache_enabled":true,"redis_enabled":false,"database_connected":true,"execution_time_ms":4.8,"request_id":"4f692c2cab75ae62","memory_mb":2,"timestamp":"2026-04-10 06:32:32"}
[2026-04-10 06:32:32] [info] [RID:4634cea37eadadba] Advanced Logger initialized successfully | {"request_id":"4634cea37eadadba","memory_mb":2,"timestamp":"2026-04-10 06:32:32"}
[2026-04-10 06:32:32] [info] [RID:4634cea37eadadba] Bootstrap initializing | {"env":"production","request_id":"4634cea37eadadba","memory_mb":2,"timestamp":"2026-04-10 06:32:32"}
[2026-04-10 06:32:32] [info] [RID:4634cea37eadadba] API routing detected | {"version":"v1","route":"/public/discounts","is_versioned":true,"request_id":"4634cea37eadadba","memory_mb":2,"timestamp":"2026-04-10 06:32:32"}
[2026-04-10 06:32:32] [info] [RID:4634cea37eadadba] Session config loaded | {"request_id":"4634cea37eadadba","memory_mb":2,"timestamp":"2026-04-10 06:32:32"}
[2026-04-10 06:32:32] [info] [RID:4634cea37eadadba] RedisHelper loaded | {"request_id":"4634cea37eadadba","memory_mb":2,"timestamp":"2026-04-10 06:32:32"}
[2026-04-10 06:32:32] [info] [RID:4634cea37eadadba] RequestContext class loaded | {"request_id":"4634cea37eadadba","memory_mb":2,"timestamp":"2026-04-10 06:32:32"}
[2026-04-10 06:32:32] [info] [RID:4634cea37eadadba] Database connection established | {"request_id":"4634cea37eadadba","memory_mb":2,"timestamp":"2026-04-10 06:32:32"}
[2026-04-10 06:32:32] [info] [RID:4634cea37eadadba] CacheManager initialized | {"request_id":"4634cea37eadadba","memory_mb":2,"timestamp":"2026-04-10 06:32:32"}
[2026-04-10 06:32:32] [info] [RID:4634cea37eadadba] RequestContext created | {"request_id":"4634cea37eadadba","user_id":null,"tenant_id":1,"roles_count":0,"permissions_count":0,"memory_mb":2,"timestamp":"2026-04-10 06:32:32"}
[2026-04-10 06:32:32] [info] [RID:4634cea37eadadba] Redis extension not loaded - Redis disabled | {"request_id":"4634cea37eadadba","memory_mb":2,"timestamp":"2026-04-10 06:32:32"}
[2026-04-10 06:32:32] [warning] [RID:4634cea37eadadba] Rate limiting failed | {"error":"Redis unavailable","request_id":"4634cea37eadadba","memory_mb":2,"timestamp":"2026-04-10 06:32:32"}
[2026-04-10 06:32:32] [info] [RID:4634cea37eadadba] Bootstrap completed successfully | {"memory_usage_mb":2,"peak_memory_mb":2,"auth_method":"none","user_id":null,"tenant_id":1,"api_version":"v1","api_route":"/public/discounts","request_context":"loaded","cache_enabled":true,"redis_enabled":false,"database_connected":true,"execution_time_ms":5,"request_id":"4634cea37eadadba","memory_mb":2,"timestamp":"2026-04-10 06:32:32"}
[2026-04-10 06:32:32] [info] [RID:481359049d4beff3] Advanced Logger initialized successfully | {"request_id":"481359049d4beff3","memory_mb":2,"timestamp":"2026-04-10 06:32:32"}
[2026-04-10 06:32:32] [info] [RID:481359049d4beff3] Bootstrap initializing | {"env":"production","request_id":"481359049d4beff3","memory_mb":2,"timestamp":"2026-04-10 06:32:32"}
[2026-04-10 06:32:32] [info] [RID:481359049d4beff3] API routing detected | {"version":"v1","route":"/public/products","is_versioned":true,"request_id":"481359049d4beff3","memory_mb":2,"timestamp":"2026-04-10 06:32:32"}
[2026-04-10 06:32:32] [info] [RID:481359049d4beff3] Session config loaded | {"request_id":"481359049d4beff3","memory_mb":2,"timestamp":"2026-04-10 06:32:32"}
[2026-04-10 06:32:32] [info] [RID:481359049d4beff3] RedisHelper loaded | {"request_id":"481359049d4beff3","memory_mb":2,"timestamp":"2026-04-10 06:32:32"}
[2026-04-10 06:32:32] [info] [RID:481359049d4beff3] RequestContext class loaded | {"request_id":"481359049d4beff3","memory_mb":2,"timestamp":"2026-04-10 06:32:32"}
[2026-04-10 06:32:32] [info] [RID:481359049d4beff3] Database connection established | {"request_id":"481359049d4beff3","memory_mb":2,"timestamp":"2026-04-10 06:32:32"}
[2026-04-10 06:32:32] [info] [RID:481359049d4beff3] CacheManager initialized | {"request_id":"481359049d4beff3","memory_mb":2,"timestamp":"2026-04-10 06:32:32"}
[2026-04-10 06:32:32] [info] [RID:481359049d4beff3] RequestContext created | {"request_id":"481359049d4beff3","user_id":null,"tenant_id":1,"roles_count":0,"permissions_count":0,"memory_mb":2,"timestamp":"2026-04-10 06:32:32"}
[2026-04-10 06:32:32] [info] [RID:481359049d4beff3] Redis extension not loaded - Redis disabled | {"request_id":"481359049d4beff3","memory_mb":2,"timestamp":"2026-04-10 06:32:32"}
[2026-04-10 06:32:32] [warning] [RID:481359049d4beff3] Rate limiting failed | {"error":"Redis unavailable","request_id":"481359049d4beff3","memory_mb":2,"timestamp":"2026-04-10 06:32:32"}
[2026-04-10 06:32:32] [info] [RID:481359049d4beff3] Bootstrap completed successfully | {"memory_usage_mb":2,"peak_memory_mb":2,"auth_method":"none","user_id":null,"tenant_id":1,"api_version":"v1","api_route":"/public/products","request_context":"loaded","cache_enabled":true,"redis_enabled":false,"database_connected":true,"execution_time_ms":5.4,"request_id":"481359049d4beff3","memory_mb":2,"timestamp":"2026-04-10 06:32:32"}
[2026-04-10 06:32:33] [info] [RID:b539c103007d9ff7] Advanced Logger initialized successfully | {"request_id":"b539c103007d9ff7","memory_mb":2,"timestamp":"2026-04-10 06:32:33"}
[2026-04-10 06:32:33] [info] [RID:b539c103007d9ff7] Bootstrap initializing | {"env":"production","request_id":"b539c103007d9ff7","memory_mb":2,"timestamp":"2026-04-10 06:32:33"}
[2026-04-10 06:32:33] [info] [RID:b539c103007d9ff7] API routing detected | {"version":"v1","route":"/public/products","is_versioned":true,"request_id":"b539c103007d9ff7","memory_mb":2,"timestamp":"2026-04-10 06:32:33"}
[2026-04-10 06:32:33] [info] [RID:b539c103007d9ff7] Session config loaded | {"request_id":"b539c103007d9ff7","memory_mb":2,"timestamp":"2026-04-10 06:32:33"}
[2026-04-10 06:32:33] [info] [RID:b539c103007d9ff7] RedisHelper loaded | {"request_id":"b539c103007d9ff7","memory_mb":2,"timestamp":"2026-04-10 06:32:33"}
[2026-04-10 06:32:33] [info] [RID:b539c103007d9ff7] RequestContext class loaded | {"request_id":"b539c103007d9ff7","memory_mb":2,"timestamp":"2026-04-10 06:32:33"}
[2026-04-10 06:32:33] [info] [RID:b539c103007d9ff7] Database connection established | {"request_id":"b539c103007d9ff7","memory_mb":2,"timestamp":"2026-04-10 06:32:33"}
[2026-04-10 06:32:33] [info] [RID:b539c103007d9ff7] CacheManager initialized | {"request_id":"b539c103007d9ff7","memory_mb":2,"timestamp":"2026-04-10 06:32:33"}
[2026-04-10 06:32:33] [info] [RID:b539c103007d9ff7] RequestContext created | {"request_id":"b539c103007d9ff7","user_id":null,"tenant_id":1,"roles_count":0,"permissions_count":0,"memory_mb":2,"timestamp":"2026-04-10 06:32:33"}
[2026-04-10 06:32:33] [info] [RID:b539c103007d9ff7] Redis extension not loaded - Redis disabled | {"request_id":"b539c103007d9ff7","memory_mb":2,"timestamp":"2026-04-10 06:32:33"}
[2026-04-10 06:32:33] [warning] [RID:b539c103007d9ff7] Rate limiting failed | {"error":"Redis unavailable","request_id":"b539c103007d9ff7","memory_mb":2,"timestamp":"2026-04-10 06:32:33"}
[2026-04-10 06:32:33] [info] [RID:b539c103007d9ff7] Bootstrap completed successfully | {"memory_usage_mb":2,"peak_memory_mb":2,"auth_method":"none","user_id":null,"tenant_id":1,"api_version":"v1","api_route":"/public/products","request_context":"loaded","cache_enabled":true,"redis_enabled":false,"database_connected":true,"execution_time_ms":5.2,"request_id":"b539c103007d9ff7","memory_mb":2,"timestamp":"2026-04-10 06:32:33"}
[2026-04-10 06:32:33] [info] [RID:7698f114c45e944a] Advanced Logger initialized successfully | {"request_id":"7698f114c45e944a","memory_mb":2,"timestamp":"2026-04-10 06:32:33"}
[2026-04-10 06:32:33] [info] [RID:7698f114c45e944a] Bootstrap initializing | {"env":"production","request_id":"7698f114c45e944a","memory_mb":2,"timestamp":"2026-04-10 06:32:33"}
[2026-04-10 06:32:33] [info] [RID:7698f114c45e944a] API routing detected | {"version":"v1","route":"/public/entities","is_versioned":true,"request_id":"7698f114c45e944a","memory_mb":2,"timestamp":"2026-04-10 06:32:33"}
[2026-04-10 06:32:33] [info] [RID:7698f114c45e944a] Session config loaded | {"request_id":"7698f114c45e944a","memory_mb":2,"timestamp":"2026-04-10 06:32:33"}
[2026-04-10 06:32:33] [info] [RID:7698f114c45e944a] RedisHelper loaded | {"request_id":"7698f114c45e944a","memory_mb":2,"timestamp":"2026-04-10 06:32:33"}
[2026-04-10 06:32:33] [info] [RID:7698f114c45e944a] RequestContext class loaded | {"request_id":"7698f114c45e944a","memory_mb":2,"timestamp":"2026-04-10 06:32:33"}
[2026-04-10 06:32:33] [info] [RID:7698f114c45e944a] Database connection established | {"request_id":"7698f114c45e944a","memory_mb":2,"timestamp":"2026-04-10 06:32:33"}
[2026-04-10 06:32:33] [info] [RID:7698f114c45e944a] CacheManager initialized | {"request_id":"7698f114c45e944a","memory_mb":2,"timestamp":"2026-04-10 06:32:33"}
[2026-04-10 06:32:33] [info] [RID:7698f114c45e944a] RequestContext created | {"request_id":"7698f114c45e944a","user_id":null,"tenant_id":1,"roles_count":0,"permissions_count":0,"memory_mb":2,"timestamp":"2026-04-10 06:32:33"}
[2026-04-10 06:32:33] [info] [RID:7698f114c45e944a] Redis extension not loaded - Redis disabled | {"request_id":"7698f114c45e944a","memory_mb":2,"timestamp":"2026-04-10 06:32:33"}
[2026-04-10 06:32:33] [warning] [RID:7698f114c45e944a] Rate limiting failed | {"error":"Redis unavailable","request_id":"7698f114c45e944a","memory_mb":2,"timestamp":"2026-04-10 06:32:33"}
[2026-04-10 06:32:33] [info] [RID:7698f114c45e944a] Bootstrap completed successfully | {"memory_usage_mb":2,"peak_memory_mb":2,"auth_method":"none","user_id":null,"tenant_id":1,"api_version":"v1","api_route":"/public/entities","request_context":"loaded","cache_enabled":true,"redis_enabled":false,"database_connected":true,"execution_time_ms":6,"request_id":"7698f114c45e944a","memory_mb":2,"timestamp":"2026-04-10 06:32:33"}
[2026-04-10 06:32:33] [info] [RID:15094180811ec2b1] Advanced Logger initialized successfully | {"request_id":"15094180811ec2b1","memory_mb":2,"timestamp":"2026-04-10 06:32:33"}
[2026-04-10 06:32:33] [info] [RID:15094180811ec2b1] Bootstrap initializing | {"env":"production","request_id":"15094180811ec2b1","memory_mb":2,"timestamp":"2026-04-10 06:32:33"}
[2026-04-10 06:32:33] [info] [RID:15094180811ec2b1] API routing detected | {"version":"v1","route":"/public/brands","is_versioned":true,"request_id":"15094180811ec2b1","memory_mb":2,"timestamp":"2026-04-10 06:32:33"}
[2026-04-10 06:32:33] [info] [RID:15094180811ec2b1] Session config loaded | {"request_id":"15094180811ec2b1","memory_mb":2,"timestamp":"2026-04-10 06:32:33"}
[2026-04-10 06:32:33] [info] [RID:15094180811ec2b1] RedisHelper loaded | {"request_id":"15094180811ec2b1","memory_mb":2,"timestamp":"2026-04-10 06:32:33"}
[2026-04-10 06:32:33] [info] [RID:15094180811ec2b1] RequestContext class loaded | {"request_id":"15094180811ec2b1","memory_mb":2,"timestamp":"2026-04-10 06:32:33"}
[2026-04-10 06:32:33] [info] [RID:15094180811ec2b1] Database connection established | {"request_id":"15094180811ec2b1","memory_mb":2,"timestamp":"2026-04-10 06:32:33"}
[2026-04-10 06:32:33] [info] [RID:15094180811ec2b1] CacheManager initialized | {"request_id":"15094180811ec2b1","memory_mb":2,"timestamp":"2026-04-10 06:32:33"}
[2026-04-10 06:32:33] [info] [RID:15094180811ec2b1] RequestContext created | {"request_id":"15094180811ec2b1","user_id":null,"tenant_id":1,"roles_count":0,"permissions_count":0,"memory_mb":2,"timestamp":"2026-04-10 06:32:33"}
[2026-04-10 06:32:33] [info] [RID:15094180811ec2b1] Redis extension not loaded - Redis disabled | {"request_id":"15094180811ec2b1","memory_mb":2,"timestamp":"2026-04-10 06:32:33"}
[2026-04-10 06:32:33] [warning] [RID:15094180811ec2b1] Rate limiting failed | {"error":"Redis unavailable","request_id":"15094180811ec2b1","memory_mb":2,"timestamp":"2026-04-10 06:32:33"}
[2026-04-10 06:32:33] [info] [RID:15094180811ec2b1] Bootstrap completed successfully | {"memory_usage_mb":2,"peak_memory_mb":2,"auth_method":"none","user_id":null,"tenant_id":1,"api_version":"v1","api_route":"/public/brands","request_context":"loaded","cache_enabled":true,"redis_enabled":false,"database_connected":true,"execution_time_ms":5,"request_id":"15094180811ec2b1","memory_mb":2,"timestamp":"2026-04-10 06:32:33"}
[2026-04-10 06:32:33] [info] [RID:44ec4c74dcfdf459] Advanced Logger initialized successfully | {"request_id":"44ec4c74dcfdf459","memory_mb":2,"timestamp":"2026-04-10 06:32:33"}
[2026-04-10 06:32:33] [info] [RID:44ec4c74dcfdf459] Bootstrap initializing | {"env":"production","request_id":"44ec4c74dcfdf459","memory_mb":2,"timestamp":"2026-04-10 06:32:33"}
[2026-04-10 06:32:33] [info] [RID:44ec4c74dcfdf459] API routing detected | {"version":"v1","route":"/public/auctions","is_versioned":true,"request_id":"44ec4c74dcfdf459","memory_mb":2,"timestamp":"2026-04-10 06:32:33"}
[2026-04-10 06:32:33] [info] [RID:44ec4c74dcfdf459] Session config loaded | {"request_id":"44ec4c74dcfdf459","memory_mb":2,"timestamp":"2026-04-10 06:32:33"}
[2026-04-10 06:32:33] [info] [RID:44ec4c74dcfdf459] RedisHelper loaded | {"request_id":"44ec4c74dcfdf459","memory_mb":2,"timestamp":"2026-04-10 06:32:33"}
[2026-04-10 06:32:33] [info] [RID:44ec4c74dcfdf459] RequestContext class loaded | {"request_id":"44ec4c74dcfdf459","memory_mb":2,"timestamp":"2026-04-10 06:32:33"}
[2026-04-10 06:32:33] [info] [RID:44ec4c74dcfdf459] Database connection established | {"request_id":"44ec4c74dcfdf459","memory_mb":2,"timestamp":"2026-04-10 06:32:33"}
[2026-04-10 06:32:33] [info] [RID:44ec4c74dcfdf459] CacheManager initialized | {"request_id":"44ec4c74dcfdf459","memory_mb":2,"timestamp":"2026-04-10 06:32:33"}
[2026-04-10 06:32:33] [info] [RID:44ec4c74dcfdf459] RequestContext created | {"request_id":"44ec4c74dcfdf459","user_id":null,"tenant_id":1,"roles_count":0,"permissions_count":0,"memory_mb":2,"timestamp":"2026-04-10 06:32:33"}
[2026-04-10 06:32:33] [info] [RID:44ec4c74dcfdf459] Redis extension not loaded - Redis disabled | {"request_id":"44ec4c74dcfdf459","memory_mb":2,"timestamp":"2026-04-10 06:32:33"}
[2026-04-10 06:32:33] [warning] [RID:44ec4c74dcfdf459] Rate limiting failed | {"error":"Redis unavailable","request_id":"44ec4c74dcfdf459","memory_mb":2,"timestamp":"2026-04-10 06:32:33"}
[2026-04-10 06:32:33] [info] [RID:44ec4c74dcfdf459] Bootstrap completed successfully | {"memory_usage_mb":2,"peak_memory_mb":2,"auth_method":"none","user_id":null,"tenant_id":1,"api_version":"v1","api_route":"/public/auctions","request_context":"loaded","cache_enabled":true,"redis_enabled":false,"database_connected":true,"execution_time_ms":6.2,"request_id":"44ec4c74dcfdf459","memory_mb":2,"timestamp":"2026-04-10 06:32:33"}
[2026-04-10 06:32:33] [info] [RID:3159d0482ac0f9c5] Advanced Logger initialized successfully | {"request_id":"3159d0482ac0f9c5","memory_mb":2,"timestamp":"2026-04-10 06:32:33"}
[2026-04-10 06:32:33] [info] [RID:3159d0482ac0f9c5] Bootstrap initializing | {"env":"production","request_id":"3159d0482ac0f9c5","memory_mb":2,"timestamp":"2026-04-10 06:32:33"}
[2026-04-10 06:32:33] [info] [RID:3159d0482ac0f9c5] API routing detected | {"version":"v1","route":"/public/jobs","is_versioned":true,"request_id":"3159d0482ac0f9c5","memory_mb":2,"timestamp":"2026-04-10 06:32:33"}
[2026-04-10 06:32:33] [info] [RID:3159d0482ac0f9c5] Session config loaded | {"request_id":"3159d0482ac0f9c5","memory_mb":2,"timestamp":"2026-04-10 06:32:33"}
[2026-04-10 06:32:33] [info] [RID:3159d0482ac0f9c5] RedisHelper loaded | {"request_id":"3159d0482ac0f9c5","memory_mb":2,"timestamp":"2026-04-10 06:32:33"}
[2026-04-10 06:32:33] [info] [RID:3159d0482ac0f9c5] RequestContext class loaded | {"request_id":"3159d0482ac0f9c5","memory_mb":2,"timestamp":"2026-04-10 06:32:33"}
[2026-04-10 06:32:33] [info] [RID:3159d0482ac0f9c5] Database connection established | {"request_id":"3159d0482ac0f9c5","memory_mb":2,"timestamp":"2026-04-10 06:32:33"}
[2026-04-10 06:32:33] [info] [RID:3159d0482ac0f9c5] CacheManager initialized | {"request_id":"3159d0482ac0f9c5","memory_mb":2,"timestamp":"2026-04-10 06:32:33"}
[2026-04-10 06:32:33] [info] [RID:3159d0482ac0f9c5] RequestContext created | {"request_id":"3159d0482ac0f9c5","user_id":null,"tenant_id":1,"roles_count":0,"permissions_count":0,"memory_mb":2,"timestamp":"2026-04-10 06:32:33"}
[2026-04-10 06:32:33] [info] [RID:3159d0482ac0f9c5] Redis extension not loaded - Redis disabled | {"request_id":"3159d0482ac0f9c5","memory_mb":2,"timestamp":"2026-04-10 06:32:33"}
[2026-04-10 06:32:33] [warning] [RID:3159d0482ac0f9c5] Rate limiting failed | {"error":"Redis unavailable","request_id":"3159d0482ac0f9c5","memory_mb":2,"timestamp":"2026-04-10 06:32:33"}
[2026-04-10 06:32:33] [info] [RID:3159d0482ac0f9c5] Bootstrap completed successfully | {"memory_usage_mb":2,"peak_memory_mb":2,"auth_method":"none","user_id":null,"tenant_id":1,"api_version":"v1","api_route":"/public/jobs","request_context":"loaded","cache_enabled":true,"redis_enabled":false,"database_connected":true,"execution_time_ms":4.7,"request_id":"3159d0482ac0f9c5","memory_mb":2,"timestamp":"2026-04-10 06:32:33"}
[2026-04-10 06:32:33] [info] [RID:114a1995c50d4817] Advanced Logger initialized successfully | {"request_id":"114a1995c50d4817","memory_mb":2,"timestamp":"2026-04-10 06:32:33"}
[2026-04-10 06:32:33] [info] [RID:114a1995c50d4817] Bootstrap initializing | {"env":"production","request_id":"114a1995c50d4817","memory_mb":2,"timestamp":"2026-04-10 06:32:33"}
[2026-04-10 06:32:33] [info] [RID:114a1995c50d4817] API routing detected | {"version":"v1","route":"/public/user_devices","is_versioned":true,"request_id":"114a1995c50d4817","memory_mb":2,"timestamp":"2026-04-10 06:32:33"}
[2026-04-10 06:32:33] [info] [RID:114a1995c50d4817] Session config loaded | {"request_id":"114a1995c50d4817","memory_mb":2,"timestamp":"2026-04-10 06:32:33"}
[2026-04-10 06:32:33] [info] [RID:114a1995c50d4817] RedisHelper loaded | {"request_id":"114a1995c50d4817","memory_mb":2,"timestamp":"2026-04-10 06:32:33"}
[2026-04-10 06:32:33] [info] [RID:114a1995c50d4817] RequestContext class loaded | {"request_id":"114a1995c50d4817","memory_mb":2,"timestamp":"2026-04-10 06:32:33"}
[2026-04-10 06:32:33] [info] [RID:114a1995c50d4817] Database connection established | {"request_id":"114a1995c50d4817","memory_mb":2,"timestamp":"2026-04-10 06:32:33"}
[2026-04-10 06:32:33] [info] [RID:114a1995c50d4817] CacheManager initialized | {"request_id":"114a1995c50d4817","memory_mb":2,"timestamp":"2026-04-10 06:32:33"}
[2026-04-10 06:32:33] [info] [RID:114a1995c50d4817] User authenticated via session | {"request_id":"114a1995c50d4817","memory_mb":2,"timestamp":"2026-04-10 06:32:33"}
[2026-04-10 06:32:33] [info] [RID:114a1995c50d4817] RequestContext created | {"request_id":"114a1995c50d4817","user_id":7,"tenant_id":1,"roles_count":1,"permissions_count":28,"memory_mb":2,"timestamp":"2026-04-10 06:32:33"}
[2026-04-10 06:32:33] [info] [RID:114a1995c50d4817] Redis extension not loaded - Redis disabled | {"request_id":"114a1995c50d4817","memory_mb":2,"timestamp":"2026-04-10 06:32:33"}
[2026-04-10 06:32:33] [warning] [RID:114a1995c50d4817] Rate limiting failed | {"error":"Redis unavailable","request_id":"114a1995c50d4817","memory_mb":2,"timestamp":"2026-04-10 06:32:33"}
[2026-04-10 06:32:33] [info] [RID:114a1995c50d4817] Bootstrap completed successfully | {"memory_usage_mb":2,"peak_memory_mb":2,"auth_method":"session","user_id":7,"tenant_id":1,"api_version":"v1","api_route":"/public/user_devices","request_context":"loaded","cache_enabled":true,"redis_enabled":false,"database_connected":true,"execution_time_ms":5,"request_id":"114a1995c50d4817","memory_mb":2,"timestamp":"2026-04-10 06:32:33"}
[2026-04-10 06:32:36] [info] [RID:e6a3430abab9ca13] Advanced Logger initialized successfully | {"request_id":"e6a3430abab9ca13","memory_mb":2,"timestamp":"2026-04-10 06:32:36"}
[2026-04-10 06:32:36] [info] [RID:e6a3430abab9ca13] Bootstrap initializing | {"env":"production","request_id":"e6a3430abab9ca13","memory_mb":2,"timestamp":"2026-04-10 06:32:36"}
[2026-04-10 06:32:36] [info] [RID:e6a3430abab9ca13] API routing detected | {"version":"v1","route":"/public/homepage_sections","is_versioned":true,"request_id":"e6a3430abab9ca13","memory_mb":2,"timestamp":"2026-04-10 06:32:36"}
[2026-04-10 06:32:36] [info] [RID:e6a3430abab9ca13] Session config loaded | {"request_id":"e6a3430abab9ca13","memory_mb":2,"timestamp":"2026-04-10 06:32:36"}
[2026-04-10 06:32:36] [info] [RID:e6a3430abab9ca13] RedisHelper loaded | {"request_id":"e6a3430abab9ca13","memory_mb":2,"timestamp":"2026-04-10 06:32:36"}
[2026-04-10 06:32:36] [info] [RID:e6a3430abab9ca13] RequestContext class loaded | {"request_id":"e6a3430abab9ca13","memory_mb":2,"timestamp":"2026-04-10 06:32:36"}
[2026-04-10 06:32:36] [info] [RID:e6a3430abab9ca13] Database connection established | {"request_id":"e6a3430abab9ca13","memory_mb":2,"timestamp":"2026-04-10 06:32:36"}
[2026-04-10 06:32:36] [info] [RID:e6a3430abab9ca13] CacheManager initialized | {"request_id":"e6a3430abab9ca13","memory_mb":2,"timestamp":"2026-04-10 06:32:36"}
[2026-04-10 06:32:36] [info] [RID:e6a3430abab9ca13] RequestContext created | {"request_id":"e6a3430abab9ca13","user_id":null,"tenant_id":1,"roles_count":0,"permissions_count":0,"memory_mb":2,"timestamp":"2026-04-10 06:32:36"}
[2026-04-10 06:32:36] [info] [RID:e6a3430abab9ca13] Redis extension not loaded - Redis disabled | {"request_id":"e6a3430abab9ca13","memory_mb":2,"timestamp":"2026-04-10 06:32:36"}
[2026-04-10 06:32:36] [warning] [RID:e6a3430abab9ca13] Rate limiting failed | {"error":"Redis unavailable","request_id":"e6a3430abab9ca13","memory_mb":2,"timestamp":"2026-04-10 06:32:36"}
[2026-04-10 06:32:36] [info] [RID:e6a3430abab9ca13] Bootstrap completed successfully | {"memory_usage_mb":2,"peak_memory_mb":2,"auth_method":"none","user_id":null,"tenant_id":1,"api_version":"v1","api_route":"/public/homepage_sections","request_context":"loaded","cache_enabled":true,"redis_enabled":false,"database_connected":true,"execution_time_ms":6.3,"request_id":"e6a3430abab9ca13","memory_mb":2,"timestamp":"2026-04-10 06:32:36"}
[2026-04-10 06:32:36] [info] [RID:22b0a444631617f3] Advanced Logger initialized successfully | {"request_id":"22b0a444631617f3","memory_mb":2,"timestamp":"2026-04-10 06:32:36"}
[2026-04-10 06:32:36] [info] [RID:22b0a444631617f3] Bootstrap initializing | {"env":"production","request_id":"22b0a444631617f3","memory_mb":2,"timestamp":"2026-04-10 06:32:36"}
[2026-04-10 06:32:36] [info] [RID:22b0a444631617f3] API routing detected | {"version":"v1","route":"/public/ads","is_versioned":true,"request_id":"22b0a444631617f3","memory_mb":2,"timestamp":"2026-04-10 06:32:36"}
[2026-04-10 06:32:36] [info] [RID:22b0a444631617f3] Session config loaded | {"request_id":"22b0a444631617f3","memory_mb":2,"timestamp":"2026-04-10 06:32:36"}
[2026-04-10 06:32:36] [info] [RID:22b0a444631617f3] RedisHelper loaded | {"request_id":"22b0a444631617f3","memory_mb":2,"timestamp":"2026-04-10 06:32:36"}
[2026-04-10 06:32:36] [info] [RID:22b0a444631617f3] RequestContext class loaded | {"request_id":"22b0a444631617f3","memory_mb":2,"timestamp":"2026-04-10 06:32:36"}
[2026-04-10 06:32:36] [info] [RID:22b0a444631617f3] Database connection established | {"request_id":"22b0a444631617f3","memory_mb":2,"timestamp":"2026-04-10 06:32:36"}
[2026-04-10 06:32:36] [info] [RID:22b0a444631617f3] CacheManager initialized | {"request_id":"22b0a444631617f3","memory_mb":2,"timestamp":"2026-04-10 06:32:36"}
[2026-04-10 06:32:36] [info] [RID:22b0a444631617f3] RequestContext created | {"request_id":"22b0a444631617f3","user_id":null,"tenant_id":1,"roles_count":0,"permissions_count":0,"memory_mb":2,"timestamp":"2026-04-10 06:32:36"}
[2026-04-10 06:32:36] [info] [RID:22b0a444631617f3] Redis extension not loaded - Redis disabled | {"request_id":"22b0a444631617f3","memory_mb":2,"timestamp":"2026-04-10 06:32:36"}
[2026-04-10 06:32:36] [warning] [RID:22b0a444631617f3] Rate limiting failed | {"error":"Redis unavailable","request_id":"22b0a444631617f3","memory_mb":2,"timestamp":"2026-04-10 06:32:36"}
[2026-04-10 06:32:36] [info] [RID:22b0a444631617f3] Bootstrap completed successfully | {"memory_usage_mb":2,"peak_memory_mb":2,"auth_method":"none","user_id":null,"tenant_id":1,"api_version":"v1","api_route":"/public/ads","request_context":"loaded","cache_enabled":true,"redis_enabled":false,"database_connected":true,"execution_time_ms":4.7,"request_id":"22b0a444631617f3","memory_mb":2,"timestamp":"2026-04-10 06:32:36"}
[2026-04-10 06:32:36] [info] [RID:3a8967044216dcd9] Advanced Logger initialized successfully | {"request_id":"3a8967044216dcd9","memory_mb":2,"timestamp":"2026-04-10 06:32:36"}
[2026-04-10 06:32:36] [info] [RID:3a8967044216dcd9] Bootstrap initializing | {"env":"production","request_id":"3a8967044216dcd9","memory_mb":2,"timestamp":"2026-04-10 06:32:36"}
[2026-04-10 06:32:36] [info] [RID:3a8967044216dcd9] API routing detected | {"version":"v1","route":"/public/categories","is_versioned":true,"request_id":"3a8967044216dcd9","memory_mb":2,"timestamp":"2026-04-10 06:32:36"}
[2026-04-10 06:32:36] [info] [RID:3a8967044216dcd9] Session config loaded | {"request_id":"3a8967044216dcd9","memory_mb":2,"timestamp":"2026-04-10 06:32:36"}
[2026-04-10 06:32:36] [info] [RID:3a8967044216dcd9] RedisHelper loaded | {"request_id":"3a8967044216dcd9","memory_mb":2,"timestamp":"2026-04-10 06:32:36"}
[2026-04-10 06:32:36] [info] [RID:3a8967044216dcd9] RequestContext class loaded | {"request_id":"3a8967044216dcd9","memory_mb":2,"timestamp":"2026-04-10 06:32:36"}
[2026-04-10 06:32:36] [info] [RID:3a8967044216dcd9] Database connection established | {"request_id":"3a8967044216dcd9","memory_mb":2,"timestamp":"2026-04-10 06:32:36"}
[2026-04-10 06:32:36] [info] [RID:3a8967044216dcd9] CacheManager initialized | {"request_id":"3a8967044216dcd9","memory_mb":2,"timestamp":"2026-04-10 06:32:36"}
[2026-04-10 06:32:36] [info] [RID:3a8967044216dcd9] RequestContext created | {"request_id":"3a8967044216dcd9","user_id":null,"tenant_id":1,"roles_count":0,"permissions_count":0,"memory_mb":2,"timestamp":"2026-04-10 06:32:36"}
[2026-04-10 06:32:36] [info] [RID:3a8967044216dcd9] Redis extension not loaded - Redis disabled | {"request_id":"3a8967044216dcd9","memory_mb":2,"timestamp":"2026-04-10 06:32:36"}
[2026-04-10 06:32:36] [warning] [RID:3a8967044216dcd9] Rate limiting failed | {"error":"Redis unavailable","request_id":"3a8967044216dcd9","memory_mb":2,"timestamp":"2026-04-10 06:32:36"}
[2026-04-10 06:32:36] [info] [RID:3a8967044216dcd9] Bootstrap completed successfully | {"memory_usage_mb":2,"peak_memory_mb":2,"auth_method":"none","user_id":null,"tenant_id":1,"api_version":"v1","api_route":"/public/categories","request_context":"loaded","cache_enabled":true,"redis_enabled":false,"database_connected":true,"execution_time_ms":5.4,"request_id":"3a8967044216dcd9","memory_mb":2,"timestamp":"2026-04-10 06:32:36"}
[2026-04-10 06:32:36] [info] [RID:fdda900b22ec3ae3] Advanced Logger initialized successfully | {"request_id":"fdda900b22ec3ae3","memory_mb":2,"timestamp":"2026-04-10 06:32:36"}
[2026-04-10 06:32:36] [info] [RID:fdda900b22ec3ae3] Bootstrap initializing | {"env":"production","request_id":"fdda900b22ec3ae3","memory_mb":2,"timestamp":"2026-04-10 06:32:36"}
[2026-04-10 06:32:36] [info] [RID:fdda900b22ec3ae3] API routing detected | {"version":"v1","route":"/public/discounts","is_versioned":true,"request_id":"fdda900b22ec3ae3","memory_mb":2,"timestamp":"2026-04-10 06:32:36"}
[2026-04-10 06:32:36] [info] [RID:fdda900b22ec3ae3] Session config loaded | {"request_id":"fdda900b22ec3ae3","memory_mb":2,"timestamp":"2026-04-10 06:32:36"}
[2026-04-10 06:32:36] [info] [RID:fdda900b22ec3ae3] RedisHelper loaded | {"request_id":"fdda900b22ec3ae3","memory_mb":2,"timestamp":"2026-04-10 06:32:36"}
[2026-04-10 06:32:36] [info] [RID:fdda900b22ec3ae3] RequestContext class loaded | {"request_id":"fdda900b22ec3ae3","memory_mb":2,"timestamp":"2026-04-10 06:32:36"}
[2026-04-10 06:32:36] [info] [RID:fdda900b22ec3ae3] Database connection established | {"request_id":"fdda900b22ec3ae3","memory_mb":2,"timestamp":"2026-04-10 06:32:36"}
[2026-04-10 06:32:36] [info] [RID:fdda900b22ec3ae3] CacheManager initialized | {"request_id":"fdda900b22ec3ae3","memory_mb":2,"timestamp":"2026-04-10 06:32:36"}
[2026-04-10 06:32:36] [info] [RID:fdda900b22ec3ae3] RequestContext created | {"request_id":"fdda900b22ec3ae3","user_id":null,"tenant_id":1,"roles_count":0,"permissions_count":0,"memory_mb":2,"timestamp":"2026-04-10 06:32:36"}
[2026-04-10 06:32:36] [info] [RID:fdda900b22ec3ae3] Redis extension not loaded - Redis disabled | {"request_id":"fdda900b22ec3ae3","memory_mb":2,"timestamp":"2026-04-10 06:32:36"}
[2026-04-10 06:32:36] [warning] [RID:fdda900b22ec3ae3] Rate limiting failed | {"error":"Redis unavailable","request_id":"fdda900b22ec3ae3","memory_mb":2,"timestamp":"2026-04-10 06:32:36"}
[2026-04-10 06:32:36] [info] [RID:fdda900b22ec3ae3] Bootstrap completed successfully | {"memory_usage_mb":2,"peak_memory_mb":2,"auth_method":"none","user_id":null,"tenant_id":1,"api_version":"v1","api_route":"/public/discounts","request_context":"loaded","cache_enabled":true,"redis_enabled":false,"database_connected":true,"execution_time_ms":5.8,"request_id":"fdda900b22ec3ae3","memory_mb":2,"timestamp":"2026-04-10 06:32:36"}
[2026-04-10 06:32:36] [info] [RID:1ef06cd1971d3a6b] Advanced Logger initialized successfully | {"request_id":"1ef06cd1971d3a6b","memory_mb":2,"timestamp":"2026-04-10 06:32:36"}
[2026-04-10 06:32:36] [info] [RID:1ef06cd1971d3a6b] Bootstrap initializing | {"env":"production","request_id":"1ef06cd1971d3a6b","memory_mb":2,"timestamp":"2026-04-10 06:32:36"}
[2026-04-10 06:32:36] [info] [RID:1ef06cd1971d3a6b] API routing detected | {"version":"v1","route":"/public/products","is_versioned":true,"request_id":"1ef06cd1971d3a6b","memory_mb":2,"timestamp":"2026-04-10 06:32:36"}
[2026-04-10 06:32:36] [info] [RID:1ef06cd1971d3a6b] Session config loaded | {"request_id":"1ef06cd1971d3a6b","memory_mb":2,"timestamp":"2026-04-10 06:32:36"}
[2026-04-10 06:32:36] [info] [RID:1ef06cd1971d3a6b] RedisHelper loaded | {"request_id":"1ef06cd1971d3a6b","memory_mb":2,"timestamp":"2026-04-10 06:32:36"}
[2026-04-10 06:32:36] [info] [RID:1ef06cd1971d3a6b] RequestContext class loaded | {"request_id":"1ef06cd1971d3a6b","memory_mb":2,"timestamp":"2026-04-10 06:32:36"}
[2026-04-10 06:32:36] [info] [RID:1ef06cd1971d3a6b] Database connection established | {"request_id":"1ef06cd1971d3a6b","memory_mb":2,"timestamp":"2026-04-10 06:32:36"}
[2026-04-10 06:32:36] [info] [RID:1ef06cd1971d3a6b] CacheManager initialized | {"request_id":"1ef06cd1971d3a6b","memory_mb":2,"timestamp":"2026-04-10 06:32:36"}
[2026-04-10 06:32:36] [info] [RID:1ef06cd1971d3a6b] RequestContext created | {"request_id":"1ef06cd1971d3a6b","user_id":null,"tenant_id":1,"roles_count":0,"permissions_count":0,"memory_mb":2,"timestamp":"2026-04-10 06:32:36"}
[2026-04-10 06:32:36] [info] [RID:1ef06cd1971d3a6b] Redis extension not loaded - Redis disabled | {"request_id":"1ef06cd1971d3a6b","memory_mb":2,"timestamp":"2026-04-10 06:32:36"}
[2026-04-10 06:32:36] [warning] [RID:1ef06cd1971d3a6b] Rate limiting failed | {"error":"Redis unavailable","request_id":"1ef06cd1971d3a6b","memory_mb":2,"timestamp":"2026-04-10 06:32:36"}
[2026-04-10 06:32:36] [info] [RID:1ef06cd1971d3a6b] Bootstrap completed successfully | {"memory_usage_mb":2,"peak_memory_mb":2,"auth_method":"none","user_id":null,"tenant_id":1,"api_version":"v1","api_route":"/public/products","request_context":"loaded","cache_enabled":true,"redis_enabled":false,"database_connected":true,"execution_time_ms":5.9,"request_id":"1ef06cd1971d3a6b","memory_mb":2,"timestamp":"2026-04-10 06:32:36"}
[2026-04-10 06:32:36] [info] [RID:e26dba8ad10b74ac] Advanced Logger initialized successfully | {"request_id":"e26dba8ad10b74ac","memory_mb":2,"timestamp":"2026-04-10 06:32:36"}
[2026-04-10 06:32:36] [info] [RID:e26dba8ad10b74ac] Bootstrap initializing | {"env":"production","request_id":"e26dba8ad10b74ac","memory_mb":2,"timestamp":"2026-04-10 06:32:36"}
[2026-04-10 06:32:36] [info] [RID:e26dba8ad10b74ac] API routing detected | {"version":"v1","route":"/public/products","is_versioned":true,"request_id":"e26dba8ad10b74ac","memory_mb":2,"timestamp":"2026-04-10 06:32:36"}
[2026-04-10 06:32:36] [info] [RID:e26dba8ad10b74ac] Session config loaded | {"request_id":"e26dba8ad10b74ac","memory_mb":2,"timestamp":"2026-04-10 06:32:36"}
[2026-04-10 06:32:36] [info] [RID:e26dba8ad10b74ac] RedisHelper loaded | {"request_id":"e26dba8ad10b74ac","memory_mb":2,"timestamp":"2026-04-10 06:32:36"}
[2026-04-10 06:32:36] [info] [RID:e26dba8ad10b74ac] RequestContext class loaded | {"request_id":"e26dba8ad10b74ac","memory_mb":2,"timestamp":"2026-04-10 06:32:36"}
[2026-04-10 06:32:36] [info] [RID:e26dba8ad10b74ac] Database connection established | {"request_id":"e26dba8ad10b74ac","memory_mb":2,"timestamp":"2026-04-10 06:32:36"}
[2026-04-10 06:32:36] [info] [RID:e26dba8ad10b74ac] CacheManager initialized | {"request_id":"e26dba8ad10b74ac","memory_mb":2,"timestamp":"2026-04-10 06:32:36"}
[2026-04-10 06:32:36] [info] [RID:e26dba8ad10b74ac] RequestContext created | {"request_id":"e26dba8ad10b74ac","user_id":null,"tenant_id":1,"roles_count":0,"permissions_count":0,"memory_mb":2,"timestamp":"2026-04-10 06:32:36"}
[2026-04-10 06:32:36] [info] [RID:e26dba8ad10b74ac] Redis extension not loaded - Redis disabled | {"request_id":"e26dba8ad10b74ac","memory_mb":2,"timestamp":"2026-04-10 06:32:36"}
[2026-04-10 06:32:36] [warning] [RID:e26dba8ad10b74ac] Rate limiting failed | {"error":"Redis unavailable","request_id":"e26dba8ad10b74ac","memory_mb":2,"timestamp":"2026-04-10 06:32:36"}
[2026-04-10 06:32:36] [info] [RID:e26dba8ad10b74ac] Bootstrap completed successfully | {"memory_usage_mb":2,"peak_memory_mb":2,"auth_method":"none","user_id":null,"tenant_id":1,"api_version":"v1","api_route":"/public/products","request_context":"loaded","cache_enabled":true,"redis_enabled":false,"database_connected":true,"execution_time_ms":5.6,"request_id":"e26dba8ad10b74ac","memory_mb":2,"timestamp":"2026-04-10 06:32:36"}
[2026-04-10 06:32:36] [info] [RID:9079f14901e1018f] Advanced Logger initialized successfully | {"request_id":"9079f14901e1018f","memory_mb":2,"timestamp":"2026-04-10 06:32:36"}
[2026-04-10 06:32:36] [info] [RID:9079f14901e1018f] Bootstrap initializing | {"env":"production","request_id":"9079f14901e1018f","memory_mb":2,"timestamp":"2026-04-10 06:32:36"}
[2026-04-10 06:32:36] [info] [RID:9079f14901e1018f] API routing detected | {"version":"v1","route":"/public/entities","is_versioned":true,"request_id":"9079f14901e1018f","memory_mb":2,"timestamp":"2026-04-10 06:32:36"}
[2026-04-10 06:32:36] [info] [RID:9079f14901e1018f] Session config loaded | {"request_id":"9079f14901e1018f","memory_mb":2,"timestamp":"2026-04-10 06:32:36"}
[2026-04-10 06:32:36] [info] [RID:9079f14901e1018f] RedisHelper loaded | {"request_id":"9079f14901e1018f","memory_mb":2,"timestamp":"2026-04-10 06:32:36"}
[2026-04-10 06:32:36] [info] [RID:9079f14901e1018f] RequestContext class loaded | {"request_id":"9079f14901e1018f","memory_mb":2,"timestamp":"2026-04-10 06:32:36"}
[2026-04-10 06:32:36] [info] [RID:9079f14901e1018f] Database connection established | {"request_id":"9079f14901e1018f","memory_mb":2,"timestamp":"2026-04-10 06:32:36"}
[2026-04-10 06:32:36] [info] [RID:9079f14901e1018f] CacheManager initialized | {"request_id":"9079f14901e1018f","memory_mb":2,"timestamp":"2026-04-10 06:32:36"}
[2026-04-10 06:32:36] [info] [RID:9079f14901e1018f] RequestContext created | {"request_id":"9079f14901e1018f","user_id":null,"tenant_id":1,"roles_count":0,"permissions_count":0,"memory_mb":2,"timestamp":"2026-04-10 06:32:36"}
[2026-04-10 06:32:36] [info] [RID:9079f14901e1018f] Redis extension not loaded - Redis disabled | {"request_id":"9079f14901e1018f","memory_mb":2,"timestamp":"2026-04-10 06:32:36"}
[2026-04-10 06:32:36] [warning] [RID:9079f14901e1018f] Rate limiting failed | {"error":"Redis unavailable","request_id":"9079f14901e1018f","memory_mb":2,"timestamp":"2026-04-10 06:32:36"}
[2026-04-10 06:32:36] [info] [RID:9079f14901e1018f] Bootstrap completed successfully | {"memory_usage_mb":2,"peak_memory_mb":2,"auth_method":"none","user_id":null,"tenant_id":1,"api_version":"v1","api_route":"/public/entities","request_context":"loaded","cache_enabled":true,"redis_enabled":false,"database_connected":true,"execution_time_ms":4.6,"request_id":"9079f14901e1018f","memory_mb":2,"timestamp":"2026-04-10 06:32:36"}
[2026-04-10 06:32:36] [info] [RID:65f015f5b296cb2c] Advanced Logger initialized successfully | {"request_id":"65f015f5b296cb2c","memory_mb":2,"timestamp":"2026-04-10 06:32:36"}
[2026-04-10 06:32:36] [info] [RID:65f015f5b296cb2c] Bootstrap initializing | {"env":"production","request_id":"65f015f5b296cb2c","memory_mb":2,"timestamp":"2026-04-10 06:32:36"}
[2026-04-10 06:32:36] [info] [RID:65f015f5b296cb2c] API routing detected | {"version":"v1","route":"/public/brands","is_versioned":true,"request_id":"65f015f5b296cb2c","memory_mb":2,"timestamp":"2026-04-10 06:32:36"}
[2026-04-10 06:32:36] [info] [RID:65f015f5b296cb2c] Session config loaded | {"request_id":"65f015f5b296cb2c","memory_mb":2,"timestamp":"2026-04-10 06:32:36"}
[2026-04-10 06:32:36] [info] [RID:65f015f5b296cb2c] RedisHelper loaded | {"request_id":"65f015f5b296cb2c","memory_mb":2,"timestamp":"2026-04-10 06:32:36"}
[2026-04-10 06:32:36] [info] [RID:65f015f5b296cb2c] RequestContext class loaded | {"request_id":"65f015f5b296cb2c","memory_mb":2,"timestamp":"2026-04-10 06:32:36"}
[2026-04-10 06:32:36] [info] [RID:65f015f5b296cb2c] Database connection established | {"request_id":"65f015f5b296cb2c","memory_mb":2,"timestamp":"2026-04-10 06:32:36"}
[2026-04-10 06:32:36] [info] [RID:65f015f5b296cb2c] CacheManager initialized | {"request_id":"65f015f5b296cb2c","memory_mb":2,"timestamp":"2026-04-10 06:32:36"}
[2026-04-10 06:32:36] [info] [RID:65f015f5b296cb2c] RequestContext created | {"request_id":"65f015f5b296cb2c","user_id":null,"tenant_id":1,"roles_count":0,"permissions_count":0,"memory_mb":2,"timestamp":"2026-04-10 06:32:36"}
[2026-04-10 06:32:36] [info] [RID:65f015f5b296cb2c] Redis extension not loaded - Redis disabled | {"request_id":"65f015f5b296cb2c","memory_mb":2,"timestamp":"2026-04-10 06:32:36"}
[2026-04-10 06:32:36] [warning] [RID:65f015f5b296cb2c] Rate limiting failed | {"error":"Redis unavailable","request_id":"65f015f5b296cb2c","memory_mb":2,"timestamp":"2026-04-10 06:32:36"}
[2026-04-10 06:32:36] [info] [RID:65f015f5b296cb2c] Bootstrap completed successfully | {"memory_usage_mb":2,"peak_memory_mb":2,"auth_method":"none","user_id":null,"tenant_id":1,"api_version":"v1","api_route":"/public/brands","request_context":"loaded","cache_enabled":true,"redis_enabled":false,"database_connected":true,"execution_time_ms":5.1,"request_id":"65f015f5b296cb2c","memory_mb":2,"timestamp":"2026-04-10 06:32:36"}
[2026-04-10 06:32:36] [info] [RID:668cd7cb185b8a9e] Advanced Logger initialized successfully | {"request_id":"668cd7cb185b8a9e","memory_mb":2,"timestamp":"2026-04-10 06:32:36"}
[2026-04-10 06:32:36] [info] [RID:668cd7cb185b8a9e] Bootstrap initializing | {"env":"production","request_id":"668cd7cb185b8a9e","memory_mb":2,"timestamp":"2026-04-10 06:32:36"}
[2026-04-10 06:32:36] [info] [RID:668cd7cb185b8a9e] API routing detected | {"version":"v1","route":"/public/auctions","is_versioned":true,"request_id":"668cd7cb185b8a9e","memory_mb":2,"timestamp":"2026-04-10 06:32:36"}
[2026-04-10 06:32:36] [info] [RID:668cd7cb185b8a9e] Session config loaded | {"request_id":"668cd7cb185b8a9e","memory_mb":2,"timestamp":"2026-04-10 06:32:36"}
[2026-04-10 06:32:36] [info] [RID:668cd7cb185b8a9e] RedisHelper loaded | {"request_id":"668cd7cb185b8a9e","memory_mb":2,"timestamp":"2026-04-10 06:32:36"}
[2026-04-10 06:32:36] [info] [RID:668cd7cb185b8a9e] RequestContext class loaded | {"request_id":"668cd7cb185b8a9e","memory_mb":2,"timestamp":"2026-04-10 06:32:36"}
[2026-04-10 06:32:36] [info] [RID:668cd7cb185b8a9e] Database connection established | {"request_id":"668cd7cb185b8a9e","memory_mb":2,"timestamp":"2026-04-10 06:32:36"}
[2026-04-10 06:32:36] [info] [RID:668cd7cb185b8a9e] CacheManager initialized | {"request_id":"668cd7cb185b8a9e","memory_mb":2,"timestamp":"2026-04-10 06:32:36"}
[2026-04-10 06:32:36] [info] [RID:668cd7cb185b8a9e] RequestContext created | {"request_id":"668cd7cb185b8a9e","user_id":null,"tenant_id":1,"roles_count":0,"permissions_count":0,"memory_mb":2,"timestamp":"2026-04-10 06:32:36"}
[2026-04-10 06:32:36] [info] [RID:668cd7cb185b8a9e] Redis extension not loaded - Redis disabled | {"request_id":"668cd7cb185b8a9e","memory_mb":2,"timestamp":"2026-04-10 06:32:36"}
[2026-04-10 06:32:36] [warning] [RID:668cd7cb185b8a9e] Rate limiting failed | {"error":"Redis unavailable","request_id":"668cd7cb185b8a9e","memory_mb":2,"timestamp":"2026-04-10 06:32:36"}
[2026-04-10 06:32:36] [info] [RID:668cd7cb185b8a9e] Bootstrap completed successfully | {"memory_usage_mb":2,"peak_memory_mb":2,"auth_method":"none","user_id":null,"tenant_id":1,"api_version":"v1","api_route":"/public/auctions","request_context":"loaded","cache_enabled":true,"redis_enabled":false,"database_connected":true,"execution_time_ms":5.2,"request_id":"668cd7cb185b8a9e","memory_mb":2,"timestamp":"2026-04-10 06:32:36"}
[2026-04-10 06:32:36] [info] [RID:90af00fb23e98b5f] Advanced Logger initialized successfully | {"request_id":"90af00fb23e98b5f","memory_mb":2,"timestamp":"2026-04-10 06:32:36"}
[2026-04-10 06:32:36] [info] [RID:90af00fb23e98b5f] Bootstrap initializing | {"env":"production","request_id":"90af00fb23e98b5f","memory_mb":2,"timestamp":"2026-04-10 06:32:36"}
[2026-04-10 06:32:36] [info] [RID:90af00fb23e98b5f] API routing detected | {"version":"v1","route":"/public/jobs","is_versioned":true,"request_id":"90af00fb23e98b5f","memory_mb":2,"timestamp":"2026-04-10 06:32:36"}
[2026-04-10 06:32:36] [info] [RID:90af00fb23e98b5f] Session config loaded | {"request_id":"90af00fb23e98b5f","memory_mb":2,"timestamp":"2026-04-10 06:32:36"}
[2026-04-10 06:32:36] [info] [RID:90af00fb23e98b5f] RedisHelper loaded | {"request_id":"90af00fb23e98b5f","memory_mb":2,"timestamp":"2026-04-10 06:32:36"}
[2026-04-10 06:32:36] [info] [RID:90af00fb23e98b5f] RequestContext class loaded | {"request_id":"90af00fb23e98b5f","memory_mb":2,"timestamp":"2026-04-10 06:32:36"}
[2026-04-10 06:32:36] [info] [RID:90af00fb23e98b5f] Database connection established | {"request_id":"90af00fb23e98b5f","memory_mb":2,"timestamp":"2026-04-10 06:32:36"}
[2026-04-10 06:32:36] [info] [RID:90af00fb23e98b5f] CacheManager initialized | {"request_id":"90af00fb23e98b5f","memory_mb":2,"timestamp":"2026-04-10 06:32:36"}
[2026-04-10 06:32:36] [info] [RID:90af00fb23e98b5f] RequestContext created | {"request_id":"90af00fb23e98b5f","user_id":null,"tenant_id":1,"roles_count":0,"permissions_count":0,"memory_mb":2,"timestamp":"2026-04-10 06:32:36"}
[2026-04-10 06:32:36] [info] [RID:90af00fb23e98b5f] Redis extension not loaded - Redis disabled | {"request_id":"90af00fb23e98b5f","memory_mb":2,"timestamp":"2026-04-10 06:32:36"}
[2026-04-10 06:32:36] [warning] [RID:90af00fb23e98b5f] Rate limiting failed | {"error":"Redis unavailable","request_id":"90af00fb23e98b5f","memory_mb":2,"timestamp":"2026-04-10 06:32:36"}
[2026-04-10 06:32:36] [info] [RID:90af00fb23e98b5f] Bootstrap completed successfully | {"memory_usage_mb":2,"peak_memory_mb":2,"auth_method":"none","user_id":null,"tenant_id":1,"api_version":"v1","api_route":"/public/jobs","request_context":"loaded","cache_enabled":true,"redis_enabled":false,"database_connected":true,"execution_time_ms":5.5,"request_id":"90af00fb23e98b5f","memory_mb":2,"timestamp":"2026-04-10 06:32:36"}
[2026-04-10 06:32:36] [info] [RID:787c94eccdc01e59] Advanced Logger initialized successfully | {"request_id":"787c94eccdc01e59","memory_mb":2,"timestamp":"2026-04-10 06:32:36"}
[2026-04-10 06:32:36] [info] [RID:787c94eccdc01e59] Bootstrap initializing | {"env":"production","request_id":"787c94eccdc01e59","memory_mb":2,"timestamp":"2026-04-10 06:32:36"}
[2026-04-10 06:32:36] [info] [RID:787c94eccdc01e59] API routing detected | {"version":"v1","route":"/public/categories","is_versioned":true,"request_id":"787c94eccdc01e59","memory_mb":2,"timestamp":"2026-04-10 06:32:36"}
[2026-04-10 06:32:36] [info] [RID:787c94eccdc01e59] Session config loaded | {"request_id":"787c94eccdc01e59","memory_mb":2,"timestamp":"2026-04-10 06:32:36"}
[2026-04-10 06:32:36] [info] [RID:787c94eccdc01e59] RedisHelper loaded | {"request_id":"787c94eccdc01e59","memory_mb":2,"timestamp":"2026-04-10 06:32:36"}
[2026-04-10 06:32:36] [info] [RID:787c94eccdc01e59] RequestContext class loaded | {"request_id":"787c94eccdc01e59","memory_mb":2,"timestamp":"2026-04-10 06:32:36"}
[2026-04-10 06:32:36] [info] [RID:787c94eccdc01e59] Database connection established | {"request_id":"787c94eccdc01e59","memory_mb":2,"timestamp":"2026-04-10 06:32:36"}
[2026-04-10 06:32:36] [info] [RID:787c94eccdc01e59] CacheManager initialized | {"request_id":"787c94eccdc01e59","memory_mb":2,"timestamp":"2026-04-10 06:32:36"}
[2026-04-10 06:32:36] [info] [RID:787c94eccdc01e59] User authenticated via session | {"request_id":"787c94eccdc01e59","memory_mb":2,"timestamp":"2026-04-10 06:32:36"}
[2026-04-10 06:32:36] [info] [RID:787c94eccdc01e59] RequestContext created | {"request_id":"787c94eccdc01e59","user_id":7,"tenant_id":1,"roles_count":1,"permissions_count":28,"memory_mb":2,"timestamp":"2026-04-10 06:32:36"}
[2026-04-10 06:32:36] [info] [RID:787c94eccdc01e59] Redis extension not loaded - Redis disabled | {"request_id":"787c94eccdc01e59","memory_mb":2,"timestamp":"2026-04-10 06:32:36"}
[2026-04-10 06:32:36] [warning] [RID:787c94eccdc01e59] Rate limiting failed | {"error":"Redis unavailable","request_id":"787c94eccdc01e59","memory_mb":2,"timestamp":"2026-04-10 06:32:36"}
[2026-04-10 06:32:36] [info] [RID:787c94eccdc01e59] Bootstrap completed successfully | {"memory_usage_mb":2,"peak_memory_mb":2,"auth_method":"session","user_id":7,"tenant_id":1,"api_version":"v1","api_route":"/public/categories","request_context":"loaded","cache_enabled":true,"redis_enabled":false,"database_connected":true,"execution_time_ms":4.9,"request_id":"787c94eccdc01e59","memory_mb":2,"timestamp":"2026-04-10 06:32:36"}
[2026-04-10 06:32:37] [info] [RID:c4be6cc54511a075] Advanced Logger initialized successfully | {"request_id":"c4be6cc54511a075","memory_mb":2,"timestamp":"2026-04-10 06:32:37"}
[2026-04-10 06:32:37] [info] [RID:c4be6cc54511a075] Bootstrap initializing | {"env":"production","request_id":"c4be6cc54511a075","memory_mb":2,"timestamp":"2026-04-10 06:32:37"}
[2026-04-10 06:32:37] [info] [RID:c4be6cc54511a075] API routing detected | {"version":"v1","route":"/public/user_devices","is_versioned":true,"request_id":"c4be6cc54511a075","memory_mb":2,"timestamp":"2026-04-10 06:32:37"}
[2026-04-10 06:32:37] [info] [RID:c4be6cc54511a075] Session config loaded | {"request_id":"c4be6cc54511a075","memory_mb":2,"timestamp":"2026-04-10 06:32:37"}
[2026-04-10 06:32:37] [info] [RID:c4be6cc54511a075] RedisHelper loaded | {"request_id":"c4be6cc54511a075","memory_mb":2,"timestamp":"2026-04-10 06:32:37"}
[2026-04-10 06:32:37] [info] [RID:c4be6cc54511a075] RequestContext class loaded | {"request_id":"c4be6cc54511a075","memory_mb":2,"timestamp":"2026-04-10 06:32:37"}
[2026-04-10 06:32:37] [info] [RID:c4be6cc54511a075] Database connection established | {"request_id":"c4be6cc54511a075","memory_mb":2,"timestamp":"2026-04-10 06:32:37"}
[2026-04-10 06:32:37] [info] [RID:c4be6cc54511a075] CacheManager initialized | {"request_id":"c4be6cc54511a075","memory_mb":2,"timestamp":"2026-04-10 06:32:37"}
[2026-04-10 06:32:37] [info] [RID:c4be6cc54511a075] User authenticated via session | {"request_id":"c4be6cc54511a075","memory_mb":2,"timestamp":"2026-04-10 06:32:37"}
[2026-04-10 06:32:37] [info] [RID:c4be6cc54511a075] RequestContext created | {"request_id":"c4be6cc54511a075","user_id":7,"tenant_id":1,"roles_count":1,"permissions_count":28,"memory_mb":2,"timestamp":"2026-04-10 06:32:37"}
[2026-04-10 06:32:37] [info] [RID:c4be6cc54511a075] Redis extension not loaded - Redis disabled | {"request_id":"c4be6cc54511a075","memory_mb":2,"timestamp":"2026-04-10 06:32:37"}
[2026-04-10 06:32:37] [warning] [RID:c4be6cc54511a075] Rate limiting failed | {"error":"Redis unavailable","request_id":"c4be6cc54511a075","memory_mb":2,"timestamp":"2026-04-10 06:32:37"}
[2026-04-10 06:32:37] [info] [RID:c4be6cc54511a075] Bootstrap completed successfully | {"memory_usage_mb":2,"peak_memory_mb":2,"auth_method":"session","user_id":7,"tenant_id":1,"api_version":"v1","api_route":"/public/user_devices","request_context":"loaded","cache_enabled":true,"redis_enabled":false,"database_connected":true,"execution_time_ms":5.4,"request_id":"c4be6cc54511a075","memory_mb":2,"timestamp":"2026-04-10 06:32:37"}
[2026-04-10 06:32:40] [info] [RID:b3b1fe2b9d65e16c] Advanced Logger initialized successfully | {"request_id":"b3b1fe2b9d65e16c","memory_mb":2,"timestamp":"2026-04-10 06:32:40"}
[2026-04-10 06:32:40] [info] [RID:80ab1db645deabd0] Advanced Logger initialized successfully | {"request_id":"80ab1db645deabd0","memory_mb":2,"timestamp":"2026-04-10 06:32:40"}
[2026-04-10 06:32:40] [info] [RID:b3b1fe2b9d65e16c] Bootstrap initializing | {"env":"production","request_id":"b3b1fe2b9d65e16c","memory_mb":2,"timestamp":"2026-04-10 06:32:40"}
[2026-04-10 06:32:40] [info] [RID:b3b1fe2b9d65e16c] API routing detected | {"version":"v1","route":"/public/brands","is_versioned":true,"request_id":"b3b1fe2b9d65e16c","memory_mb":2,"timestamp":"2026-04-10 06:32:40"}
[2026-04-10 06:32:40] [info] [RID:b3b1fe2b9d65e16c] Session config loaded | {"request_id":"b3b1fe2b9d65e16c","memory_mb":2,"timestamp":"2026-04-10 06:32:40"}
[2026-04-10 06:32:40] [info] [RID:b3b1fe2b9d65e16c] RedisHelper loaded | {"request_id":"b3b1fe2b9d65e16c","memory_mb":2,"timestamp":"2026-04-10 06:32:40"}
[2026-04-10 06:32:40] [info] [RID:b3b1fe2b9d65e16c] RequestContext class loaded | {"request_id":"b3b1fe2b9d65e16c","memory_mb":2,"timestamp":"2026-04-10 06:32:40"}
[2026-04-10 06:32:40] [info] [RID:b3b1fe2b9d65e16c] Database connection established | {"request_id":"b3b1fe2b9d65e16c","memory_mb":2,"timestamp":"2026-04-10 06:32:40"}
[2026-04-10 06:32:40] [info] [RID:b3b1fe2b9d65e16c] CacheManager initialized | {"request_id":"b3b1fe2b9d65e16c","memory_mb":2,"timestamp":"2026-04-10 06:32:40"}
[2026-04-10 06:32:40] [info] [RID:b3b1fe2b9d65e16c] User authenticated via session | {"request_id":"b3b1fe2b9d65e16c","memory_mb":2,"timestamp":"2026-04-10 06:32:40"}
[2026-04-10 06:32:40] [info] [RID:b3b1fe2b9d65e16c] RequestContext created | {"request_id":"b3b1fe2b9d65e16c","user_id":7,"tenant_id":1,"roles_count":1,"permissions_count":28,"memory_mb":2,"timestamp":"2026-04-10 06:32:40"}
[2026-04-10 06:32:40] [info] [RID:b3b1fe2b9d65e16c] Redis extension not loaded - Redis disabled | {"request_id":"b3b1fe2b9d65e16c","memory_mb":2,"timestamp":"2026-04-10 06:32:40"}
[2026-04-10 06:32:40] [warning] [RID:b3b1fe2b9d65e16c] Rate limiting failed | {"error":"Redis unavailable","request_id":"b3b1fe2b9d65e16c","memory_mb":2,"timestamp":"2026-04-10 06:32:40"}
[2026-04-10 06:32:40] [info] [RID:b3b1fe2b9d65e16c] Bootstrap completed successfully | {"memory_usage_mb":2,"peak_memory_mb":2,"auth_method":"session","user_id":7,"tenant_id":1,"api_version":"v1","api_route":"/public/brands","request_context":"loaded","cache_enabled":true,"redis_enabled":false,"database_connected":true,"execution_time_ms":4.4,"request_id":"b3b1fe2b9d65e16c","memory_mb":2,"timestamp":"2026-04-10 06:32:40"}
[2026-04-10 06:32:40] [info] [RID:80ab1db645deabd0] Bootstrap initializing | {"env":"production","request_id":"80ab1db645deabd0","memory_mb":2,"timestamp":"2026-04-10 06:32:40"}
[2026-04-10 06:32:40] [info] [RID:80ab1db645deabd0] API routing detected | {"version":"v1","route":"/public/products","is_versioned":true,"request_id":"80ab1db645deabd0","memory_mb":2,"timestamp":"2026-04-10 06:32:40"}
[2026-04-10 06:32:40] [info] [RID:80ab1db645deabd0] Session config loaded | {"request_id":"80ab1db645deabd0","memory_mb":2,"timestamp":"2026-04-10 06:32:40"}
[2026-04-10 06:32:40] [info] [RID:80ab1db645deabd0] RedisHelper loaded | {"request_id":"80ab1db645deabd0","memory_mb":2,"timestamp":"2026-04-10 06:32:40"}
[2026-04-10 06:32:40] [info] [RID:80ab1db645deabd0] RequestContext class loaded | {"request_id":"80ab1db645deabd0","memory_mb":2,"timestamp":"2026-04-10 06:32:40"}
[2026-04-10 06:32:40] [info] [RID:80ab1db645deabd0] Database connection established | {"request_id":"80ab1db645deabd0","memory_mb":2,"timestamp":"2026-04-10 06:32:40"}
[2026-04-10 06:32:40] [info] [RID:80ab1db645deabd0] CacheManager initialized | {"request_id":"80ab1db645deabd0","memory_mb":2,"timestamp":"2026-04-10 06:32:40"}
[2026-04-10 06:32:40] [info] [RID:80ab1db645deabd0] User authenticated via session | {"request_id":"80ab1db645deabd0","memory_mb":2,"timestamp":"2026-04-10 06:32:40"}
[2026-04-10 06:32:40] [info] [RID:80ab1db645deabd0] RequestContext created | {"request_id":"80ab1db645deabd0","user_id":7,"tenant_id":1,"roles_count":1,"permissions_count":28,"memory_mb":2,"timestamp":"2026-04-10 06:32:40"}
[2026-04-10 06:32:40] [info] [RID:80ab1db645deabd0] Redis extension not loaded - Redis disabled | {"request_id":"80ab1db645deabd0","memory_mb":2,"timestamp":"2026-04-10 06:32:40"}
[2026-04-10 06:32:40] [warning] [RID:80ab1db645deabd0] Rate limiting failed | {"error":"Redis unavailable","request_id":"80ab1db645deabd0","memory_mb":2,"timestamp":"2026-04-10 06:32:40"}
[2026-04-10 06:32:40] [info] [RID:80ab1db645deabd0] Bootstrap completed successfully | {"memory_usage_mb":2,"peak_memory_mb":2,"auth_method":"session","user_id":7,"tenant_id":1,"api_version":"v1","api_route":"/public/products","request_context":"loaded","cache_enabled":true,"redis_enabled":false,"database_connected":true,"execution_time_ms":8,"request_id":"80ab1db645deabd0","memory_mb":2,"timestamp":"2026-04-10 06:32:40"}
[2026-04-10 06:32:40] [info] [RID:9a8d083626e3fb48] Advanced Logger initialized successfully | {"request_id":"9a8d083626e3fb48","memory_mb":2,"timestamp":"2026-04-10 06:32:40"}
[2026-04-10 06:32:40] [info] [RID:9912a2e7740fac55] Advanced Logger initialized successfully | {"request_id":"9912a2e7740fac55","memory_mb":2,"timestamp":"2026-04-10 06:32:40"}
[2026-04-10 06:32:40] [info] [RID:9a8d083626e3fb48] Bootstrap initializing | {"env":"production","request_id":"9a8d083626e3fb48","memory_mb":2,"timestamp":"2026-04-10 06:32:40"}
[2026-04-10 06:32:40] [info] [RID:9a8d083626e3fb48] API routing detected | {"version":"v1","route":"/public/brands","is_versioned":true,"request_id":"9a8d083626e3fb48","memory_mb":2,"timestamp":"2026-04-10 06:32:40"}
[2026-04-10 06:32:40] [info] [RID:9a8d083626e3fb48] Session config loaded | {"request_id":"9a8d083626e3fb48","memory_mb":2,"timestamp":"2026-04-10 06:32:40"}
[2026-04-10 06:32:40] [info] [RID:9a8d083626e3fb48] RedisHelper loaded | {"request_id":"9a8d083626e3fb48","memory_mb":2,"timestamp":"2026-04-10 06:32:40"}
[2026-04-10 06:32:40] [info] [RID:9a8d083626e3fb48] RequestContext class loaded | {"request_id":"9a8d083626e3fb48","memory_mb":2,"timestamp":"2026-04-10 06:32:40"}
[2026-04-10 06:32:40] [info] [RID:9a8d083626e3fb48] Database connection established | {"request_id":"9a8d083626e3fb48","memory_mb":2,"timestamp":"2026-04-10 06:32:40"}
[2026-04-10 06:32:40] [info] [RID:9a8d083626e3fb48] CacheManager initialized | {"request_id":"9a8d083626e3fb48","memory_mb":2,"timestamp":"2026-04-10 06:32:40"}
[2026-04-10 06:32:40] [info] [RID:9a8d083626e3fb48] User authenticated via session | {"request_id":"9a8d083626e3fb48","memory_mb":2,"timestamp":"2026-04-10 06:32:40"}
[2026-04-10 06:32:40] [info] [RID:9a8d083626e3fb48] RequestContext created | {"request_id":"9a8d083626e3fb48","user_id":7,"tenant_id":1,"roles_count":1,"permissions_count":28,"memory_mb":2,"timestamp":"2026-04-10 06:32:40"}
[2026-04-10 06:32:40] [info] [RID:9a8d083626e3fb48] Redis extension not loaded - Redis disabled | {"request_id":"9a8d083626e3fb48","memory_mb":2,"timestamp":"2026-04-10 06:32:40"}
[2026-04-10 06:32:40] [warning] [RID:9a8d083626e3fb48] Rate limiting failed | {"error":"Redis unavailable","request_id":"9a8d083626e3fb48","memory_mb":2,"timestamp":"2026-04-10 06:32:40"}
[2026-04-10 06:32:40] [info] [RID:9a8d083626e3fb48] Bootstrap completed successfully | {"memory_usage_mb":2,"peak_memory_mb":2,"auth_method":"session","user_id":7,"tenant_id":1,"api_version":"v1","api_route":"/public/brands","request_context":"loaded","cache_enabled":true,"redis_enabled":false,"database_connected":true,"execution_time_ms":5,"request_id":"9a8d083626e3fb48","memory_mb":2,"timestamp":"2026-04-10 06:32:40"}
[2026-04-10 06:32:40] [info] [RID:9912a2e7740fac55] Bootstrap initializing | {"env":"production","request_id":"9912a2e7740fac55","memory_mb":2,"timestamp":"2026-04-10 06:32:40"}
[2026-04-10 06:32:40] [info] [RID:9912a2e7740fac55] API routing detected | {"version":"v1","route":"/public/products","is_versioned":true,"request_id":"9912a2e7740fac55","memory_mb":2,"timestamp":"2026-04-10 06:32:40"}
[2026-04-10 06:32:40] [info] [RID:9912a2e7740fac55] Session config loaded | {"request_id":"9912a2e7740fac55","memory_mb":2,"timestamp":"2026-04-10 06:32:40"}
[2026-04-10 06:32:40] [info] [RID:9912a2e7740fac55] RedisHelper loaded | {"request_id":"9912a2e7740fac55","memory_mb":2,"timestamp":"2026-04-10 06:32:40"}
[2026-04-10 06:32:40] [info] [RID:9912a2e7740fac55] RequestContext class loaded | {"request_id":"9912a2e7740fac55","memory_mb":2,"timestamp":"2026-04-10 06:32:40"}
[2026-04-10 06:32:40] [info] [RID:9912a2e7740fac55] Database connection established | {"request_id":"9912a2e7740fac55","memory_mb":2,"timestamp":"2026-04-10 06:32:40"}
[2026-04-10 06:32:40] [info] [RID:9912a2e7740fac55] CacheManager initialized | {"request_id":"9912a2e7740fac55","memory_mb":2,"timestamp":"2026-04-10 06:32:40"}
[2026-04-10 06:32:40] [info] [RID:9912a2e7740fac55] User authenticated via session | {"request_id":"9912a2e7740fac55","memory_mb":2,"timestamp":"2026-04-10 06:32:40"}
[2026-04-10 06:32:40] [info] [RID:9912a2e7740fac55] RequestContext created | {"request_id":"9912a2e7740fac55","user_id":7,"tenant_id":1,"roles_count":1,"permissions_count":28,"memory_mb":2,"timestamp":"2026-04-10 06:32:40"}
[2026-04-10 06:32:40] [info] [RID:9912a2e7740fac55] Redis extension not loaded - Redis disabled | {"request_id":"9912a2e7740fac55","memory_mb":2,"timestamp":"2026-04-10 06:32:40"}
[2026-04-10 06:32:40] [warning] [RID:9912a2e7740fac55] Rate limiting failed | {"error":"Redis unavailable","request_id":"9912a2e7740fac55","memory_mb":2,"timestamp":"2026-04-10 06:32:40"}
[2026-04-10 06:32:40] [info] [RID:9912a2e7740fac55] Bootstrap completed successfully | {"memory_usage_mb":2,"peak_memory_mb":2,"auth_method":"session","user_id":7,"tenant_id":1,"api_version":"v1","api_route":"/public/products","request_context":"loaded","cache_enabled":true,"redis_enabled":false,"database_connected":true,"execution_time_ms":7.4,"request_id":"9912a2e7740fac55","memory_mb":2,"timestamp":"2026-04-10 06:32:40"}
[2026-04-10 06:34:19] [info] [RID:7bfa906ebf1c9845] Advanced Logger initialized successfully | {"request_id":"7bfa906ebf1c9845","memory_mb":2,"timestamp":"2026-04-10 06:34:19"}
[2026-04-10 06:34:19] [info] [RID:dc6c913a28bb50c2] Advanced Logger initialized successfully | {"request_id":"dc6c913a28bb50c2","memory_mb":2,"timestamp":"2026-04-10 06:34:19"}
[2026-04-10 06:34:19] [info] [RID:7bfa906ebf1c9845] Bootstrap initializing | {"env":"production","request_id":"7bfa906ebf1c9845","memory_mb":2,"timestamp":"2026-04-10 06:34:19"}
[2026-04-10 06:34:19] [info] [RID:7bfa906ebf1c9845] API routing detected | {"version":"v1","route":"/public/products","is_versioned":true,"request_id":"7bfa906ebf1c9845","memory_mb":2,"timestamp":"2026-04-10 06:34:19"}
[2026-04-10 06:34:19] [info] [RID:7bfa906ebf1c9845] Session config loaded | {"request_id":"7bfa906ebf1c9845","memory_mb":2,"timestamp":"2026-04-10 06:34:19"}
[2026-04-10 06:34:19] [info] [RID:7bfa906ebf1c9845] RedisHelper loaded | {"request_id":"7bfa906ebf1c9845","memory_mb":2,"timestamp":"2026-04-10 06:34:19"}
[2026-04-10 06:34:19] [info] [RID:7bfa906ebf1c9845] RequestContext class loaded | {"request_id":"7bfa906ebf1c9845","memory_mb":2,"timestamp":"2026-04-10 06:34:19"}
[2026-04-10 06:34:19] [info] [RID:7bfa906ebf1c9845] Database connection established | {"request_id":"7bfa906ebf1c9845","memory_mb":2,"timestamp":"2026-04-10 06:34:19"}
[2026-04-10 06:34:19] [info] [RID:7bfa906ebf1c9845] CacheManager initialized | {"request_id":"7bfa906ebf1c9845","memory_mb":2,"timestamp":"2026-04-10 06:34:19"}
[2026-04-10 06:34:19] [info] [RID:7bfa906ebf1c9845] User authenticated via session | {"request_id":"7bfa906ebf1c9845","memory_mb":2,"timestamp":"2026-04-10 06:34:19"}
[2026-04-10 06:34:19] [info] [RID:7bfa906ebf1c9845] RequestContext created | {"request_id":"7bfa906ebf1c9845","user_id":7,"tenant_id":1,"roles_count":1,"permissions_count":28,"memory_mb":2,"timestamp":"2026-04-10 06:34:19"}
[2026-04-10 06:34:19] [info] [RID:7bfa906ebf1c9845] Redis extension not loaded - Redis disabled | {"request_id":"7bfa906ebf1c9845","memory_mb":2,"timestamp":"2026-04-10 06:34:19"}
[2026-04-10 06:34:19] [warning] [RID:7bfa906ebf1c9845] Rate limiting failed | {"error":"Redis unavailable","request_id":"7bfa906ebf1c9845","memory_mb":2,"timestamp":"2026-04-10 06:34:19"}
[2026-04-10 06:34:19] [info] [RID:7bfa906ebf1c9845] Bootstrap completed successfully | {"memory_usage_mb":2,"peak_memory_mb":2,"auth_method":"session","user_id":7,"tenant_id":1,"api_version":"v1","api_route":"/public/products","request_context":"loaded","cache_enabled":true,"redis_enabled":false,"database_connected":true,"execution_time_ms":5.6,"request_id":"7bfa906ebf1c9845","memory_mb":2,"timestamp":"2026-04-10 06:34:19"}
[2026-04-10 06:34:19] [info] [RID:dc6c913a28bb50c2] Bootstrap initializing | {"env":"production","request_id":"dc6c913a28bb50c2","memory_mb":2,"timestamp":"2026-04-10 06:34:19"}
[2026-04-10 06:34:19] [info] [RID:dc6c913a28bb50c2] API routing detected | {"version":"v1","route":"/public/brands","is_versioned":true,"request_id":"dc6c913a28bb50c2","memory_mb":2,"timestamp":"2026-04-10 06:34:19"}
[2026-04-10 06:34:19] [info] [RID:dc6c913a28bb50c2] Session config loaded | {"request_id":"dc6c913a28bb50c2","memory_mb":2,"timestamp":"2026-04-10 06:34:19"}
[2026-04-10 06:34:19] [info] [RID:dc6c913a28bb50c2] RedisHelper loaded | {"request_id":"dc6c913a28bb50c2","memory_mb":2,"timestamp":"2026-04-10 06:34:19"}
[2026-04-10 06:34:19] [info] [RID:dc6c913a28bb50c2] RequestContext class loaded | {"request_id":"dc6c913a28bb50c2","memory_mb":2,"timestamp":"2026-04-10 06:34:19"}
[2026-04-10 06:34:19] [info] [RID:dc6c913a28bb50c2] Database connection established | {"request_id":"dc6c913a28bb50c2","memory_mb":2,"timestamp":"2026-04-10 06:34:19"}
[2026-04-10 06:34:19] [info] [RID:dc6c913a28bb50c2] CacheManager initialized | {"request_id":"dc6c913a28bb50c2","memory_mb":2,"timestamp":"2026-04-10 06:34:19"}
[2026-04-10 06:34:19] [info] [RID:dc6c913a28bb50c2] User authenticated via session | {"request_id":"dc6c913a28bb50c2","memory_mb":2,"timestamp":"2026-04-10 06:34:19"}
[2026-04-10 06:34:19] [info] [RID:dc6c913a28bb50c2] RequestContext created | {"request_id":"dc6c913a28bb50c2","user_id":7,"tenant_id":1,"roles_count":1,"permissions_count":28,"memory_mb":2,"timestamp":"2026-04-10 06:34:19"}
[2026-04-10 06:34:19] [info] [RID:dc6c913a28bb50c2] Redis extension not loaded - Redis disabled | {"request_id":"dc6c913a28bb50c2","memory_mb":2,"timestamp":"2026-04-10 06:34:19"}
[2026-04-10 06:34:19] [warning] [RID:dc6c913a28bb50c2] Rate limiting failed | {"error":"Redis unavailable","request_id":"dc6c913a28bb50c2","memory_mb":2,"timestamp":"2026-04-10 06:34:19"}
[2026-04-10 06:34:19] [info] [RID:dc6c913a28bb50c2] Bootstrap completed successfully | {"memory_usage_mb":2,"peak_memory_mb":2,"auth_method":"session","user_id":7,"tenant_id":1,"api_version":"v1","api_route":"/public/brands","request_context":"loaded","cache_enabled":true,"redis_enabled":false,"database_connected":true,"execution_time_ms":10.8,"request_id":"dc6c913a28bb50c2","memory_mb":2,"timestamp":"2026-04-10 06:34:19"}
[2026-04-10 06:34:26] [info] [RID:c859d4f3f0eb45de] Advanced Logger initialized successfully | {"request_id":"c859d4f3f0eb45de","memory_mb":2,"timestamp":"2026-04-10 06:34:26"}
[2026-04-10 06:34:26] [info] [RID:c859d4f3f0eb45de] Bootstrap initializing | {"env":"production","request_id":"c859d4f3f0eb45de","memory_mb":2,"timestamp":"2026-04-10 06:34:26"}
[2026-04-10 06:34:26] [info] [RID:c859d4f3f0eb45de] API routing detected | {"version":"v1","route":"/public/homepage_sections","is_versioned":true,"request_id":"c859d4f3f0eb45de","memory_mb":2,"timestamp":"2026-04-10 06:34:26"}
[2026-04-10 06:34:26] [info] [RID:c859d4f3f0eb45de] Session config loaded | {"request_id":"c859d4f3f0eb45de","memory_mb":2,"timestamp":"2026-04-10 06:34:26"}
[2026-04-10 06:34:26] [info] [RID:c859d4f3f0eb45de] RedisHelper loaded | {"request_id":"c859d4f3f0eb45de","memory_mb":2,"timestamp":"2026-04-10 06:34:26"}
[2026-04-10 06:34:26] [info] [RID:c859d4f3f0eb45de] RequestContext class loaded | {"request_id":"c859d4f3f0eb45de","memory_mb":2,"timestamp":"2026-04-10 06:34:26"}
[2026-04-10 06:34:26] [info] [RID:c859d4f3f0eb45de] Database connection established | {"request_id":"c859d4f3f0eb45de","memory_mb":2,"timestamp":"2026-04-10 06:34:26"}
[2026-04-10 06:34:26] [info] [RID:c859d4f3f0eb45de] CacheManager initialized | {"request_id":"c859d4f3f0eb45de","memory_mb":2,"timestamp":"2026-04-10 06:34:26"}
[2026-04-10 06:34:26] [info] [RID:c859d4f3f0eb45de] RequestContext created | {"request_id":"c859d4f3f0eb45de","user_id":null,"tenant_id":1,"roles_count":0,"permissions_count":0,"memory_mb":2,"timestamp":"2026-04-10 06:34:26"}
[2026-04-10 06:34:26] [info] [RID:c859d4f3f0eb45de] Redis extension not loaded - Redis disabled | {"request_id":"c859d4f3f0eb45de","memory_mb":2,"timestamp":"2026-04-10 06:34:26"}
[2026-04-10 06:34:26] [warning] [RID:c859d4f3f0eb45de] Rate limiting failed | {"error":"Redis unavailable","request_id":"c859d4f3f0eb45de","memory_mb":2,"timestamp":"2026-04-10 06:34:26"}
[2026-04-10 06:34:26] [info] [RID:c859d4f3f0eb45de] Bootstrap completed successfully | {"memory_usage_mb":2,"peak_memory_mb":2,"auth_method":"none","user_id":null,"tenant_id":1,"api_version":"v1","api_route":"/public/homepage_sections","request_context":"loaded","cache_enabled":true,"redis_enabled":false,"database_connected":true,"execution_time_ms":5.3,"request_id":"c859d4f3f0eb45de","memory_mb":2,"timestamp":"2026-04-10 06:34:26"}
[2026-04-10 06:34:26] [info] [RID:41551c4b848a9a5f] Advanced Logger initialized successfully | {"request_id":"41551c4b848a9a5f","memory_mb":2,"timestamp":"2026-04-10 06:34:26"}
[2026-04-10 06:34:26] [info] [RID:41551c4b848a9a5f] Bootstrap initializing | {"env":"production","request_id":"41551c4b848a9a5f","memory_mb":2,"timestamp":"2026-04-10 06:34:26"}
[2026-04-10 06:34:26] [info] [RID:41551c4b848a9a5f] API routing detected | {"version":"v1","route":"/public/ads","is_versioned":true,"request_id":"41551c4b848a9a5f","memory_mb":2,"timestamp":"2026-04-10 06:34:26"}
[2026-04-10 06:34:26] [info] [RID:41551c4b848a9a5f] Session config loaded | {"request_id":"41551c4b848a9a5f","memory_mb":2,"timestamp":"2026-04-10 06:34:26"}
[2026-04-10 06:34:26] [info] [RID:41551c4b848a9a5f] RedisHelper loaded | {"request_id":"41551c4b848a9a5f","memory_mb":2,"timestamp":"2026-04-10 06:34:26"}
[2026-04-10 06:34:26] [info] [RID:41551c4b848a9a5f] RequestContext class loaded | {"request_id":"41551c4b848a9a5f","memory_mb":2,"timestamp":"2026-04-10 06:34:26"}
[2026-04-10 06:34:26] [info] [RID:41551c4b848a9a5f] Database connection established | {"request_id":"41551c4b848a9a5f","memory_mb":2,"timestamp":"2026-04-10 06:34:26"}
[2026-04-10 06:34:26] [info] [RID:41551c4b848a9a5f] CacheManager initialized | {"request_id":"41551c4b848a9a5f","memory_mb":2,"timestamp":"2026-04-10 06:34:26"}
[2026-04-10 06:34:26] [info] [RID:41551c4b848a9a5f] RequestContext created | {"request_id":"41551c4b848a9a5f","user_id":null,"tenant_id":1,"roles_count":0,"permissions_count":0,"memory_mb":2,"timestamp":"2026-04-10 06:34:26"}
[2026-04-10 06:34:26] [info] [RID:41551c4b848a9a5f] Redis extension not loaded - Redis disabled | {"request_id":"41551c4b848a9a5f","memory_mb":2,"timestamp":"2026-04-10 06:34:26"}
[2026-04-10 06:34:26] [warning] [RID:41551c4b848a9a5f] Rate limiting failed | {"error":"Redis unavailable","request_id":"41551c4b848a9a5f","memory_mb":2,"timestamp":"2026-04-10 06:34:26"}
[2026-04-10 06:34:26] [info] [RID:41551c4b848a9a5f] Bootstrap completed successfully | {"memory_usage_mb":2,"peak_memory_mb":2,"auth_method":"none","user_id":null,"tenant_id":1,"api_version":"v1","api_route":"/public/ads","request_context":"loaded","cache_enabled":true,"redis_enabled":false,"database_connected":true,"execution_time_ms":6.1,"request_id":"41551c4b848a9a5f","memory_mb":2,"timestamp":"2026-04-10 06:34:26"}
[2026-04-10 06:34:26] [info] [RID:5ddf8fc402cfcc20] Advanced Logger initialized successfully | {"request_id":"5ddf8fc402cfcc20","memory_mb":2,"timestamp":"2026-04-10 06:34:26"}
[2026-04-10 06:34:26] [info] [RID:5ddf8fc402cfcc20] Bootstrap initializing | {"env":"production","request_id":"5ddf8fc402cfcc20","memory_mb":2,"timestamp":"2026-04-10 06:34:26"}
[2026-04-10 06:34:26] [info] [RID:5ddf8fc402cfcc20] API routing detected | {"version":"v1","route":"/public/categories","is_versioned":true,"request_id":"5ddf8fc402cfcc20","memory_mb":2,"timestamp":"2026-04-10 06:34:26"}
[2026-04-10 06:34:26] [info] [RID:5ddf8fc402cfcc20] Session config loaded | {"request_id":"5ddf8fc402cfcc20","memory_mb":2,"timestamp":"2026-04-10 06:34:26"}
[2026-04-10 06:34:26] [info] [RID:5ddf8fc402cfcc20] RedisHelper loaded | {"request_id":"5ddf8fc402cfcc20","memory_mb":2,"timestamp":"2026-04-10 06:34:26"}
[2026-04-10 06:34:26] [info] [RID:5ddf8fc402cfcc20] RequestContext class loaded | {"request_id":"5ddf8fc402cfcc20","memory_mb":2,"timestamp":"2026-04-10 06:34:26"}
[2026-04-10 06:34:26] [info] [RID:5ddf8fc402cfcc20] Database connection established | {"request_id":"5ddf8fc402cfcc20","memory_mb":2,"timestamp":"2026-04-10 06:34:26"}
[2026-04-10 06:34:26] [info] [RID:5ddf8fc402cfcc20] CacheManager initialized | {"request_id":"5ddf8fc402cfcc20","memory_mb":2,"timestamp":"2026-04-10 06:34:26"}
[2026-04-10 06:34:26] [info] [RID:5ddf8fc402cfcc20] RequestContext created | {"request_id":"5ddf8fc402cfcc20","user_id":null,"tenant_id":1,"roles_count":0,"permissions_count":0,"memory_mb":2,"timestamp":"2026-04-10 06:34:26"}
[2026-04-10 06:34:26] [info] [RID:5ddf8fc402cfcc20] Redis extension not loaded - Redis disabled | {"request_id":"5ddf8fc402cfcc20","memory_mb":2,"timestamp":"2026-04-10 06:34:26"}
[2026-04-10 06:34:26] [warning] [RID:5ddf8fc402cfcc20] Rate limiting failed | {"error":"Redis unavailable","request_id":"5ddf8fc402cfcc20","memory_mb":2,"timestamp":"2026-04-10 06:34:26"}
[2026-04-10 06:34:26] [info] [RID:5ddf8fc402cfcc20] Bootstrap completed successfully | {"memory_usage_mb":2,"peak_memory_mb":2,"auth_method":"none","user_id":null,"tenant_id":1,"api_version":"v1","api_route":"/public/categories","request_context":"loaded","cache_enabled":true,"redis_enabled":false,"database_connected":true,"execution_time_ms":7.8,"request_id":"5ddf8fc402cfcc20","memory_mb":2,"timestamp":"2026-04-10 06:34:26"}
[2026-04-10 06:34:26] [info] [RID:1c04052b16561279] Advanced Logger initialized successfully | {"request_id":"1c04052b16561279","memory_mb":2,"timestamp":"2026-04-10 06:34:26"}
[2026-04-10 06:34:26] [info] [RID:1c04052b16561279] Bootstrap initializing | {"env":"production","request_id":"1c04052b16561279","memory_mb":2,"timestamp":"2026-04-10 06:34:26"}
[2026-04-10 06:34:26] [info] [RID:1c04052b16561279] API routing detected | {"version":"v1","route":"/public/discounts","is_versioned":true,"request_id":"1c04052b16561279","memory_mb":2,"timestamp":"2026-04-10 06:34:26"}
[2026-04-10 06:34:26] [info] [RID:1c04052b16561279] Session config loaded | {"request_id":"1c04052b16561279","memory_mb":2,"timestamp":"2026-04-10 06:34:26"}
[2026-04-10 06:34:26] [info] [RID:1c04052b16561279] RedisHelper loaded | {"request_id":"1c04052b16561279","memory_mb":2,"timestamp":"2026-04-10 06:34:26"}
[2026-04-10 06:34:26] [info] [RID:1c04052b16561279] RequestContext class loaded | {"request_id":"1c04052b16561279","memory_mb":2,"timestamp":"2026-04-10 06:34:26"}
[2026-04-10 06:34:26] [info] [RID:1c04052b16561279] Database connection established | {"request_id":"1c04052b16561279","memory_mb":2,"timestamp":"2026-04-10 06:34:26"}
[2026-04-10 06:34:26] [info] [RID:1c04052b16561279] CacheManager initialized | {"request_id":"1c04052b16561279","memory_mb":2,"timestamp":"2026-04-10 06:34:26"}
[2026-04-10 06:34:26] [info] [RID:1c04052b16561279] RequestContext created | {"request_id":"1c04052b16561279","user_id":null,"tenant_id":1,"roles_count":0,"permissions_count":0,"memory_mb":2,"timestamp":"2026-04-10 06:34:26"}
[2026-04-10 06:34:26] [info] [RID:1c04052b16561279] Redis extension not loaded - Redis disabled | {"request_id":"1c04052b16561279","memory_mb":2,"timestamp":"2026-04-10 06:34:26"}
[2026-04-10 06:34:26] [warning] [RID:1c04052b16561279] Rate limiting failed | {"error":"Redis unavailable","request_id":"1c04052b16561279","memory_mb":2,"timestamp":"2026-04-10 06:34:26"}
[2026-04-10 06:34:26] [info] [RID:1c04052b16561279] Bootstrap completed successfully | {"memory_usage_mb":2,"peak_memory_mb":2,"auth_method":"none","user_id":null,"tenant_id":1,"api_version":"v1","api_route":"/public/discounts","request_context":"loaded","cache_enabled":true,"redis_enabled":false,"database_connected":true,"execution_time_ms":4.2,"request_id":"1c04052b16561279","memory_mb":2,"timestamp":"2026-04-10 06:34:26"}
[2026-04-10 06:34:26] [info] [RID:24430e1b404abcdb] Advanced Logger initialized successfully | {"request_id":"24430e1b404abcdb","memory_mb":2,"timestamp":"2026-04-10 06:34:26"}
[2026-04-10 06:34:26] [info] [RID:24430e1b404abcdb] Bootstrap initializing | {"env":"production","request_id":"24430e1b404abcdb","memory_mb":2,"timestamp":"2026-04-10 06:34:26"}
[2026-04-10 06:34:26] [info] [RID:24430e1b404abcdb] API routing detected | {"version":"v1","route":"/public/products","is_versioned":true,"request_id":"24430e1b404abcdb","memory_mb":2,"timestamp":"2026-04-10 06:34:26"}
[2026-04-10 06:34:26] [info] [RID:24430e1b404abcdb] Session config loaded | {"request_id":"24430e1b404abcdb","memory_mb":2,"timestamp":"2026-04-10 06:34:26"}
[2026-04-10 06:34:26] [info] [RID:24430e1b404abcdb] RedisHelper loaded | {"request_id":"24430e1b404abcdb","memory_mb":2,"timestamp":"2026-04-10 06:34:26"}
[2026-04-10 06:34:26] [info] [RID:24430e1b404abcdb] RequestContext class loaded | {"request_id":"24430e1b404abcdb","memory_mb":2,"timestamp":"2026-04-10 06:34:26"}
[2026-04-10 06:34:26] [info] [RID:24430e1b404abcdb] Database connection established | {"request_id":"24430e1b404abcdb","memory_mb":2,"timestamp":"2026-04-10 06:34:26"}
[2026-04-10 06:34:26] [info] [RID:24430e1b404abcdb] CacheManager initialized | {"request_id":"24430e1b404abcdb","memory_mb":2,"timestamp":"2026-04-10 06:34:26"}
[2026-04-10 06:34:26] [info] [RID:24430e1b404abcdb] RequestContext created | {"request_id":"24430e1b404abcdb","user_id":null,"tenant_id":1,"roles_count":0,"permissions_count":0,"memory_mb":2,"timestamp":"2026-04-10 06:34:26"}
[2026-04-10 06:34:26] [info] [RID:24430e1b404abcdb] Redis extension not loaded - Redis disabled | {"request_id":"24430e1b404abcdb","memory_mb":2,"timestamp":"2026-04-10 06:34:26"}
[2026-04-10 06:34:26] [warning] [RID:24430e1b404abcdb] Rate limiting failed | {"error":"Redis unavailable","request_id":"24430e1b404abcdb","memory_mb":2,"timestamp":"2026-04-10 06:34:26"}
[2026-04-10 06:34:26] [info] [RID:24430e1b404abcdb] Bootstrap completed successfully | {"memory_usage_mb":2,"peak_memory_mb":2,"auth_method":"none","user_id":null,"tenant_id":1,"api_version":"v1","api_route":"/public/products","request_context":"loaded","cache_enabled":true,"redis_enabled":false,"database_connected":true,"execution_time_ms":5,"request_id":"24430e1b404abcdb","memory_mb":2,"timestamp":"2026-04-10 06:34:26"}
[2026-04-10 06:34:27] [info] [RID:15cfdde49ded6b95] Advanced Logger initialized successfully | {"request_id":"15cfdde49ded6b95","memory_mb":2,"timestamp":"2026-04-10 06:34:27"}
[2026-04-10 06:34:27] [info] [RID:15cfdde49ded6b95] Bootstrap initializing | {"env":"production","request_id":"15cfdde49ded6b95","memory_mb":2,"timestamp":"2026-04-10 06:34:27"}
[2026-04-10 06:34:27] [info] [RID:15cfdde49ded6b95] API routing detected | {"version":"v1","route":"/public/products","is_versioned":true,"request_id":"15cfdde49ded6b95","memory_mb":2,"timestamp":"2026-04-10 06:34:27"}
[2026-04-10 06:34:27] [info] [RID:15cfdde49ded6b95] Session config loaded | {"request_id":"15cfdde49ded6b95","memory_mb":2,"timestamp":"2026-04-10 06:34:27"}
[2026-04-10 06:34:27] [info] [RID:15cfdde49ded6b95] RedisHelper loaded | {"request_id":"15cfdde49ded6b95","memory_mb":2,"timestamp":"2026-04-10 06:34:27"}
[2026-04-10 06:34:27] [info] [RID:15cfdde49ded6b95] RequestContext class loaded | {"request_id":"15cfdde49ded6b95","memory_mb":2,"timestamp":"2026-04-10 06:34:27"}
[2026-04-10 06:34:27] [info] [RID:15cfdde49ded6b95] Database connection established | {"request_id":"15cfdde49ded6b95","memory_mb":2,"timestamp":"2026-04-10 06:34:27"}
[2026-04-10 06:34:27] [info] [RID:15cfdde49ded6b95] CacheManager initialized | {"request_id":"15cfdde49ded6b95","memory_mb":2,"timestamp":"2026-04-10 06:34:27"}
[2026-04-10 06:34:27] [info] [RID:15cfdde49ded6b95] RequestContext created | {"request_id":"15cfdde49ded6b95","user_id":null,"tenant_id":1,"roles_count":0,"permissions_count":0,"memory_mb":2,"timestamp":"2026-04-10 06:34:27"}
[2026-04-10 06:34:27] [info] [RID:15cfdde49ded6b95] Redis extension not loaded - Redis disabled | {"request_id":"15cfdde49ded6b95","memory_mb":2,"timestamp":"2026-04-10 06:34:27"}
[2026-04-10 06:34:27] [warning] [RID:15cfdde49ded6b95] Rate limiting failed | {"error":"Redis unavailable","request_id":"15cfdde49ded6b95","memory_mb":2,"timestamp":"2026-04-10 06:34:27"}
[2026-04-10 06:34:27] [info] [RID:15cfdde49ded6b95] Bootstrap completed successfully | {"memory_usage_mb":2,"peak_memory_mb":2,"auth_method":"none","user_id":null,"tenant_id":1,"api_version":"v1","api_route":"/public/products","request_context":"loaded","cache_enabled":true,"redis_enabled":false,"database_connected":true,"execution_time_ms":4.9,"request_id":"15cfdde49ded6b95","memory_mb":2,"timestamp":"2026-04-10 06:34:27"}
[2026-04-10 06:34:27] [info] [RID:673fd4fccd2d316b] Advanced Logger initialized successfully | {"request_id":"673fd4fccd2d316b","memory_mb":2,"timestamp":"2026-04-10 06:34:27"}
[2026-04-10 06:34:27] [info] [RID:673fd4fccd2d316b] Bootstrap initializing | {"env":"production","request_id":"673fd4fccd2d316b","memory_mb":2,"timestamp":"2026-04-10 06:34:27"}
[2026-04-10 06:34:27] [info] [RID:673fd4fccd2d316b] API routing detected | {"version":"v1","route":"/public/entities","is_versioned":true,"request_id":"673fd4fccd2d316b","memory_mb":2,"timestamp":"2026-04-10 06:34:27"}
[2026-04-10 06:34:27] [info] [RID:673fd4fccd2d316b] Session config loaded | {"request_id":"673fd4fccd2d316b","memory_mb":2,"timestamp":"2026-04-10 06:34:27"}
[2026-04-10 06:34:27] [info] [RID:673fd4fccd2d316b] RedisHelper loaded | {"request_id":"673fd4fccd2d316b","memory_mb":2,"timestamp":"2026-04-10 06:34:27"}
[2026-04-10 06:34:27] [info] [RID:673fd4fccd2d316b] RequestContext class loaded | {"request_id":"673fd4fccd2d316b","memory_mb":2,"timestamp":"2026-04-10 06:34:27"}
[2026-04-10 06:34:27] [info] [RID:673fd4fccd2d316b] Database connection established | {"request_id":"673fd4fccd2d316b","memory_mb":2,"timestamp":"2026-04-10 06:34:27"}
[2026-04-10 06:34:27] [info] [RID:673fd4fccd2d316b] CacheManager initialized | {"request_id":"673fd4fccd2d316b","memory_mb":2,"timestamp":"2026-04-10 06:34:27"}
[2026-04-10 06:34:27] [info] [RID:673fd4fccd2d316b] RequestContext created | {"request_id":"673fd4fccd2d316b","user_id":null,"tenant_id":1,"roles_count":0,"permissions_count":0,"memory_mb":2,"timestamp":"2026-04-10 06:34:27"}
[2026-04-10 06:34:27] [info] [RID:673fd4fccd2d316b] Redis extension not loaded - Redis disabled | {"request_id":"673fd4fccd2d316b","memory_mb":2,"timestamp":"2026-04-10 06:34:27"}
[2026-04-10 06:34:27] [warning] [RID:673fd4fccd2d316b] Rate limiting failed | {"error":"Redis unavailable","request_id":"673fd4fccd2d316b","memory_mb":2,"timestamp":"2026-04-10 06:34:27"}
[2026-04-10 06:34:27] [info] [RID:673fd4fccd2d316b] Bootstrap completed successfully | {"memory_usage_mb":2,"peak_memory_mb":2,"auth_method":"none","user_id":null,"tenant_id":1,"api_version":"v1","api_route":"/public/entities","request_context":"loaded","cache_enabled":true,"redis_enabled":false,"database_connected":true,"execution_time_ms":6.7,"request_id":"673fd4fccd2d316b","memory_mb":2,"timestamp":"2026-04-10 06:34:27"}
[2026-04-10 06:34:27] [info] [RID:c6bfa421c639d82e] Advanced Logger initialized successfully | {"request_id":"c6bfa421c639d82e","memory_mb":2,"timestamp":"2026-04-10 06:34:27"}
[2026-04-10 06:34:27] [info] [RID:c6bfa421c639d82e] Bootstrap initializing | {"env":"production","request_id":"c6bfa421c639d82e","memory_mb":2,"timestamp":"2026-04-10 06:34:27"}
[2026-04-10 06:34:27] [info] [RID:c6bfa421c639d82e] API routing detected | {"version":"v1","route":"/public/brands","is_versioned":true,"request_id":"c6bfa421c639d82e","memory_mb":2,"timestamp":"2026-04-10 06:34:27"}
[2026-04-10 06:34:27] [info] [RID:c6bfa421c639d82e] Session config loaded | {"request_id":"c6bfa421c639d82e","memory_mb":2,"timestamp":"2026-04-10 06:34:27"}
[2026-04-10 06:34:27] [info] [RID:c6bfa421c639d82e] RedisHelper loaded | {"request_id":"c6bfa421c639d82e","memory_mb":2,"timestamp":"2026-04-10 06:34:27"}
[2026-04-10 06:34:27] [info] [RID:c6bfa421c639d82e] RequestContext class loaded | {"request_id":"c6bfa421c639d82e","memory_mb":2,"timestamp":"2026-04-10 06:34:27"}
[2026-04-10 06:34:27] [info] [RID:c6bfa421c639d82e] Database connection established | {"request_id":"c6bfa421c639d82e","memory_mb":2,"timestamp":"2026-04-10 06:34:27"}
[2026-04-10 06:34:27] [info] [RID:c6bfa421c639d82e] CacheManager initialized | {"request_id":"c6bfa421c639d82e","memory_mb":2,"timestamp":"2026-04-10 06:34:27"}
[2026-04-10 06:34:27] [info] [RID:c6bfa421c639d82e] RequestContext created | {"request_id":"c6bfa421c639d82e","user_id":null,"tenant_id":1,"roles_count":0,"permissions_count":0,"memory_mb":2,"timestamp":"2026-04-10 06:34:27"}
[2026-04-10 06:34:27] [info] [RID:c6bfa421c639d82e] Redis extension not loaded - Redis disabled | {"request_id":"c6bfa421c639d82e","memory_mb":2,"timestamp":"2026-04-10 06:34:27"}
[2026-04-10 06:34:27] [warning] [RID:c6bfa421c639d82e] Rate limiting failed | {"error":"Redis unavailable","request_id":"c6bfa421c639d82e","memory_mb":2,"timestamp":"2026-04-10 06:34:27"}
[2026-04-10 06:34:27] [info] [RID:c6bfa421c639d82e] Bootstrap completed successfully | {"memory_usage_mb":2,"peak_memory_mb":2,"auth_method":"none","user_id":null,"tenant_id":1,"api_version":"v1","api_route":"/public/brands","request_context":"loaded","cache_enabled":true,"redis_enabled":false,"database_connected":true,"execution_time_ms":8.3,"request_id":"c6bfa421c639d82e","memory_mb":2,"timestamp":"2026-04-10 06:34:27"}
[2026-04-10 06:34:27] [info] [RID:4661fe041b82de89] Advanced Logger initialized successfully | {"request_id":"4661fe041b82de89","memory_mb":2,"timestamp":"2026-04-10 06:34:27"}
[2026-04-10 06:34:27] [info] [RID:4661fe041b82de89] Bootstrap initializing | {"env":"production","request_id":"4661fe041b82de89","memory_mb":2,"timestamp":"2026-04-10 06:34:27"}
[2026-04-10 06:34:27] [info] [RID:4661fe041b82de89] API routing detected | {"version":"v1","route":"/public/auctions","is_versioned":true,"request_id":"4661fe041b82de89","memory_mb":2,"timestamp":"2026-04-10 06:34:27"}
[2026-04-10 06:34:27] [info] [RID:4661fe041b82de89] Session config loaded | {"request_id":"4661fe041b82de89","memory_mb":2,"timestamp":"2026-04-10 06:34:27"}
[2026-04-10 06:34:27] [info] [RID:4661fe041b82de89] RedisHelper loaded | {"request_id":"4661fe041b82de89","memory_mb":2,"timestamp":"2026-04-10 06:34:27"}
[2026-04-10 06:34:27] [info] [RID:4661fe041b82de89] RequestContext class loaded | {"request_id":"4661fe041b82de89","memory_mb":2,"timestamp":"2026-04-10 06:34:27"}
[2026-04-10 06:34:27] [info] [RID:4661fe041b82de89] Database connection established | {"request_id":"4661fe041b82de89","memory_mb":2,"timestamp":"2026-04-10 06:34:27"}
[2026-04-10 06:34:27] [info] [RID:4661fe041b82de89] CacheManager initialized | {"request_id":"4661fe041b82de89","memory_mb":2,"timestamp":"2026-04-10 06:34:27"}
[2026-04-10 06:34:27] [info] [RID:4661fe041b82de89] RequestContext created | {"request_id":"4661fe041b82de89","user_id":null,"tenant_id":1,"roles_count":0,"permissions_count":0,"memory_mb":2,"timestamp":"2026-04-10 06:34:27"}
[2026-04-10 06:34:27] [info] [RID:4661fe041b82de89] Redis extension not loaded - Redis disabled | {"request_id":"4661fe041b82de89","memory_mb":2,"timestamp":"2026-04-10 06:34:27"}
[2026-04-10 06:34:27] [warning] [RID:4661fe041b82de89] Rate limiting failed | {"error":"Redis unavailable","request_id":"4661fe041b82de89","memory_mb":2,"timestamp":"2026-04-10 06:34:27"}
[2026-04-10 06:34:27] [info] [RID:4661fe041b82de89] Bootstrap completed successfully | {"memory_usage_mb":2,"peak_memory_mb":2,"auth_method":"none","user_id":null,"tenant_id":1,"api_version":"v1","api_route":"/public/auctions","request_context":"loaded","cache_enabled":true,"redis_enabled":false,"database_connected":true,"execution_time_ms":6.2,"request_id":"4661fe041b82de89","memory_mb":2,"timestamp":"2026-04-10 06:34:27"}
[2026-04-10 06:34:27] [info] [RID:2718c600ec2169c5] Advanced Logger initialized successfully | {"request_id":"2718c600ec2169c5","memory_mb":2,"timestamp":"2026-04-10 06:34:27"}
[2026-04-10 06:34:27] [info] [RID:2718c600ec2169c5] Bootstrap initializing | {"env":"production","request_id":"2718c600ec2169c5","memory_mb":2,"timestamp":"2026-04-10 06:34:27"}
[2026-04-10 06:34:27] [info] [RID:2718c600ec2169c5] API routing detected | {"version":"v1","route":"/public/jobs","is_versioned":true,"request_id":"2718c600ec2169c5","memory_mb":2,"timestamp":"2026-04-10 06:34:27"}
[2026-04-10 06:34:27] [info] [RID:2718c600ec2169c5] Session config loaded | {"request_id":"2718c600ec2169c5","memory_mb":2,"timestamp":"2026-04-10 06:34:27"}
[2026-04-10 06:34:27] [info] [RID:2718c600ec2169c5] RedisHelper loaded | {"request_id":"2718c600ec2169c5","memory_mb":2,"timestamp":"2026-04-10 06:34:27"}
[2026-04-10 06:34:27] [info] [RID:2718c600ec2169c5] RequestContext class loaded | {"request_id":"2718c600ec2169c5","memory_mb":2,"timestamp":"2026-04-10 06:34:27"}
[2026-04-10 06:34:27] [info] [RID:2718c600ec2169c5] Database connection established | {"request_id":"2718c600ec2169c5","memory_mb":2,"timestamp":"2026-04-10 06:34:27"}
[2026-04-10 06:34:27] [info] [RID:2718c600ec2169c5] CacheManager initialized | {"request_id":"2718c600ec2169c5","memory_mb":2,"timestamp":"2026-04-10 06:34:27"}
[2026-04-10 06:34:27] [info] [RID:2718c600ec2169c5] RequestContext created | {"request_id":"2718c600ec2169c5","user_id":null,"tenant_id":1,"roles_count":0,"permissions_count":0,"memory_mb":2,"timestamp":"2026-04-10 06:34:27"}
[2026-04-10 06:34:27] [info] [RID:2718c600ec2169c5] Redis extension not loaded - Redis disabled | {"request_id":"2718c600ec2169c5","memory_mb":2,"timestamp":"2026-04-10 06:34:27"}
[2026-04-10 06:34:27] [warning] [RID:2718c600ec2169c5] Rate limiting failed | {"error":"Redis unavailable","request_id":"2718c600ec2169c5","memory_mb":2,"timestamp":"2026-04-10 06:34:27"}
[2026-04-10 06:34:27] [info] [RID:2718c600ec2169c5] Bootstrap completed successfully | {"memory_usage_mb":2,"peak_memory_mb":2,"auth_method":"none","user_id":null,"tenant_id":1,"api_version":"v1","api_route":"/public/jobs","request_context":"loaded","cache_enabled":true,"redis_enabled":false,"database_connected":true,"execution_time_ms":6.8,"request_id":"2718c600ec2169c5","memory_mb":2,"timestamp":"2026-04-10 06:34:27"}
[2026-04-10 06:34:27] [info] [RID:ce73825575e1acb0] Advanced Logger initialized successfully | {"request_id":"ce73825575e1acb0","memory_mb":2,"timestamp":"2026-04-10 06:34:27"}
[2026-04-10 06:34:27] [info] [RID:ce73825575e1acb0] Bootstrap initializing | {"env":"production","request_id":"ce73825575e1acb0","memory_mb":2,"timestamp":"2026-04-10 06:34:27"}
[2026-04-10 06:34:27] [info] [RID:ce73825575e1acb0] API routing detected | {"version":"v1","route":"/public/user_devices","is_versioned":true,"request_id":"ce73825575e1acb0","memory_mb":2,"timestamp":"2026-04-10 06:34:27"}
[2026-04-10 06:34:27] [info] [RID:ce73825575e1acb0] Session config loaded | {"request_id":"ce73825575e1acb0","memory_mb":2,"timestamp":"2026-04-10 06:34:27"}
[2026-04-10 06:34:27] [info] [RID:ce73825575e1acb0] RedisHelper loaded | {"request_id":"ce73825575e1acb0","memory_mb":2,"timestamp":"2026-04-10 06:34:27"}
[2026-04-10 06:34:27] [info] [RID:ce73825575e1acb0] RequestContext class loaded | {"request_id":"ce73825575e1acb0","memory_mb":2,"timestamp":"2026-04-10 06:34:27"}
[2026-04-10 06:34:27] [info] [RID:ce73825575e1acb0] Database connection established | {"request_id":"ce73825575e1acb0","memory_mb":2,"timestamp":"2026-04-10 06:34:27"}
[2026-04-10 06:34:27] [info] [RID:ce73825575e1acb0] CacheManager initialized | {"request_id":"ce73825575e1acb0","memory_mb":2,"timestamp":"2026-04-10 06:34:27"}
[2026-04-10 06:34:27] [info] [RID:ce73825575e1acb0] User authenticated via session | {"request_id":"ce73825575e1acb0","memory_mb":2,"timestamp":"2026-04-10 06:34:27"}
[2026-04-10 06:34:27] [info] [RID:ce73825575e1acb0] RequestContext created | {"request_id":"ce73825575e1acb0","user_id":7,"tenant_id":1,"roles_count":1,"permissions_count":28,"memory_mb":2,"timestamp":"2026-04-10 06:34:27"}
[2026-04-10 06:34:27] [info] [RID:ce73825575e1acb0] Redis extension not loaded - Redis disabled | {"request_id":"ce73825575e1acb0","memory_mb":2,"timestamp":"2026-04-10 06:34:27"}
[2026-04-10 06:34:27] [warning] [RID:ce73825575e1acb0] Rate limiting failed | {"error":"Redis unavailable","request_id":"ce73825575e1acb0","memory_mb":2,"timestamp":"2026-04-10 06:34:27"}
[2026-04-10 06:34:27] [info] [RID:ce73825575e1acb0] Bootstrap completed successfully | {"memory_usage_mb":2,"peak_memory_mb":2,"auth_method":"session","user_id":7,"tenant_id":1,"api_version":"v1","api_route":"/public/user_devices","request_context":"loaded","cache_enabled":true,"redis_enabled":false,"database_connected":true,"execution_time_ms":4.4,"request_id":"ce73825575e1acb0","memory_mb":2,"timestamp":"2026-04-10 06:34:27"}
[2026-04-10 06:34:46] [info] [RID:523eaf8b9cfcaf6a] Advanced Logger initialized successfully | {"request_id":"523eaf8b9cfcaf6a","memory_mb":2,"timestamp":"2026-04-10 06:34:46"}
[2026-04-10 06:34:46] [info] [RID:523eaf8b9cfcaf6a] Bootstrap initializing | {"env":"production","request_id":"523eaf8b9cfcaf6a","memory_mb":2,"timestamp":"2026-04-10 06:34:46"}
[2026-04-10 06:34:46] [info] [RID:523eaf8b9cfcaf6a] API routing detected | {"version":"v1","route":"/public/homepage_sections","is_versioned":true,"request_id":"523eaf8b9cfcaf6a","memory_mb":2,"timestamp":"2026-04-10 06:34:46"}
[2026-04-10 06:34:46] [info] [RID:523eaf8b9cfcaf6a] Session config loaded | {"request_id":"523eaf8b9cfcaf6a","memory_mb":2,"timestamp":"2026-04-10 06:34:46"}
[2026-04-10 06:34:46] [info] [RID:523eaf8b9cfcaf6a] RedisHelper loaded | {"request_id":"523eaf8b9cfcaf6a","memory_mb":2,"timestamp":"2026-04-10 06:34:46"}
[2026-04-10 06:34:46] [info] [RID:523eaf8b9cfcaf6a] RequestContext class loaded | {"request_id":"523eaf8b9cfcaf6a","memory_mb":2,"timestamp":"2026-04-10 06:34:46"}
[2026-04-10 06:34:46] [info] [RID:523eaf8b9cfcaf6a] Database connection established | {"request_id":"523eaf8b9cfcaf6a","memory_mb":2,"timestamp":"2026-04-10 06:34:46"}
[2026-04-10 06:34:46] [info] [RID:523eaf8b9cfcaf6a] CacheManager initialized | {"request_id":"523eaf8b9cfcaf6a","memory_mb":2,"timestamp":"2026-04-10 06:34:46"}
[2026-04-10 06:34:46] [info] [RID:523eaf8b9cfcaf6a] RequestContext created | {"request_id":"523eaf8b9cfcaf6a","user_id":null,"tenant_id":1,"roles_count":0,"permissions_count":0,"memory_mb":2,"timestamp":"2026-04-10 06:34:46"}
[2026-04-10 06:34:46] [info] [RID:523eaf8b9cfcaf6a] Redis extension not loaded - Redis disabled | {"request_id":"523eaf8b9cfcaf6a","memory_mb":2,"timestamp":"2026-04-10 06:34:46"}
[2026-04-10 06:34:46] [warning] [RID:523eaf8b9cfcaf6a] Rate limiting failed | {"error":"Redis unavailable","request_id":"523eaf8b9cfcaf6a","memory_mb":2,"timestamp":"2026-04-10 06:34:46"}
[2026-04-10 06:34:46] [info] [RID:523eaf8b9cfcaf6a] Bootstrap completed successfully | {"memory_usage_mb":2,"peak_memory_mb":2,"auth_method":"none","user_id":null,"tenant_id":1,"api_version":"v1","api_route":"/public/homepage_sections","request_context":"loaded","cache_enabled":true,"redis_enabled":false,"database_connected":true,"execution_time_ms":6.6,"request_id":"523eaf8b9cfcaf6a","memory_mb":2,"timestamp":"2026-04-10 06:34:46"}
[2026-04-10 06:34:46] [info] [RID:087eb97e77beb643] Advanced Logger initialized successfully | {"request_id":"087eb97e77beb643","memory_mb":2,"timestamp":"2026-04-10 06:34:46"}
[2026-04-10 06:34:46] [info] [RID:087eb97e77beb643] Bootstrap initializing | {"env":"production","request_id":"087eb97e77beb643","memory_mb":2,"timestamp":"2026-04-10 06:34:46"}
[2026-04-10 06:34:46] [info] [RID:087eb97e77beb643] API routing detected | {"version":"v1","route":"/public/ads","is_versioned":true,"request_id":"087eb97e77beb643","memory_mb":2,"timestamp":"2026-04-10 06:34:46"}
[2026-04-10 06:34:46] [info] [RID:087eb97e77beb643] Session config loaded | {"request_id":"087eb97e77beb643","memory_mb":2,"timestamp":"2026-04-10 06:34:46"}
[2026-04-10 06:34:46] [info] [RID:087eb97e77beb643] RedisHelper loaded | {"request_id":"087eb97e77beb643","memory_mb":2,"timestamp":"2026-04-10 06:34:46"}
[2026-04-10 06:34:46] [info] [RID:087eb97e77beb643] RequestContext class loaded | {"request_id":"087eb97e77beb643","memory_mb":2,"timestamp":"2026-04-10 06:34:46"}
[2026-04-10 06:34:46] [info] [RID:087eb97e77beb643] Database connection established | {"request_id":"087eb97e77beb643","memory_mb":2,"timestamp":"2026-04-10 06:34:46"}
[2026-04-10 06:34:46] [info] [RID:087eb97e77beb643] CacheManager initialized | {"request_id":"087eb97e77beb643","memory_mb":2,"timestamp":"2026-04-10 06:34:46"}
[2026-04-10 06:34:46] [info] [RID:087eb97e77beb643] RequestContext created | {"request_id":"087eb97e77beb643","user_id":null,"tenant_id":1,"roles_count":0,"permissions_count":0,"memory_mb":2,"timestamp":"2026-04-10 06:34:46"}
[2026-04-10 06:34:46] [info] [RID:087eb97e77beb643] Redis extension not loaded - Redis disabled | {"request_id":"087eb97e77beb643","memory_mb":2,"timestamp":"2026-04-10 06:34:46"}
[2026-04-10 06:34:46] [warning] [RID:087eb97e77beb643] Rate limiting failed | {"error":"Redis unavailable","request_id":"087eb97e77beb643","memory_mb":2,"timestamp":"2026-04-10 06:34:46"}
[2026-04-10 06:34:46] [info] [RID:087eb97e77beb643] Bootstrap completed successfully | {"memory_usage_mb":2,"peak_memory_mb":2,"auth_method":"none","user_id":null,"tenant_id":1,"api_version":"v1","api_route":"/public/ads","request_context":"loaded","cache_enabled":true,"redis_enabled":false,"database_connected":true,"execution_time_ms":6.2,"request_id":"087eb97e77beb643","memory_mb":2,"timestamp":"2026-04-10 06:34:46"}
[2026-04-10 06:34:46] [info] [RID:894ccfa9e54c0417] Advanced Logger initialized successfully | {"request_id":"894ccfa9e54c0417","memory_mb":2,"timestamp":"2026-04-10 06:34:46"}
[2026-04-10 06:34:46] [info] [RID:894ccfa9e54c0417] Bootstrap initializing | {"env":"production","request_id":"894ccfa9e54c0417","memory_mb":2,"timestamp":"2026-04-10 06:34:46"}
[2026-04-10 06:34:46] [info] [RID:894ccfa9e54c0417] API routing detected | {"version":"v1","route":"/public/categories","is_versioned":true,"request_id":"894ccfa9e54c0417","memory_mb":2,"timestamp":"2026-04-10 06:34:46"}
[2026-04-10 06:34:46] [info] [RID:894ccfa9e54c0417] Session config loaded | {"request_id":"894ccfa9e54c0417","memory_mb":2,"timestamp":"2026-04-10 06:34:46"}
[2026-04-10 06:34:46] [info] [RID:894ccfa9e54c0417] RedisHelper loaded | {"request_id":"894ccfa9e54c0417","memory_mb":2,"timestamp":"2026-04-10 06:34:46"}
[2026-04-10 06:34:46] [info] [RID:894ccfa9e54c0417] RequestContext class loaded | {"request_id":"894ccfa9e54c0417","memory_mb":2,"timestamp":"2026-04-10 06:34:46"}
[2026-04-10 06:34:46] [info] [RID:894ccfa9e54c0417] Database connection established | {"request_id":"894ccfa9e54c0417","memory_mb":2,"timestamp":"2026-04-10 06:34:46"}
[2026-04-10 06:34:46] [info] [RID:894ccfa9e54c0417] CacheManager initialized | {"request_id":"894ccfa9e54c0417","memory_mb":2,"timestamp":"2026-04-10 06:34:46"}
[2026-04-10 06:34:46] [info] [RID:894ccfa9e54c0417] RequestContext created | {"request_id":"894ccfa9e54c0417","user_id":null,"tenant_id":1,"roles_count":0,"permissions_count":0,"memory_mb":2,"timestamp":"2026-04-10 06:34:46"}
[2026-04-10 06:34:46] [info] [RID:894ccfa9e54c0417] Redis extension not loaded - Redis disabled | {"request_id":"894ccfa9e54c0417","memory_mb":2,"timestamp":"2026-04-10 06:34:46"}
[2026-04-10 06:34:46] [warning] [RID:894ccfa9e54c0417] Rate limiting failed | {"error":"Redis unavailable","request_id":"894ccfa9e54c0417","memory_mb":2,"timestamp":"2026-04-10 06:34:46"}
[2026-04-10 06:34:46] [info] [RID:894ccfa9e54c0417] Bootstrap completed successfully | {"memory_usage_mb":2,"peak_memory_mb":2,"auth_method":"none","user_id":null,"tenant_id":1,"api_version":"v1","api_route":"/public/categories","request_context":"loaded","cache_enabled":true,"redis_enabled":false,"database_connected":true,"execution_time_ms":5,"request_id":"894ccfa9e54c0417","memory_mb":2,"timestamp":"2026-04-10 06:34:46"}
[2026-04-10 06:34:46] [info] [RID:065c33eb18d3bf37] Advanced Logger initialized successfully | {"request_id":"065c33eb18d3bf37","memory_mb":2,"timestamp":"2026-04-10 06:34:46"}
[2026-04-10 06:34:46] [info] [RID:065c33eb18d3bf37] Bootstrap initializing | {"env":"production","request_id":"065c33eb18d3bf37","memory_mb":2,"timestamp":"2026-04-10 06:34:46"}
[2026-04-10 06:34:46] [info] [RID:065c33eb18d3bf37] API routing detected | {"version":"v1","route":"/public/discounts","is_versioned":true,"request_id":"065c33eb18d3bf37","memory_mb":2,"timestamp":"2026-04-10 06:34:46"}
[2026-04-10 06:34:46] [info] [RID:065c33eb18d3bf37] Session config loaded | {"request_id":"065c33eb18d3bf37","memory_mb":2,"timestamp":"2026-04-10 06:34:46"}
[2026-04-10 06:34:46] [info] [RID:065c33eb18d3bf37] RedisHelper loaded | {"request_id":"065c33eb18d3bf37","memory_mb":2,"timestamp":"2026-04-10 06:34:46"}
[2026-04-10 06:34:46] [info] [RID:065c33eb18d3bf37] RequestContext class loaded | {"request_id":"065c33eb18d3bf37","memory_mb":2,"timestamp":"2026-04-10 06:34:46"}
[2026-04-10 06:34:46] [info] [RID:065c33eb18d3bf37] Database connection established | {"request_id":"065c33eb18d3bf37","memory_mb":2,"timestamp":"2026-04-10 06:34:46"}
[2026-04-10 06:34:46] [info] [RID:065c33eb18d3bf37] CacheManager initialized | {"request_id":"065c33eb18d3bf37","memory_mb":2,"timestamp":"2026-04-10 06:34:46"}
[2026-04-10 06:34:46] [info] [RID:065c33eb18d3bf37] RequestContext created | {"request_id":"065c33eb18d3bf37","user_id":null,"tenant_id":1,"roles_count":0,"permissions_count":0,"memory_mb":2,"timestamp":"2026-04-10 06:34:46"}
[2026-04-10 06:34:46] [info] [RID:065c33eb18d3bf37] Redis extension not loaded - Redis disabled | {"request_id":"065c33eb18d3bf37","memory_mb":2,"timestamp":"2026-04-10 06:34:46"}
[2026-04-10 06:34:46] [warning] [RID:065c33eb18d3bf37] Rate limiting failed | {"error":"Redis unavailable","request_id":"065c33eb18d3bf37","memory_mb":2,"timestamp":"2026-04-10 06:34:46"}
[2026-04-10 06:34:46] [info] [RID:065c33eb18d3bf37] Bootstrap completed successfully | {"memory_usage_mb":2,"peak_memory_mb":2,"auth_method":"none","user_id":null,"tenant_id":1,"api_version":"v1","api_route":"/public/discounts","request_context":"loaded","cache_enabled":true,"redis_enabled":false,"database_connected":true,"execution_time_ms":5.1,"request_id":"065c33eb18d3bf37","memory_mb":2,"timestamp":"2026-04-10 06:34:46"}
[2026-04-10 06:34:46] [info] [RID:5dc0a5f97a93f4e5] Advanced Logger initialized successfully | {"request_id":"5dc0a5f97a93f4e5","memory_mb":2,"timestamp":"2026-04-10 06:34:46"}
[2026-04-10 06:34:46] [info] [RID:5dc0a5f97a93f4e5] Bootstrap initializing | {"env":"production","request_id":"5dc0a5f97a93f4e5","memory_mb":2,"timestamp":"2026-04-10 06:34:46"}
[2026-04-10 06:34:46] [info] [RID:5dc0a5f97a93f4e5] API routing detected | {"version":"v1","route":"/public/products","is_versioned":true,"request_id":"5dc0a5f97a93f4e5","memory_mb":2,"timestamp":"2026-04-10 06:34:46"}
[2026-04-10 06:34:46] [info] [RID:5dc0a5f97a93f4e5] Session config loaded | {"request_id":"5dc0a5f97a93f4e5","memory_mb":2,"timestamp":"2026-04-10 06:34:46"}
[2026-04-10 06:34:46] [info] [RID:5dc0a5f97a93f4e5] RedisHelper loaded | {"request_id":"5dc0a5f97a93f4e5","memory_mb":2,"timestamp":"2026-04-10 06:34:46"}
[2026-04-10 06:34:46] [info] [RID:5dc0a5f97a93f4e5] RequestContext class loaded | {"request_id":"5dc0a5f97a93f4e5","memory_mb":2,"timestamp":"2026-04-10 06:34:46"}
[2026-04-10 06:34:46] [info] [RID:5dc0a5f97a93f4e5] Database connection established | {"request_id":"5dc0a5f97a93f4e5","memory_mb":2,"timestamp":"2026-04-10 06:34:46"}
[2026-04-10 06:34:46] [info] [RID:5dc0a5f97a93f4e5] CacheManager initialized | {"request_id":"5dc0a5f97a93f4e5","memory_mb":2,"timestamp":"2026-04-10 06:34:46"}
[2026-04-10 06:34:46] [info] [RID:5dc0a5f97a93f4e5] RequestContext created | {"request_id":"5dc0a5f97a93f4e5","user_id":null,"tenant_id":1,"roles_count":0,"permissions_count":0,"memory_mb":2,"timestamp":"2026-04-10 06:34:46"}
[2026-04-10 06:34:46] [info] [RID:5dc0a5f97a93f4e5] Redis extension not loaded - Redis disabled | {"request_id":"5dc0a5f97a93f4e5","memory_mb":2,"timestamp":"2026-04-10 06:34:46"}
[2026-04-10 06:34:46] [warning] [RID:5dc0a5f97a93f4e5] Rate limiting failed | {"error":"Redis unavailable","request_id":"5dc0a5f97a93f4e5","memory_mb":2,"timestamp":"2026-04-10 06:34:46"}
[2026-04-10 06:34:46] [info] [RID:5dc0a5f97a93f4e5] Bootstrap completed successfully | {"memory_usage_mb":2,"peak_memory_mb":2,"auth_method":"none","user_id":null,"tenant_id":1,"api_version":"v1","api_route":"/public/products","request_context":"loaded","cache_enabled":true,"redis_enabled":false,"database_connected":true,"execution_time_ms":5.1,"request_id":"5dc0a5f97a93f4e5","memory_mb":2,"timestamp":"2026-04-10 06:34:46"}
[2026-04-10 06:34:46] [info] [RID:cd10724ade8e7107] Advanced Logger initialized successfully | {"request_id":"cd10724ade8e7107","memory_mb":2,"timestamp":"2026-04-10 06:34:46"}
[2026-04-10 06:34:46] [info] [RID:cd10724ade8e7107] Bootstrap initializing | {"env":"production","request_id":"cd10724ade8e7107","memory_mb":2,"timestamp":"2026-04-10 06:34:46"}
[2026-04-10 06:34:46] [info] [RID:cd10724ade8e7107] API routing detected | {"version":"v1","route":"/public/products","is_versioned":true,"request_id":"cd10724ade8e7107","memory_mb":2,"timestamp":"2026-04-10 06:34:46"}
[2026-04-10 06:34:46] [info] [RID:cd10724ade8e7107] Session config loaded | {"request_id":"cd10724ade8e7107","memory_mb":2,"timestamp":"2026-04-10 06:34:46"}
[2026-04-10 06:34:46] [info] [RID:cd10724ade8e7107] RedisHelper loaded | {"request_id":"cd10724ade8e7107","memory_mb":2,"timestamp":"2026-04-10 06:34:46"}
[2026-04-10 06:34:46] [info] [RID:cd10724ade8e7107] RequestContext class loaded | {"request_id":"cd10724ade8e7107","memory_mb":2,"timestamp":"2026-04-10 06:34:46"}
[2026-04-10 06:34:46] [info] [RID:cd10724ade8e7107] Database connection established | {"request_id":"cd10724ade8e7107","memory_mb":2,"timestamp":"2026-04-10 06:34:46"}
[2026-04-10 06:34:46] [info] [RID:cd10724ade8e7107] CacheManager initialized | {"request_id":"cd10724ade8e7107","memory_mb":2,"timestamp":"2026-04-10 06:34:46"}
[2026-04-10 06:34:46] [info] [RID:cd10724ade8e7107] RequestContext created | {"request_id":"cd10724ade8e7107","user_id":null,"tenant_id":1,"roles_count":0,"permissions_count":0,"memory_mb":2,"timestamp":"2026-04-10 06:34:46"}
[2026-04-10 06:34:46] [info] [RID:cd10724ade8e7107] Redis extension not loaded - Redis disabled | {"request_id":"cd10724ade8e7107","memory_mb":2,"timestamp":"2026-04-10 06:34:46"}
[2026-04-10 06:34:46] [warning] [RID:cd10724ade8e7107] Rate limiting failed | {"error":"Redis unavailable","request_id":"cd10724ade8e7107","memory_mb":2,"timestamp":"2026-04-10 06:34:46"}
[2026-04-10 06:34:46] [info] [RID:cd10724ade8e7107] Bootstrap completed successfully | {"memory_usage_mb":2,"peak_memory_mb":2,"auth_method":"none","user_id":null,"tenant_id":1,"api_version":"v1","api_route":"/public/products","request_context":"loaded","cache_enabled":true,"redis_enabled":false,"database_connected":true,"execution_time_ms":4.9,"request_id":"cd10724ade8e7107","memory_mb":2,"timestamp":"2026-04-10 06:34:46"}
[2026-04-10 06:34:46] [info] [RID:53f94d3a44cc8a42] Advanced Logger initialized successfully | {"request_id":"53f94d3a44cc8a42","memory_mb":2,"timestamp":"2026-04-10 06:34:46"}
[2026-04-10 06:34:46] [info] [RID:53f94d3a44cc8a42] Bootstrap initializing | {"env":"production","request_id":"53f94d3a44cc8a42","memory_mb":2,"timestamp":"2026-04-10 06:34:46"}
[2026-04-10 06:34:46] [info] [RID:53f94d3a44cc8a42] API routing detected | {"version":"v1","route":"/public/entities","is_versioned":true,"request_id":"53f94d3a44cc8a42","memory_mb":2,"timestamp":"2026-04-10 06:34:46"}
[2026-04-10 06:34:46] [info] [RID:53f94d3a44cc8a42] Session config loaded | {"request_id":"53f94d3a44cc8a42","memory_mb":2,"timestamp":"2026-04-10 06:34:46"}
[2026-04-10 06:34:46] [info] [RID:53f94d3a44cc8a42] RedisHelper loaded | {"request_id":"53f94d3a44cc8a42","memory_mb":2,"timestamp":"2026-04-10 06:34:46"}
[2026-04-10 06:34:46] [info] [RID:53f94d3a44cc8a42] RequestContext class loaded | {"request_id":"53f94d3a44cc8a42","memory_mb":2,"timestamp":"2026-04-10 06:34:46"}
[2026-04-10 06:34:46] [info] [RID:53f94d3a44cc8a42] Database connection established | {"request_id":"53f94d3a44cc8a42","memory_mb":2,"timestamp":"2026-04-10 06:34:46"}
[2026-04-10 06:34:46] [info] [RID:53f94d3a44cc8a42] CacheManager initialized | {"request_id":"53f94d3a44cc8a42","memory_mb":2,"timestamp":"2026-04-10 06:34:46"}
[2026-04-10 06:34:46] [info] [RID:53f94d3a44cc8a42] RequestContext created | {"request_id":"53f94d3a44cc8a42","user_id":null,"tenant_id":1,"roles_count":0,"permissions_count":0,"memory_mb":2,"timestamp":"2026-04-10 06:34:46"}
[2026-04-10 06:34:46] [info] [RID:53f94d3a44cc8a42] Redis extension not loaded - Redis disabled | {"request_id":"53f94d3a44cc8a42","memory_mb":2,"timestamp":"2026-04-10 06:34:46"}
[2026-04-10 06:34:46] [warning] [RID:53f94d3a44cc8a42] Rate limiting failed | {"error":"Redis unavailable","request_id":"53f94d3a44cc8a42","memory_mb":2,"timestamp":"2026-04-10 06:34:46"}
[2026-04-10 06:34:46] [info] [RID:53f94d3a44cc8a42] Bootstrap completed successfully | {"memory_usage_mb":2,"peak_memory_mb":2,"auth_method":"none","user_id":null,"tenant_id":1,"api_version":"v1","api_route":"/public/entities","request_context":"loaded","cache_enabled":true,"redis_enabled":false,"database_connected":true,"execution_time_ms":4.9,"request_id":"53f94d3a44cc8a42","memory_mb":2,"timestamp":"2026-04-10 06:34:46"}
[2026-04-10 06:34:46] [info] [RID:32aa2139cb48b55c] Advanced Logger initialized successfully | {"request_id":"32aa2139cb48b55c","memory_mb":2,"timestamp":"2026-04-10 06:34:46"}
[2026-04-10 06:34:46] [info] [RID:32aa2139cb48b55c] Bootstrap initializing | {"env":"production","request_id":"32aa2139cb48b55c","memory_mb":2,"timestamp":"2026-04-10 06:34:46"}
[2026-04-10 06:34:46] [info] [RID:32aa2139cb48b55c] API routing detected | {"version":"v1","route":"/public/brands","is_versioned":true,"request_id":"32aa2139cb48b55c","memory_mb":2,"timestamp":"2026-04-10 06:34:46"}
[2026-04-10 06:34:46] [info] [RID:32aa2139cb48b55c] Session config loaded | {"request_id":"32aa2139cb48b55c","memory_mb":2,"timestamp":"2026-04-10 06:34:46"}
[2026-04-10 06:34:46] [info] [RID:32aa2139cb48b55c] RedisHelper loaded | {"request_id":"32aa2139cb48b55c","memory_mb":2,"timestamp":"2026-04-10 06:34:46"}
[2026-04-10 06:34:46] [info] [RID:32aa2139cb48b55c] RequestContext class loaded | {"request_id":"32aa2139cb48b55c","memory_mb":2,"timestamp":"2026-04-10 06:34:46"}
[2026-04-10 06:34:46] [info] [RID:32aa2139cb48b55c] Database connection established | {"request_id":"32aa2139cb48b55c","memory_mb":2,"timestamp":"2026-04-10 06:34:46"}
[2026-04-10 06:34:46] [info] [RID:32aa2139cb48b55c] CacheManager initialized | {"request_id":"32aa2139cb48b55c","memory_mb":2,"timestamp":"2026-04-10 06:34:46"}
[2026-04-10 06:34:46] [info] [RID:32aa2139cb48b55c] RequestContext created | {"request_id":"32aa2139cb48b55c","user_id":null,"tenant_id":1,"roles_count":0,"permissions_count":0,"memory_mb":2,"timestamp":"2026-04-10 06:34:46"}
[2026-04-10 06:34:46] [info] [RID:32aa2139cb48b55c] Redis extension not loaded - Redis disabled | {"request_id":"32aa2139cb48b55c","memory_mb":2,"timestamp":"2026-04-10 06:34:46"}
[2026-04-10 06:34:46] [warning] [RID:32aa2139cb48b55c] Rate limiting failed | {"error":"Redis unavailable","request_id":"32aa2139cb48b55c","memory_mb":2,"timestamp":"2026-04-10 06:34:46"}
[2026-04-10 06:34:46] [info] [RID:32aa2139cb48b55c] Bootstrap completed successfully | {"memory_usage_mb":2,"peak_memory_mb":2,"auth_method":"none","user_id":null,"tenant_id":1,"api_version":"v1","api_route":"/public/brands","request_context":"loaded","cache_enabled":true,"redis_enabled":false,"database_connected":true,"execution_time_ms":4.9,"request_id":"32aa2139cb48b55c","memory_mb":2,"timestamp":"2026-04-10 06:34:46"}
[2026-04-10 06:34:46] [info] [RID:14f024b6b104c75a] Advanced Logger initialized successfully | {"request_id":"14f024b6b104c75a","memory_mb":2,"timestamp":"2026-04-10 06:34:46"}
[2026-04-10 06:34:46] [info] [RID:14f024b6b104c75a] Bootstrap initializing | {"env":"production","request_id":"14f024b6b104c75a","memory_mb":2,"timestamp":"2026-04-10 06:34:46"}
[2026-04-10 06:34:46] [info] [RID:14f024b6b104c75a] API routing detected | {"version":"v1","route":"/public/auctions","is_versioned":true,"request_id":"14f024b6b104c75a","memory_mb":2,"timestamp":"2026-04-10 06:34:46"}
[2026-04-10 06:34:46] [info] [RID:14f024b6b104c75a] Session config loaded | {"request_id":"14f024b6b104c75a","memory_mb":2,"timestamp":"2026-04-10 06:34:46"}
[2026-04-10 06:34:46] [info] [RID:14f024b6b104c75a] RedisHelper loaded | {"request_id":"14f024b6b104c75a","memory_mb":2,"timestamp":"2026-04-10 06:34:46"}
[2026-04-10 06:34:46] [info] [RID:14f024b6b104c75a] RequestContext class loaded | {"request_id":"14f024b6b104c75a","memory_mb":2,"timestamp":"2026-04-10 06:34:46"}
[2026-04-10 06:34:46] [info] [RID:14f024b6b104c75a] Database connection established | {"request_id":"14f024b6b104c75a","memory_mb":2,"timestamp":"2026-04-10 06:34:46"}
[2026-04-10 06:34:46] [info] [RID:14f024b6b104c75a] CacheManager initialized | {"request_id":"14f024b6b104c75a","memory_mb":2,"timestamp":"2026-04-10 06:34:46"}
[2026-04-10 06:34:46] [info] [RID:14f024b6b104c75a] RequestContext created | {"request_id":"14f024b6b104c75a","user_id":null,"tenant_id":1,"roles_count":0,"permissions_count":0,"memory_mb":2,"timestamp":"2026-04-10 06:34:46"}
[2026-04-10 06:34:46] [info] [RID:14f024b6b104c75a] Redis extension not loaded - Redis disabled | {"request_id":"14f024b6b104c75a","memory_mb":2,"timestamp":"2026-04-10 06:34:46"}
[2026-04-10 06:34:46] [warning] [RID:14f024b6b104c75a] Rate limiting failed | {"error":"Redis unavailable","request_id":"14f024b6b104c75a","memory_mb":2,"timestamp":"2026-04-10 06:34:46"}
[2026-04-10 06:34:46] [info] [RID:14f024b6b104c75a] Bootstrap completed successfully | {"memory_usage_mb":2,"peak_memory_mb":2,"auth_method":"none","user_id":null,"tenant_id":1,"api_version":"v1","api_route":"/public/auctions","request_context":"loaded","cache_enabled":true,"redis_enabled":false,"database_connected":true,"execution_time_ms":6.7,"request_id":"14f024b6b104c75a","memory_mb":2,"timestamp":"2026-04-10 06:34:46"}
[2026-04-10 06:34:46] [info] [RID:3cdb46eb29c873a0] Advanced Logger initialized successfully | {"request_id":"3cdb46eb29c873a0","memory_mb":2,"timestamp":"2026-04-10 06:34:46"}
[2026-04-10 06:34:46] [info] [RID:3cdb46eb29c873a0] Bootstrap initializing | {"env":"production","request_id":"3cdb46eb29c873a0","memory_mb":2,"timestamp":"2026-04-10 06:34:46"}
[2026-04-10 06:34:46] [info] [RID:3cdb46eb29c873a0] API routing detected | {"version":"v1","route":"/public/jobs","is_versioned":true,"request_id":"3cdb46eb29c873a0","memory_mb":2,"timestamp":"2026-04-10 06:34:46"}
[2026-04-10 06:34:46] [info] [RID:3cdb46eb29c873a0] Session config loaded | {"request_id":"3cdb46eb29c873a0","memory_mb":2,"timestamp":"2026-04-10 06:34:46"}
[2026-04-10 06:34:46] [info] [RID:3cdb46eb29c873a0] RedisHelper loaded | {"request_id":"3cdb46eb29c873a0","memory_mb":2,"timestamp":"2026-04-10 06:34:46"}
[2026-04-10 06:34:46] [info] [RID:3cdb46eb29c873a0] RequestContext class loaded | {"request_id":"3cdb46eb29c873a0","memory_mb":2,"timestamp":"2026-04-10 06:34:46"}
[2026-04-10 06:34:46] [info] [RID:3cdb46eb29c873a0] Database connection established | {"request_id":"3cdb46eb29c873a0","memory_mb":2,"timestamp":"2026-04-10 06:34:46"}
[2026-04-10 06:34:46] [info] [RID:3cdb46eb29c873a0] CacheManager initialized | {"request_id":"3cdb46eb29c873a0","memory_mb":2,"timestamp":"2026-04-10 06:34:46"}
[2026-04-10 06:34:46] [info] [RID:3cdb46eb29c873a0] RequestContext created | {"request_id":"3cdb46eb29c873a0","user_id":null,"tenant_id":1,"roles_count":0,"permissions_count":0,"memory_mb":2,"timestamp":"2026-04-10 06:34:46"}
[2026-04-10 06:34:46] [info] [RID:3cdb46eb29c873a0] Redis extension not loaded - Redis disabled | {"request_id":"3cdb46eb29c873a0","memory_mb":2,"timestamp":"2026-04-10 06:34:46"}
[2026-04-10 06:34:46] [warning] [RID:3cdb46eb29c873a0] Rate limiting failed | {"error":"Redis unavailable","request_id":"3cdb46eb29c873a0","memory_mb":2,"timestamp":"2026-04-10 06:34:46"}
[2026-04-10 06:34:46] [info] [RID:3cdb46eb29c873a0] Bootstrap completed successfully | {"memory_usage_mb":2,"peak_memory_mb":2,"auth_method":"none","user_id":null,"tenant_id":1,"api_version":"v1","api_route":"/public/jobs","request_context":"loaded","cache_enabled":true,"redis_enabled":false,"database_connected":true,"execution_time_ms":5.1,"request_id":"3cdb46eb29c873a0","memory_mb":2,"timestamp":"2026-04-10 06:34:46"}
[2026-04-10 06:34:46] [info] [RID:dd84fd67c03d0a88] Advanced Logger initialized successfully | {"request_id":"dd84fd67c03d0a88","memory_mb":2,"timestamp":"2026-04-10 06:34:46"}
[2026-04-10 06:34:46] [info] [RID:dd84fd67c03d0a88] Bootstrap initializing | {"env":"production","request_id":"dd84fd67c03d0a88","memory_mb":2,"timestamp":"2026-04-10 06:34:46"}
[2026-04-10 06:34:46] [info] [RID:dd84fd67c03d0a88] API routing detected | {"version":"v1","route":"/public/user_devices","is_versioned":true,"request_id":"dd84fd67c03d0a88","memory_mb":2,"timestamp":"2026-04-10 06:34:46"}
[2026-04-10 06:34:46] [info] [RID:dd84fd67c03d0a88] Session config loaded | {"request_id":"dd84fd67c03d0a88","memory_mb":2,"timestamp":"2026-04-10 06:34:46"}
[2026-04-10 06:34:46] [info] [RID:dd84fd67c03d0a88] RedisHelper loaded | {"request_id":"dd84fd67c03d0a88","memory_mb":2,"timestamp":"2026-04-10 06:34:46"}
[2026-04-10 06:34:46] [info] [RID:dd84fd67c03d0a88] RequestContext class loaded | {"request_id":"dd84fd67c03d0a88","memory_mb":2,"timestamp":"2026-04-10 06:34:46"}
[2026-04-10 06:34:46] [info] [RID:dd84fd67c03d0a88] Database connection established | {"request_id":"dd84fd67c03d0a88","memory_mb":2,"timestamp":"2026-04-10 06:34:46"}
[2026-04-10 06:34:46] [info] [RID:dd84fd67c03d0a88] CacheManager initialized | {"request_id":"dd84fd67c03d0a88","memory_mb":2,"timestamp":"2026-04-10 06:34:46"}
[2026-04-10 06:34:46] [info] [RID:dd84fd67c03d0a88] User authenticated via session | {"request_id":"dd84fd67c03d0a88","memory_mb":2,"timestamp":"2026-04-10 06:34:46"}
[2026-04-10 06:34:46] [info] [RID:dd84fd67c03d0a88] RequestContext created | {"request_id":"dd84fd67c03d0a88","user_id":7,"tenant_id":1,"roles_count":1,"permissions_count":28,"memory_mb":2,"timestamp":"2026-04-10 06:34:46"}
[2026-04-10 06:34:46] [info] [RID:dd84fd67c03d0a88] Redis extension not loaded - Redis disabled | {"request_id":"dd84fd67c03d0a88","memory_mb":2,"timestamp":"2026-04-10 06:34:46"}
[2026-04-10 06:34:46] [warning] [RID:dd84fd67c03d0a88] Rate limiting failed | {"error":"Redis unavailable","request_id":"dd84fd67c03d0a88","memory_mb":2,"timestamp":"2026-04-10 06:34:46"}
[2026-04-10 06:34:46] [info] [RID:dd84fd67c03d0a88] Bootstrap completed successfully | {"memory_usage_mb":2,"peak_memory_mb":2,"auth_method":"session","user_id":7,"tenant_id":1,"api_version":"v1","api_route":"/public/user_devices","request_context":"loaded","cache_enabled":true,"redis_enabled":false,"database_connected":true,"execution_time_ms":5,"request_id":"dd84fd67c03d0a88","memory_mb":2,"timestamp":"2026-04-10 06:34:46"}
[2026-04-10 06:35:04] [info] [RID:db43c9e34b58d965] Advanced Logger initialized successfully | {"request_id":"db43c9e34b58d965","memory_mb":2,"timestamp":"2026-04-10 06:35:04"}
[2026-04-10 06:35:04] [info] [RID:db43c9e34b58d965] Bootstrap initializing | {"env":"production","request_id":"db43c9e34b58d965","memory_mb":2,"timestamp":"2026-04-10 06:35:04"}
[2026-04-10 06:35:04] [info] [RID:db43c9e34b58d965] API routing detected | {"version":"v1","route":"/public/homepage_sections","is_versioned":true,"request_id":"db43c9e34b58d965","memory_mb":2,"timestamp":"2026-04-10 06:35:04"}
[2026-04-10 06:35:04] [info] [RID:db43c9e34b58d965] Session config loaded | {"request_id":"db43c9e34b58d965","memory_mb":2,"timestamp":"2026-04-10 06:35:04"}
[2026-04-10 06:35:04] [info] [RID:db43c9e34b58d965] RedisHelper loaded | {"request_id":"db43c9e34b58d965","memory_mb":2,"timestamp":"2026-04-10 06:35:04"}
[2026-04-10 06:35:04] [info] [RID:db43c9e34b58d965] RequestContext class loaded | {"request_id":"db43c9e34b58d965","memory_mb":2,"timestamp":"2026-04-10 06:35:04"}
[2026-04-10 06:35:04] [info] [RID:db43c9e34b58d965] Database connection established | {"request_id":"db43c9e34b58d965","memory_mb":2,"timestamp":"2026-04-10 06:35:04"}
[2026-04-10 06:35:04] [info] [RID:db43c9e34b58d965] CacheManager initialized | {"request_id":"db43c9e34b58d965","memory_mb":2,"timestamp":"2026-04-10 06:35:04"}
[2026-04-10 06:35:04] [info] [RID:db43c9e34b58d965] RequestContext created | {"request_id":"db43c9e34b58d965","user_id":null,"tenant_id":1,"roles_count":0,"permissions_count":0,"memory_mb":2,"timestamp":"2026-04-10 06:35:04"}
[2026-04-10 06:35:04] [info] [RID:db43c9e34b58d965] Redis extension not loaded - Redis disabled | {"request_id":"db43c9e34b58d965","memory_mb":2,"timestamp":"2026-04-10 06:35:04"}
[2026-04-10 06:35:04] [warning] [RID:db43c9e34b58d965] Rate limiting failed | {"error":"Redis unavailable","request_id":"db43c9e34b58d965","memory_mb":2,"timestamp":"2026-04-10 06:35:04"}
[2026-04-10 06:35:04] [info] [RID:db43c9e34b58d965] Bootstrap completed successfully | {"memory_usage_mb":2,"peak_memory_mb":2,"auth_method":"none","user_id":null,"tenant_id":1,"api_version":"v1","api_route":"/public/homepage_sections","request_context":"loaded","cache_enabled":true,"redis_enabled":false,"database_connected":true,"execution_time_ms":25.5,"request_id":"db43c9e34b58d965","memory_mb":2,"timestamp":"2026-04-10 06:35:04"}
[2026-04-10 06:35:04] [info] [RID:523d4ee339d19761] Advanced Logger initialized successfully | {"request_id":"523d4ee339d19761","memory_mb":2,"timestamp":"2026-04-10 06:35:04"}
[2026-04-10 06:35:04] [info] [RID:523d4ee339d19761] Bootstrap initializing | {"env":"production","request_id":"523d4ee339d19761","memory_mb":2,"timestamp":"2026-04-10 06:35:04"}
[2026-04-10 06:35:04] [info] [RID:523d4ee339d19761] API routing detected | {"version":"v1","route":"/public/ads","is_versioned":true,"request_id":"523d4ee339d19761","memory_mb":2,"timestamp":"2026-04-10 06:35:04"}
[2026-04-10 06:35:04] [info] [RID:523d4ee339d19761] Session config loaded | {"request_id":"523d4ee339d19761","memory_mb":2,"timestamp":"2026-04-10 06:35:04"}
[2026-04-10 06:35:04] [info] [RID:523d4ee339d19761] RedisHelper loaded | {"request_id":"523d4ee339d19761","memory_mb":2,"timestamp":"2026-04-10 06:35:04"}
[2026-04-10 06:35:04] [info] [RID:523d4ee339d19761] RequestContext class loaded | {"request_id":"523d4ee339d19761","memory_mb":2,"timestamp":"2026-04-10 06:35:04"}
[2026-04-10 06:35:04] [info] [RID:523d4ee339d19761] Database connection established | {"request_id":"523d4ee339d19761","memory_mb":2,"timestamp":"2026-04-10 06:35:04"}
[2026-04-10 06:35:04] [info] [RID:523d4ee339d19761] CacheManager initialized | {"request_id":"523d4ee339d19761","memory_mb":2,"timestamp":"2026-04-10 06:35:04"}
[2026-04-10 06:35:04] [info] [RID:523d4ee339d19761] RequestContext created | {"request_id":"523d4ee339d19761","user_id":null,"tenant_id":1,"roles_count":0,"permissions_count":0,"memory_mb":2,"timestamp":"2026-04-10 06:35:04"}
[2026-04-10 06:35:04] [info] [RID:523d4ee339d19761] Redis extension not loaded - Redis disabled | {"request_id":"523d4ee339d19761","memory_mb":2,"timestamp":"2026-04-10 06:35:04"}
[2026-04-10 06:35:04] [warning] [RID:523d4ee339d19761] Rate limiting failed | {"error":"Redis unavailable","request_id":"523d4ee339d19761","memory_mb":2,"timestamp":"2026-04-10 06:35:04"}
[2026-04-10 06:35:04] [info] [RID:523d4ee339d19761] Bootstrap completed successfully | {"memory_usage_mb":2,"peak_memory_mb":2,"auth_method":"none","user_id":null,"tenant_id":1,"api_version":"v1","api_route":"/public/ads","request_context":"loaded","cache_enabled":true,"redis_enabled":false,"database_connected":true,"execution_time_ms":10.3,"request_id":"523d4ee339d19761","memory_mb":2,"timestamp":"2026-04-10 06:35:04"}
[2026-04-10 06:35:04] [info] [RID:362b5aa0a6046b54] Advanced Logger initialized successfully | {"request_id":"362b5aa0a6046b54","memory_mb":2,"timestamp":"2026-04-10 06:35:04"}
[2026-04-10 06:35:04] [info] [RID:362b5aa0a6046b54] Bootstrap initializing | {"env":"production","request_id":"362b5aa0a6046b54","memory_mb":2,"timestamp":"2026-04-10 06:35:04"}
[2026-04-10 06:35:04] [info] [RID:362b5aa0a6046b54] API routing detected | {"version":"v1","route":"/public/categories","is_versioned":true,"request_id":"362b5aa0a6046b54","memory_mb":2,"timestamp":"2026-04-10 06:35:04"}
[2026-04-10 06:35:04] [info] [RID:362b5aa0a6046b54] Session config loaded | {"request_id":"362b5aa0a6046b54","memory_mb":2,"timestamp":"2026-04-10 06:35:04"}
[2026-04-10 06:35:04] [info] [RID:362b5aa0a6046b54] RedisHelper loaded | {"request_id":"362b5aa0a6046b54","memory_mb":2,"timestamp":"2026-04-10 06:35:04"}
[2026-04-10 06:35:04] [info] [RID:362b5aa0a6046b54] RequestContext class loaded | {"request_id":"362b5aa0a6046b54","memory_mb":2,"timestamp":"2026-04-10 06:35:04"}
[2026-04-10 06:35:04] [info] [RID:362b5aa0a6046b54] Database connection established | {"request_id":"362b5aa0a6046b54","memory_mb":2,"timestamp":"2026-04-10 06:35:04"}
[2026-04-10 06:35:04] [info] [RID:362b5aa0a6046b54] CacheManager initialized | {"request_id":"362b5aa0a6046b54","memory_mb":2,"timestamp":"2026-04-10 06:35:04"}
[2026-04-10 06:35:04] [info] [RID:362b5aa0a6046b54] RequestContext created | {"request_id":"362b5aa0a6046b54","user_id":null,"tenant_id":1,"roles_count":0,"permissions_count":0,"memory_mb":2,"timestamp":"2026-04-10 06:35:04"}
[2026-04-10 06:35:04] [info] [RID:362b5aa0a6046b54] Redis extension not loaded - Redis disabled | {"request_id":"362b5aa0a6046b54","memory_mb":2,"timestamp":"2026-04-10 06:35:04"}
[2026-04-10 06:35:04] [warning] [RID:362b5aa0a6046b54] Rate limiting failed | {"error":"Redis unavailable","request_id":"362b5aa0a6046b54","memory_mb":2,"timestamp":"2026-04-10 06:35:04"}
[2026-04-10 06:35:04] [info] [RID:362b5aa0a6046b54] Bootstrap completed successfully | {"memory_usage_mb":2,"peak_memory_mb":2,"auth_method":"none","user_id":null,"tenant_id":1,"api_version":"v1","api_route":"/public/categories","request_context":"loaded","cache_enabled":true,"redis_enabled":false,"database_connected":true,"execution_time_ms":20.1,"request_id":"362b5aa0a6046b54","memory_mb":2,"timestamp":"2026-04-10 06:35:04"}
[2026-04-10 06:35:04] [info] [RID:06281c4d3a1e3e0e] Advanced Logger initialized successfully | {"request_id":"06281c4d3a1e3e0e","memory_mb":2,"timestamp":"2026-04-10 06:35:04"}
[2026-04-10 06:35:04] [info] [RID:06281c4d3a1e3e0e] Bootstrap initializing | {"env":"production","request_id":"06281c4d3a1e3e0e","memory_mb":2,"timestamp":"2026-04-10 06:35:04"}
[2026-04-10 06:35:04] [info] [RID:06281c4d3a1e3e0e] API routing detected | {"version":"v1","route":"/public/discounts","is_versioned":true,"request_id":"06281c4d3a1e3e0e","memory_mb":2,"timestamp":"2026-04-10 06:35:04"}
[2026-04-10 06:35:04] [info] [RID:06281c4d3a1e3e0e] Session config loaded | {"request_id":"06281c4d3a1e3e0e","memory_mb":2,"timestamp":"2026-04-10 06:35:04"}
[2026-04-10 06:35:04] [info] [RID:06281c4d3a1e3e0e] RedisHelper loaded | {"request_id":"06281c4d3a1e3e0e","memory_mb":2,"timestamp":"2026-04-10 06:35:04"}
[2026-04-10 06:35:04] [info] [RID:06281c4d3a1e3e0e] RequestContext class loaded | {"request_id":"06281c4d3a1e3e0e","memory_mb":2,"timestamp":"2026-04-10 06:35:04"}
[2026-04-10 06:35:04] [info] [RID:06281c4d3a1e3e0e] Database connection established | {"request_id":"06281c4d3a1e3e0e","memory_mb":2,"timestamp":"2026-04-10 06:35:04"}
[2026-04-10 06:35:04] [info] [RID:06281c4d3a1e3e0e] CacheManager initialized | {"request_id":"06281c4d3a1e3e0e","memory_mb":2,"timestamp":"2026-04-10 06:35:04"}
[2026-04-10 06:35:04] [info] [RID:06281c4d3a1e3e0e] RequestContext created | {"request_id":"06281c4d3a1e3e0e","user_id":null,"tenant_id":1,"roles_count":0,"permissions_count":0,"memory_mb":2,"timestamp":"2026-04-10 06:35:04"}
[2026-04-10 06:35:04] [info] [RID:06281c4d3a1e3e0e] Redis extension not loaded - Redis disabled | {"request_id":"06281c4d3a1e3e0e","memory_mb":2,"timestamp":"2026-04-10 06:35:04"}
[2026-04-10 06:35:04] [warning] [RID:06281c4d3a1e3e0e] Rate limiting failed | {"error":"Redis unavailable","request_id":"06281c4d3a1e3e0e","memory_mb":2,"timestamp":"2026-04-10 06:35:04"}
[2026-04-10 06:35:04] [info] [RID:06281c4d3a1e3e0e] Bootstrap completed successfully | {"memory_usage_mb":2,"peak_memory_mb":2,"auth_method":"none","user_id":null,"tenant_id":1,"api_version":"v1","api_route":"/public/discounts","request_context":"loaded","cache_enabled":true,"redis_enabled":false,"database_connected":true,"execution_time_ms":19.3,"request_id":"06281c4d3a1e3e0e","memory_mb":2,"timestamp":"2026-04-10 06:35:04"}
[2026-04-10 06:35:04] [info] [RID:282d7e89eca7f852] Advanced Logger initialized successfully | {"request_id":"282d7e89eca7f852","memory_mb":2,"timestamp":"2026-04-10 06:35:04"}
[2026-04-10 06:35:04] [info] [RID:282d7e89eca7f852] Bootstrap initializing | {"env":"production","request_id":"282d7e89eca7f852","memory_mb":2,"timestamp":"2026-04-10 06:35:04"}
[2026-04-10 06:35:04] [info] [RID:282d7e89eca7f852] API routing detected | {"version":"v1","route":"/public/products","is_versioned":true,"request_id":"282d7e89eca7f852","memory_mb":2,"timestamp":"2026-04-10 06:35:04"}
[2026-04-10 06:35:04] [info] [RID:282d7e89eca7f852] Session config loaded | {"request_id":"282d7e89eca7f852","memory_mb":2,"timestamp":"2026-04-10 06:35:04"}
[2026-04-10 06:35:04] [info] [RID:282d7e89eca7f852] RedisHelper loaded | {"request_id":"282d7e89eca7f852","memory_mb":2,"timestamp":"2026-04-10 06:35:04"}
[2026-04-10 06:35:04] [info] [RID:282d7e89eca7f852] RequestContext class loaded | {"request_id":"282d7e89eca7f852","memory_mb":2,"timestamp":"2026-04-10 06:35:04"}
[2026-04-10 06:35:04] [info] [RID:282d7e89eca7f852] Database connection established | {"request_id":"282d7e89eca7f852","memory_mb":2,"timestamp":"2026-04-10 06:35:04"}
[2026-04-10 06:35:04] [info] [RID:282d7e89eca7f852] CacheManager initialized | {"request_id":"282d7e89eca7f852","memory_mb":2,"timestamp":"2026-04-10 06:35:04"}
[2026-04-10 06:35:04] [info] [RID:282d7e89eca7f852] RequestContext created | {"request_id":"282d7e89eca7f852","user_id":null,"tenant_id":1,"roles_count":0,"permissions_count":0,"memory_mb":2,"timestamp":"2026-04-10 06:35:04"}
[2026-04-10 06:35:04] [info] [RID:282d7e89eca7f852] Redis extension not loaded - Redis disabled | {"request_id":"282d7e89eca7f852","memory_mb":2,"timestamp":"2026-04-10 06:35:04"}
[2026-04-10 06:35:04] [warning] [RID:282d7e89eca7f852] Rate limiting failed | {"error":"Redis unavailable","request_id":"282d7e89eca7f852","memory_mb":2,"timestamp":"2026-04-10 06:35:04"}
[2026-04-10 06:35:04] [info] [RID:282d7e89eca7f852] Bootstrap completed successfully | {"memory_usage_mb":2,"peak_memory_mb":2,"auth_method":"none","user_id":null,"tenant_id":1,"api_version":"v1","api_route":"/public/products","request_context":"loaded","cache_enabled":true,"redis_enabled":false,"database_connected":true,"execution_time_ms":10.2,"request_id":"282d7e89eca7f852","memory_mb":2,"timestamp":"2026-04-10 06:35:04"}
[2026-04-10 06:35:04] [info] [RID:b676092f76e36e47] Advanced Logger initialized successfully | {"request_id":"b676092f76e36e47","memory_mb":2,"timestamp":"2026-04-10 06:35:04"}
[2026-04-10 06:35:04] [info] [RID:b676092f76e36e47] Bootstrap initializing | {"env":"production","request_id":"b676092f76e36e47","memory_mb":2,"timestamp":"2026-04-10 06:35:04"}
[2026-04-10 06:35:04] [info] [RID:b676092f76e36e47] API routing detected | {"version":"v1","route":"/public/products","is_versioned":true,"request_id":"b676092f76e36e47","memory_mb":2,"timestamp":"2026-04-10 06:35:04"}
[2026-04-10 06:35:04] [info] [RID:b676092f76e36e47] Session config loaded | {"request_id":"b676092f76e36e47","memory_mb":2,"timestamp":"2026-04-10 06:35:04"}
[2026-04-10 06:35:04] [info] [RID:b676092f76e36e47] RedisHelper loaded | {"request_id":"b676092f76e36e47","memory_mb":2,"timestamp":"2026-04-10 06:35:04"}
[2026-04-10 06:35:04] [info] [RID:b676092f76e36e47] RequestContext class loaded | {"request_id":"b676092f76e36e47","memory_mb":2,"timestamp":"2026-04-10 06:35:04"}
[2026-04-10 06:35:04] [info] [RID:b676092f76e36e47] Database connection established | {"request_id":"b676092f76e36e47","memory_mb":2,"timestamp":"2026-04-10 06:35:04"}
[2026-04-10 06:35:04] [info] [RID:b676092f76e36e47] CacheManager initialized | {"request_id":"b676092f76e36e47","memory_mb":2,"timestamp":"2026-04-10 06:35:04"}
[2026-04-10 06:35:04] [info] [RID:b676092f76e36e47] RequestContext created | {"request_id":"b676092f76e36e47","user_id":null,"tenant_id":1,"roles_count":0,"permissions_count":0,"memory_mb":2,"timestamp":"2026-04-10 06:35:04"}
[2026-04-10 06:35:04] [info] [RID:b676092f76e36e47] Redis extension not loaded - Redis disabled | {"request_id":"b676092f76e36e47","memory_mb":2,"timestamp":"2026-04-10 06:35:04"}
[2026-04-10 06:35:04] [warning] [RID:b676092f76e36e47] Rate limiting failed | {"error":"Redis unavailable","request_id":"b676092f76e36e47","memory_mb":2,"timestamp":"2026-04-10 06:35:04"}
[2026-04-10 06:35:04] [info] [RID:b676092f76e36e47] Bootstrap completed successfully | {"memory_usage_mb":2,"peak_memory_mb":2,"auth_method":"none","user_id":null,"tenant_id":1,"api_version":"v1","api_route":"/public/products","request_context":"loaded","cache_enabled":true,"redis_enabled":false,"database_connected":true,"execution_time_ms":22.3,"request_id":"b676092f76e36e47","memory_mb":2,"timestamp":"2026-04-10 06:35:04"}
[2026-04-10 06:35:04] [info] [RID:42c1b24f62de4ec5] Advanced Logger initialized successfully | {"request_id":"42c1b24f62de4ec5","memory_mb":2,"timestamp":"2026-04-10 06:35:04"}
[2026-04-10 06:35:04] [info] [RID:42c1b24f62de4ec5] Bootstrap initializing | {"env":"production","request_id":"42c1b24f62de4ec5","memory_mb":2,"timestamp":"2026-04-10 06:35:04"}
[2026-04-10 06:35:04] [info] [RID:42c1b24f62de4ec5] API routing detected | {"version":"v1","route":"/public/entities","is_versioned":true,"request_id":"42c1b24f62de4ec5","memory_mb":2,"timestamp":"2026-04-10 06:35:04"}
[2026-04-10 06:35:04] [info] [RID:42c1b24f62de4ec5] Session config loaded | {"request_id":"42c1b24f62de4ec5","memory_mb":2,"timestamp":"2026-04-10 06:35:04"}
[2026-04-10 06:35:04] [info] [RID:42c1b24f62de4ec5] RedisHelper loaded | {"request_id":"42c1b24f62de4ec5","memory_mb":2,"timestamp":"2026-04-10 06:35:04"}
[2026-04-10 06:35:04] [info] [RID:42c1b24f62de4ec5] RequestContext class loaded | {"request_id":"42c1b24f62de4ec5","memory_mb":2,"timestamp":"2026-04-10 06:35:04"}
[2026-04-10 06:35:04] [info] [RID:42c1b24f62de4ec5] Database connection established | {"request_id":"42c1b24f62de4ec5","memory_mb":2,"timestamp":"2026-04-10 06:35:04"}
[2026-04-10 06:35:04] [info] [RID:42c1b24f62de4ec5] CacheManager initialized | {"request_id":"42c1b24f62de4ec5","memory_mb":2,"timestamp":"2026-04-10 06:35:04"}
[2026-04-10 06:35:04] [info] [RID:42c1b24f62de4ec5] RequestContext created | {"request_id":"42c1b24f62de4ec5","user_id":null,"tenant_id":1,"roles_count":0,"permissions_count":0,"memory_mb":2,"timestamp":"2026-04-10 06:35:04"}
[2026-04-10 06:35:04] [info] [RID:42c1b24f62de4ec5] Redis extension not loaded - Redis disabled | {"request_id":"42c1b24f62de4ec5","memory_mb":2,"timestamp":"2026-04-10 06:35:04"}
[2026-04-10 06:35:04] [warning] [RID:42c1b24f62de4ec5] Rate limiting failed | {"error":"Redis unavailable","request_id":"42c1b24f62de4ec5","memory_mb":2,"timestamp":"2026-04-10 06:35:04"}
[2026-04-10 06:35:04] [info] [RID:42c1b24f62de4ec5] Bootstrap completed successfully | {"memory_usage_mb":2,"peak_memory_mb":2,"auth_method":"none","user_id":null,"tenant_id":1,"api_version":"v1","api_route":"/public/entities","request_context":"loaded","cache_enabled":true,"redis_enabled":false,"database_connected":true,"execution_time_ms":10.7,"request_id":"42c1b24f62de4ec5","memory_mb":2,"timestamp":"2026-04-10 06:35:04"}
[2026-04-10 06:35:04] [info] [RID:7bd59c98588da1fe] Advanced Logger initialized successfully | {"request_id":"7bd59c98588da1fe","memory_mb":2,"timestamp":"2026-04-10 06:35:04"}
[2026-04-10 06:35:04] [info] [RID:7bd59c98588da1fe] Bootstrap initializing | {"env":"production","request_id":"7bd59c98588da1fe","memory_mb":2,"timestamp":"2026-04-10 06:35:04"}
[2026-04-10 06:35:04] [info] [RID:7bd59c98588da1fe] API routing detected | {"version":"v1","route":"/public/brands","is_versioned":true,"request_id":"7bd59c98588da1fe","memory_mb":2,"timestamp":"2026-04-10 06:35:04"}
[2026-04-10 06:35:04] [info] [RID:7bd59c98588da1fe] Session config loaded | {"request_id":"7bd59c98588da1fe","memory_mb":2,"timestamp":"2026-04-10 06:35:04"}
[2026-04-10 06:35:04] [info] [RID:7bd59c98588da1fe] RedisHelper loaded | {"request_id":"7bd59c98588da1fe","memory_mb":2,"timestamp":"2026-04-10 06:35:04"}
[2026-04-10 06:35:04] [info] [RID:7bd59c98588da1fe] RequestContext class loaded | {"request_id":"7bd59c98588da1fe","memory_mb":2,"timestamp":"2026-04-10 06:35:04"}
[2026-04-10 06:35:04] [info] [RID:7bd59c98588da1fe] Database connection established | {"request_id":"7bd59c98588da1fe","memory_mb":2,"timestamp":"2026-04-10 06:35:04"}
[2026-04-10 06:35:04] [info] [RID:7bd59c98588da1fe] CacheManager initialized | {"request_id":"7bd59c98588da1fe","memory_mb":2,"timestamp":"2026-04-10 06:35:04"}
[2026-04-10 06:35:04] [info] [RID:7bd59c98588da1fe] RequestContext created | {"request_id":"7bd59c98588da1fe","user_id":null,"tenant_id":1,"roles_count":0,"permissions_count":0,"memory_mb":2,"timestamp":"2026-04-10 06:35:04"}
[2026-04-10 06:35:04] [info] [RID:7bd59c98588da1fe] Redis extension not loaded - Redis disabled | {"request_id":"7bd59c98588da1fe","memory_mb":2,"timestamp":"2026-04-10 06:35:04"}
[2026-04-10 06:35:04] [warning] [RID:7bd59c98588da1fe] Rate limiting failed | {"error":"Redis unavailable","request_id":"7bd59c98588da1fe","memory_mb":2,"timestamp":"2026-04-10 06:35:04"}
[2026-04-10 06:35:04] [info] [RID:7bd59c98588da1fe] Bootstrap completed successfully | {"memory_usage_mb":2,"peak_memory_mb":2,"auth_method":"none","user_id":null,"tenant_id":1,"api_version":"v1","api_route":"/public/brands","request_context":"loaded","cache_enabled":true,"redis_enabled":false,"database_connected":true,"execution_time_ms":13.1,"request_id":"7bd59c98588da1fe","memory_mb":2,"timestamp":"2026-04-10 06:35:04"}
[2026-04-10 06:35:04] [info] [RID:b78a1be7ef34a8bd] Advanced Logger initialized successfully | {"request_id":"b78a1be7ef34a8bd","memory_mb":2,"timestamp":"2026-04-10 06:35:04"}
[2026-04-10 06:35:04] [info] [RID:b78a1be7ef34a8bd] Bootstrap initializing | {"env":"production","request_id":"b78a1be7ef34a8bd","memory_mb":2,"timestamp":"2026-04-10 06:35:04"}
[2026-04-10 06:35:04] [info] [RID:b78a1be7ef34a8bd] API routing detected | {"version":"v1","route":"/public/auctions","is_versioned":true,"request_id":"b78a1be7ef34a8bd","memory_mb":2,"timestamp":"2026-04-10 06:35:04"}
[2026-04-10 06:35:04] [info] [RID:b78a1be7ef34a8bd] Session config loaded | {"request_id":"b78a1be7ef34a8bd","memory_mb":2,"timestamp":"2026-04-10 06:35:04"}
[2026-04-10 06:35:04] [info] [RID:b78a1be7ef34a8bd] RedisHelper loaded | {"request_id":"b78a1be7ef34a8bd","memory_mb":2,"timestamp":"2026-04-10 06:35:04"}
[2026-04-10 06:35:04] [info] [RID:b78a1be7ef34a8bd] RequestContext class loaded | {"request_id":"b78a1be7ef34a8bd","memory_mb":2,"timestamp":"2026-04-10 06:35:04"}
[2026-04-10 06:35:04] [info] [RID:b78a1be7ef34a8bd] Database connection established | {"request_id":"b78a1be7ef34a8bd","memory_mb":2,"timestamp":"2026-04-10 06:35:04"}
[2026-04-10 06:35:04] [info] [RID:b78a1be7ef34a8bd] CacheManager initialized | {"request_id":"b78a1be7ef34a8bd","memory_mb":2,"timestamp":"2026-04-10 06:35:04"}
[2026-04-10 06:35:04] [info] [RID:b78a1be7ef34a8bd] RequestContext created | {"request_id":"b78a1be7ef34a8bd","user_id":null,"tenant_id":1,"roles_count":0,"permissions_count":0,"memory_mb":2,"timestamp":"2026-04-10 06:35:04"}
[2026-04-10 06:35:04] [info] [RID:b78a1be7ef34a8bd] Redis extension not loaded - Redis disabled | {"request_id":"b78a1be7ef34a8bd","memory_mb":2,"timestamp":"2026-04-10 06:35:04"}
[2026-04-10 06:35:04] [warning] [RID:b78a1be7ef34a8bd] Rate limiting failed | {"error":"Redis unavailable","request_id":"b78a1be7ef34a8bd","memory_mb":2,"timestamp":"2026-04-10 06:35:04"}
[2026-04-10 06:35:04] [info] [RID:b78a1be7ef34a8bd] Bootstrap completed successfully | {"memory_usage_mb":2,"peak_memory_mb":2,"auth_method":"none","user_id":null,"tenant_id":1,"api_version":"v1","api_route":"/public/auctions","request_context":"loaded","cache_enabled":true,"redis_enabled":false,"database_connected":true,"execution_time_ms":6.4,"request_id":"b78a1be7ef34a8bd","memory_mb":2,"timestamp":"2026-04-10 06:35:04"}
[2026-04-10 06:35:05] [info] [RID:463520b1933a548c] Advanced Logger initialized successfully | {"request_id":"463520b1933a548c","memory_mb":2,"timestamp":"2026-04-10 06:35:05"}
[2026-04-10 06:35:05] [info] [RID:463520b1933a548c] Bootstrap initializing | {"env":"production","request_id":"463520b1933a548c","memory_mb":2,"timestamp":"2026-04-10 06:35:05"}
[2026-04-10 06:35:05] [info] [RID:463520b1933a548c] API routing detected | {"version":"v1","route":"/public/jobs","is_versioned":true,"request_id":"463520b1933a548c","memory_mb":2,"timestamp":"2026-04-10 06:35:05"}
[2026-04-10 06:35:05] [info] [RID:463520b1933a548c] Session config loaded | {"request_id":"463520b1933a548c","memory_mb":2,"timestamp":"2026-04-10 06:35:05"}
[2026-04-10 06:35:05] [info] [RID:463520b1933a548c] RedisHelper loaded | {"request_id":"463520b1933a548c","memory_mb":2,"timestamp":"2026-04-10 06:35:05"}
[2026-04-10 06:35:05] [info] [RID:463520b1933a548c] RequestContext class loaded | {"request_id":"463520b1933a548c","memory_mb":2,"timestamp":"2026-04-10 06:35:05"}
[2026-04-10 06:35:05] [info] [RID:463520b1933a548c] Database connection established | {"request_id":"463520b1933a548c","memory_mb":2,"timestamp":"2026-04-10 06:35:05"}
[2026-04-10 06:35:05] [info] [RID:463520b1933a548c] CacheManager initialized | {"request_id":"463520b1933a548c","memory_mb":2,"timestamp":"2026-04-10 06:35:05"}
[2026-04-10 06:35:05] [info] [RID:463520b1933a548c] RequestContext created | {"request_id":"463520b1933a548c","user_id":null,"tenant_id":1,"roles_count":0,"permissions_count":0,"memory_mb":2,"timestamp":"2026-04-10 06:35:05"}
[2026-04-10 06:35:05] [info] [RID:463520b1933a548c] Redis extension not loaded - Redis disabled | {"request_id":"463520b1933a548c","memory_mb":2,"timestamp":"2026-04-10 06:35:05"}
[2026-04-10 06:35:05] [warning] [RID:463520b1933a548c] Rate limiting failed | {"error":"Redis unavailable","request_id":"463520b1933a548c","memory_mb":2,"timestamp":"2026-04-10 06:35:05"}
[2026-04-10 06:35:05] [info] [RID:463520b1933a548c] Bootstrap completed successfully | {"memory_usage_mb":2,"peak_memory_mb":2,"auth_method":"none","user_id":null,"tenant_id":1,"api_version":"v1","api_route":"/public/jobs","request_context":"loaded","cache_enabled":true,"redis_enabled":false,"database_connected":true,"execution_time_ms":6.1,"request_id":"463520b1933a548c","memory_mb":2,"timestamp":"2026-04-10 06:35:05"}
[2026-04-10 06:35:05] [info] [RID:2bab7b473f4bce0d] Advanced Logger initialized successfully | {"request_id":"2bab7b473f4bce0d","memory_mb":2,"timestamp":"2026-04-10 06:35:05"}
[2026-04-10 06:35:05] [info] [RID:2bab7b473f4bce0d] Bootstrap initializing | {"env":"production","request_id":"2bab7b473f4bce0d","memory_mb":2,"timestamp":"2026-04-10 06:35:05"}
[2026-04-10 06:35:05] [info] [RID:2bab7b473f4bce0d] API routing detected | {"version":"v1","route":"/public/user_devices","is_versioned":true,"request_id":"2bab7b473f4bce0d","memory_mb":2,"timestamp":"2026-04-10 06:35:05"}
[2026-04-10 06:35:05] [info] [RID:2bab7b473f4bce0d] Session config loaded | {"request_id":"2bab7b473f4bce0d","memory_mb":2,"timestamp":"2026-04-10 06:35:05"}
[2026-04-10 06:35:05] [info] [RID:2bab7b473f4bce0d] RedisHelper loaded | {"request_id":"2bab7b473f4bce0d","memory_mb":2,"timestamp":"2026-04-10 06:35:05"}
[2026-04-10 06:35:05] [info] [RID:2bab7b473f4bce0d] RequestContext class loaded | {"request_id":"2bab7b473f4bce0d","memory_mb":2,"timestamp":"2026-04-10 06:35:05"}
[2026-04-10 06:35:05] [info] [RID:2bab7b473f4bce0d] Database connection established | {"request_id":"2bab7b473f4bce0d","memory_mb":2,"timestamp":"2026-04-10 06:35:05"}
[2026-04-10 06:35:05] [info] [RID:2bab7b473f4bce0d] CacheManager initialized | {"request_id":"2bab7b473f4bce0d","memory_mb":2,"timestamp":"2026-04-10 06:35:05"}
[2026-04-10 06:35:05] [info] [RID:2bab7b473f4bce0d] User authenticated via session | {"request_id":"2bab7b473f4bce0d","memory_mb":2,"timestamp":"2026-04-10 06:35:05"}
[2026-04-10 06:35:05] [info] [RID:2bab7b473f4bce0d] RequestContext created | {"request_id":"2bab7b473f4bce0d","user_id":7,"tenant_id":1,"roles_count":1,"permissions_count":28,"memory_mb":2,"timestamp":"2026-04-10 06:35:05"}
[2026-04-10 06:35:05] [info] [RID:2bab7b473f4bce0d] Redis extension not loaded - Redis disabled | {"request_id":"2bab7b473f4bce0d","memory_mb":2,"timestamp":"2026-04-10 06:35:05"}
[2026-04-10 06:35:05] [warning] [RID:2bab7b473f4bce0d] Rate limiting failed | {"error":"Redis unavailable","request_id":"2bab7b473f4bce0d","memory_mb":2,"timestamp":"2026-04-10 06:35:05"}
[2026-04-10 06:35:05] [info] [RID:2bab7b473f4bce0d] Bootstrap completed successfully | {"memory_usage_mb":2,"peak_memory_mb":2,"auth_method":"session","user_id":7,"tenant_id":1,"api_version":"v1","api_route":"/public/user_devices","request_context":"loaded","cache_enabled":true,"redis_enabled":false,"database_connected":true,"execution_time_ms":17.8,"request_id":"2bab7b473f4bce0d","memory_mb":2,"timestamp":"2026-04-10 06:35:05"}
[2026-04-10 06:36:35] [info] [RID:f90506c39fdce440] Advanced Logger initialized successfully | {"request_id":"f90506c39fdce440","memory_mb":2,"timestamp":"2026-04-10 06:36:35"}
[2026-04-10 06:36:35] [info] [RID:f90506c39fdce440] Bootstrap initializing | {"env":"production","request_id":"f90506c39fdce440","memory_mb":2,"timestamp":"2026-04-10 06:36:35"}
[2026-04-10 06:36:35] [info] [RID:f90506c39fdce440] API routing detected | {"version":"v1","route":"/auth","is_versioned":true,"request_id":"f90506c39fdce440","memory_mb":2,"timestamp":"2026-04-10 06:36:35"}
[2026-04-10 06:36:35] [info] [RID:f90506c39fdce440] Session config loaded | {"request_id":"f90506c39fdce440","memory_mb":2,"timestamp":"2026-04-10 06:36:35"}
[2026-04-10 06:36:35] [info] [RID:f90506c39fdce440] RedisHelper loaded | {"request_id":"f90506c39fdce440","memory_mb":2,"timestamp":"2026-04-10 06:36:35"}
[2026-04-10 06:36:35] [info] [RID:f90506c39fdce440] RequestContext class loaded | {"request_id":"f90506c39fdce440","memory_mb":2,"timestamp":"2026-04-10 06:36:35"}
[2026-04-10 06:36:35] [info] [RID:f90506c39fdce440] Database connection established | {"request_id":"f90506c39fdce440","memory_mb":2,"timestamp":"2026-04-10 06:36:35"}
[2026-04-10 06:36:35] [info] [RID:f90506c39fdce440] CacheManager initialized | {"request_id":"f90506c39fdce440","memory_mb":2,"timestamp":"2026-04-10 06:36:35"}
[2026-04-10 06:36:35] [info] [RID:f90506c39fdce440] RequestContext created | {"request_id":"f90506c39fdce440","user_id":null,"tenant_id":1,"roles_count":0,"permissions_count":0,"memory_mb":2,"timestamp":"2026-04-10 06:36:35"}
[2026-04-10 06:36:35] [info] [RID:f90506c39fdce440] Redis extension not loaded - Redis disabled | {"request_id":"f90506c39fdce440","memory_mb":2,"timestamp":"2026-04-10 06:36:35"}
[2026-04-10 06:36:35] [warning] [RID:f90506c39fdce440] Rate limiting failed | {"error":"Redis unavailable","request_id":"f90506c39fdce440","memory_mb":2,"timestamp":"2026-04-10 06:36:35"}
[2026-04-10 06:36:35] [info] [RID:f90506c39fdce440] Bootstrap completed successfully | {"memory_usage_mb":2,"peak_memory_mb":2,"auth_method":"none","user_id":null,"tenant_id":1,"api_version":"v1","api_route":"/auth","request_context":"loaded","cache_enabled":true,"redis_enabled":false,"database_connected":true,"execution_time_ms":22,"request_id":"f90506c39fdce440","memory_mb":2,"timestamp":"2026-04-10 06:36:35"}
[2026-04-10 06:36:36] [info] [RID:d91fc883bf73b89b] Advanced Logger initialized successfully | {"request_id":"d91fc883bf73b89b","memory_mb":2,"timestamp":"2026-04-10 06:36:36"}
[2026-04-10 06:36:36] [info] [RID:d91fc883bf73b89b] Bootstrap initializing | {"env":"production","request_id":"d91fc883bf73b89b","memory_mb":2,"timestamp":"2026-04-10 06:36:36"}
[2026-04-10 06:36:36] [info] [RID:d91fc883bf73b89b] API routing detected | {"version":"v1","route":"/public/homepage_sections","is_versioned":true,"request_id":"d91fc883bf73b89b","memory_mb":2,"timestamp":"2026-04-10 06:36:36"}
[2026-04-10 06:36:36] [info] [RID:d91fc883bf73b89b] Session config loaded | {"request_id":"d91fc883bf73b89b","memory_mb":2,"timestamp":"2026-04-10 06:36:36"}
[2026-04-10 06:36:36] [info] [RID:d91fc883bf73b89b] RedisHelper loaded | {"request_id":"d91fc883bf73b89b","memory_mb":2,"timestamp":"2026-04-10 06:36:36"}
[2026-04-10 06:36:36] [info] [RID:d91fc883bf73b89b] RequestContext class loaded | {"request_id":"d91fc883bf73b89b","memory_mb":2,"timestamp":"2026-04-10 06:36:36"}
[2026-04-10 06:36:36] [info] [RID:d91fc883bf73b89b] Database connection established | {"request_id":"d91fc883bf73b89b","memory_mb":2,"timestamp":"2026-04-10 06:36:36"}
[2026-04-10 06:36:36] [info] [RID:d91fc883bf73b89b] CacheManager initialized | {"request_id":"d91fc883bf73b89b","memory_mb":2,"timestamp":"2026-04-10 06:36:36"}
[2026-04-10 06:36:36] [info] [RID:d91fc883bf73b89b] RequestContext created | {"request_id":"d91fc883bf73b89b","user_id":null,"tenant_id":1,"roles_count":0,"permissions_count":0,"memory_mb":2,"timestamp":"2026-04-10 06:36:36"}
[2026-04-10 06:36:36] [info] [RID:d91fc883bf73b89b] Redis extension not loaded - Redis disabled | {"request_id":"d91fc883bf73b89b","memory_mb":2,"timestamp":"2026-04-10 06:36:36"}
[2026-04-10 06:36:36] [warning] [RID:d91fc883bf73b89b] Rate limiting failed | {"error":"Redis unavailable","request_id":"d91fc883bf73b89b","memory_mb":2,"timestamp":"2026-04-10 06:36:36"}
[2026-04-10 06:36:36] [info] [RID:d91fc883bf73b89b] Bootstrap completed successfully | {"memory_usage_mb":2,"peak_memory_mb":2,"auth_method":"none","user_id":null,"tenant_id":1,"api_version":"v1","api_route":"/public/homepage_sections","request_context":"loaded","cache_enabled":true,"redis_enabled":false,"database_connected":true,"execution_time_ms":4.5,"request_id":"d91fc883bf73b89b","memory_mb":2,"timestamp":"2026-04-10 06:36:36"}
[2026-04-10 06:36:36] [info] [RID:b7089ea00a4003b7] Advanced Logger initialized successfully | {"request_id":"b7089ea00a4003b7","memory_mb":2,"timestamp":"2026-04-10 06:36:36"}
[2026-04-10 06:36:36] [info] [RID:b7089ea00a4003b7] Bootstrap initializing | {"env":"production","request_id":"b7089ea00a4003b7","memory_mb":2,"timestamp":"2026-04-10 06:36:36"}
[2026-04-10 06:36:36] [info] [RID:b7089ea00a4003b7] API routing detected | {"version":"v1","route":"/public/ads","is_versioned":true,"request_id":"b7089ea00a4003b7","memory_mb":2,"timestamp":"2026-04-10 06:36:36"}
[2026-04-10 06:36:36] [info] [RID:b7089ea00a4003b7] Session config loaded | {"request_id":"b7089ea00a4003b7","memory_mb":2,"timestamp":"2026-04-10 06:36:36"}
[2026-04-10 06:36:36] [info] [RID:b7089ea00a4003b7] RedisHelper loaded | {"request_id":"b7089ea00a4003b7","memory_mb":2,"timestamp":"2026-04-10 06:36:36"}
[2026-04-10 06:36:36] [info] [RID:b7089ea00a4003b7] RequestContext class loaded | {"request_id":"b7089ea00a4003b7","memory_mb":2,"timestamp":"2026-04-10 06:36:36"}
[2026-04-10 06:36:36] [info] [RID:b7089ea00a4003b7] Database connection established | {"request_id":"b7089ea00a4003b7","memory_mb":2,"timestamp":"2026-04-10 06:36:36"}
[2026-04-10 06:36:36] [info] [RID:b7089ea00a4003b7] CacheManager initialized | {"request_id":"b7089ea00a4003b7","memory_mb":2,"timestamp":"2026-04-10 06:36:36"}
[2026-04-10 06:36:36] [info] [RID:b7089ea00a4003b7] RequestContext created | {"request_id":"b7089ea00a4003b7","user_id":null,"tenant_id":1,"roles_count":0,"permissions_count":0,"memory_mb":2,"timestamp":"2026-04-10 06:36:36"}
[2026-04-10 06:36:36] [info] [RID:b7089ea00a4003b7] Redis extension not loaded - Redis disabled | {"request_id":"b7089ea00a4003b7","memory_mb":2,"timestamp":"2026-04-10 06:36:36"}
[2026-04-10 06:36:36] [warning] [RID:b7089ea00a4003b7] Rate limiting failed | {"error":"Redis unavailable","request_id":"b7089ea00a4003b7","memory_mb":2,"timestamp":"2026-04-10 06:36:36"}
[2026-04-10 06:36:36] [info] [RID:b7089ea00a4003b7] Bootstrap completed successfully | {"memory_usage_mb":2,"peak_memory_mb":2,"auth_method":"none","user_id":null,"tenant_id":1,"api_version":"v1","api_route":"/public/ads","request_context":"loaded","cache_enabled":true,"redis_enabled":false,"database_connected":true,"execution_time_ms":4.6,"request_id":"b7089ea00a4003b7","memory_mb":2,"timestamp":"2026-04-10 06:36:36"}
[2026-04-10 06:36:36] [info] [RID:fcbe5a2b95225fc6] Advanced Logger initialized successfully | {"request_id":"fcbe5a2b95225fc6","memory_mb":2,"timestamp":"2026-04-10 06:36:36"}
[2026-04-10 06:36:36] [info] [RID:fcbe5a2b95225fc6] Bootstrap initializing | {"env":"production","request_id":"fcbe5a2b95225fc6","memory_mb":2,"timestamp":"2026-04-10 06:36:36"}
[2026-04-10 06:36:36] [info] [RID:fcbe5a2b95225fc6] API routing detected | {"version":"v1","route":"/public/categories","is_versioned":true,"request_id":"fcbe5a2b95225fc6","memory_mb":2,"timestamp":"2026-04-10 06:36:36"}
[2026-04-10 06:36:36] [info] [RID:fcbe5a2b95225fc6] Session config loaded | {"request_id":"fcbe5a2b95225fc6","memory_mb":2,"timestamp":"2026-04-10 06:36:36"}
[2026-04-10 06:36:36] [info] [RID:fcbe5a2b95225fc6] RedisHelper loaded | {"request_id":"fcbe5a2b95225fc6","memory_mb":2,"timestamp":"2026-04-10 06:36:36"}
[2026-04-10 06:36:36] [info] [RID:fcbe5a2b95225fc6] RequestContext class loaded | {"request_id":"fcbe5a2b95225fc6","memory_mb":2,"timestamp":"2026-04-10 06:36:36"}
[2026-04-10 06:36:36] [info] [RID:fcbe5a2b95225fc6] Database connection established | {"request_id":"fcbe5a2b95225fc6","memory_mb":2,"timestamp":"2026-04-10 06:36:36"}
[2026-04-10 06:36:36] [info] [RID:fcbe5a2b95225fc6] CacheManager initialized | {"request_id":"fcbe5a2b95225fc6","memory_mb":2,"timestamp":"2026-04-10 06:36:36"}
[2026-04-10 06:36:36] [info] [RID:fcbe5a2b95225fc6] RequestContext created | {"request_id":"fcbe5a2b95225fc6","user_id":null,"tenant_id":1,"roles_count":0,"permissions_count":0,"memory_mb":2,"timestamp":"2026-04-10 06:36:36"}
[2026-04-10 06:36:36] [info] [RID:fcbe5a2b95225fc6] Redis extension not loaded - Redis disabled | {"request_id":"fcbe5a2b95225fc6","memory_mb":2,"timestamp":"2026-04-10 06:36:36"}
[2026-04-10 06:36:36] [warning] [RID:fcbe5a2b95225fc6] Rate limiting failed | {"error":"Redis unavailable","request_id":"fcbe5a2b95225fc6","memory_mb":2,"timestamp":"2026-04-10 06:36:36"}
[2026-04-10 06:36:36] [info] [RID:fcbe5a2b95225fc6] Bootstrap completed successfully | {"memory_usage_mb":2,"peak_memory_mb":2,"auth_method":"none","user_id":null,"tenant_id":1,"api_version":"v1","api_route":"/public/categories","request_context":"loaded","cache_enabled":true,"redis_enabled":false,"database_connected":true,"execution_time_ms":4.9,"request_id":"fcbe5a2b95225fc6","memory_mb":2,"timestamp":"2026-04-10 06:36:36"}
[2026-04-10 06:36:36] [info] [RID:4a7d9fa3c8b2f935] Advanced Logger initialized successfully | {"request_id":"4a7d9fa3c8b2f935","memory_mb":2,"timestamp":"2026-04-10 06:36:36"}
[2026-04-10 06:36:36] [info] [RID:4a7d9fa3c8b2f935] Bootstrap initializing | {"env":"production","request_id":"4a7d9fa3c8b2f935","memory_mb":2,"timestamp":"2026-04-10 06:36:36"}
[2026-04-10 06:36:36] [info] [RID:4a7d9fa3c8b2f935] API routing detected | {"version":"v1","route":"/public/discounts","is_versioned":true,"request_id":"4a7d9fa3c8b2f935","memory_mb":2,"timestamp":"2026-04-10 06:36:36"}
[2026-04-10 06:36:36] [info] [RID:4a7d9fa3c8b2f935] Session config loaded | {"request_id":"4a7d9fa3c8b2f935","memory_mb":2,"timestamp":"2026-04-10 06:36:36"}
[2026-04-10 06:36:36] [info] [RID:4a7d9fa3c8b2f935] RedisHelper loaded | {"request_id":"4a7d9fa3c8b2f935","memory_mb":2,"timestamp":"2026-04-10 06:36:36"}
[2026-04-10 06:36:36] [info] [RID:4a7d9fa3c8b2f935] RequestContext class loaded | {"request_id":"4a7d9fa3c8b2f935","memory_mb":2,"timestamp":"2026-04-10 06:36:36"}
[2026-04-10 06:36:36] [info] [RID:4a7d9fa3c8b2f935] Database connection established | {"request_id":"4a7d9fa3c8b2f935","memory_mb":2,"timestamp":"2026-04-10 06:36:36"}
[2026-04-10 06:36:36] [info] [RID:4a7d9fa3c8b2f935] CacheManager initialized | {"request_id":"4a7d9fa3c8b2f935","memory_mb":2,"timestamp":"2026-04-10 06:36:36"}
[2026-04-10 06:36:36] [info] [RID:4a7d9fa3c8b2f935] RequestContext created | {"request_id":"4a7d9fa3c8b2f935","user_id":null,"tenant_id":1,"roles_count":0,"permissions_count":0,"memory_mb":2,"timestamp":"2026-04-10 06:36:36"}
[2026-04-10 06:36:36] [info] [RID:4a7d9fa3c8b2f935] Redis extension not loaded - Redis disabled | {"request_id":"4a7d9fa3c8b2f935","memory_mb":2,"timestamp":"2026-04-10 06:36:36"}
[2026-04-10 06:36:36] [warning] [RID:4a7d9fa3c8b2f935] Rate limiting failed | {"error":"Redis unavailable","request_id":"4a7d9fa3c8b2f935","memory_mb":2,"timestamp":"2026-04-10 06:36:36"}
[2026-04-10 06:36:36] [info] [RID:4a7d9fa3c8b2f935] Bootstrap completed successfully | {"memory_usage_mb":2,"peak_memory_mb":2,"auth_method":"none","user_id":null,"tenant_id":1,"api_version":"v1","api_route":"/public/discounts","request_context":"loaded","cache_enabled":true,"redis_enabled":false,"database_connected":true,"execution_time_ms":4.9,"request_id":"4a7d9fa3c8b2f935","memory_mb":2,"timestamp":"2026-04-10 06:36:36"}
[2026-04-10 06:36:36] [info] [RID:6b8192addf0d055b] Advanced Logger initialized successfully | {"request_id":"6b8192addf0d055b","memory_mb":2,"timestamp":"2026-04-10 06:36:36"}
[2026-04-10 06:36:36] [info] [RID:6b8192addf0d055b] Bootstrap initializing | {"env":"production","request_id":"6b8192addf0d055b","memory_mb":2,"timestamp":"2026-04-10 06:36:36"}
[2026-04-10 06:36:36] [info] [RID:6b8192addf0d055b] API routing detected | {"version":"v1","route":"/public/products","is_versioned":true,"request_id":"6b8192addf0d055b","memory_mb":2,"timestamp":"2026-04-10 06:36:36"}
[2026-04-10 06:36:36] [info] [RID:6b8192addf0d055b] Session config loaded | {"request_id":"6b8192addf0d055b","memory_mb":2,"timestamp":"2026-04-10 06:36:36"}
[2026-04-10 06:36:36] [info] [RID:6b8192addf0d055b] RedisHelper loaded | {"request_id":"6b8192addf0d055b","memory_mb":2,"timestamp":"2026-04-10 06:36:36"}
[2026-04-10 06:36:36] [info] [RID:6b8192addf0d055b] RequestContext class loaded | {"request_id":"6b8192addf0d055b","memory_mb":2,"timestamp":"2026-04-10 06:36:36"}
[2026-04-10 06:36:36] [info] [RID:6b8192addf0d055b] Database connection established | {"request_id":"6b8192addf0d055b","memory_mb":2,"timestamp":"2026-04-10 06:36:36"}
[2026-04-10 06:36:36] [info] [RID:6b8192addf0d055b] CacheManager initialized | {"request_id":"6b8192addf0d055b","memory_mb":2,"timestamp":"2026-04-10 06:36:36"}
[2026-04-10 06:36:36] [info] [RID:6b8192addf0d055b] RequestContext created | {"request_id":"6b8192addf0d055b","user_id":null,"tenant_id":1,"roles_count":0,"permissions_count":0,"memory_mb":2,"timestamp":"2026-04-10 06:36:36"}
[2026-04-10 06:36:36] [info] [RID:6b8192addf0d055b] Redis extension not loaded - Redis disabled | {"request_id":"6b8192addf0d055b","memory_mb":2,"timestamp":"2026-04-10 06:36:36"}
[2026-04-10 06:36:36] [warning] [RID:6b8192addf0d055b] Rate limiting failed | {"error":"Redis unavailable","request_id":"6b8192addf0d055b","memory_mb":2,"timestamp":"2026-04-10 06:36:36"}
[2026-04-10 06:36:36] [info] [RID:6b8192addf0d055b] Bootstrap completed successfully | {"memory_usage_mb":2,"peak_memory_mb":2,"auth_method":"none","user_id":null,"tenant_id":1,"api_version":"v1","api_route":"/public/products","request_context":"loaded","cache_enabled":true,"redis_enabled":false,"database_connected":true,"execution_time_ms":5.9,"request_id":"6b8192addf0d055b","memory_mb":2,"timestamp":"2026-04-10 06:36:36"}
[2026-04-10 06:36:36] [info] [RID:2a366a334716812c] Advanced Logger initialized successfully | {"request_id":"2a366a334716812c","memory_mb":2,"timestamp":"2026-04-10 06:36:36"}
[2026-04-10 06:36:36] [info] [RID:2a366a334716812c] Bootstrap initializing | {"env":"production","request_id":"2a366a334716812c","memory_mb":2,"timestamp":"2026-04-10 06:36:36"}
[2026-04-10 06:36:36] [info] [RID:2a366a334716812c] API routing detected | {"version":"v1","route":"/public/products","is_versioned":true,"request_id":"2a366a334716812c","memory_mb":2,"timestamp":"2026-04-10 06:36:36"}
[2026-04-10 06:36:36] [info] [RID:2a366a334716812c] Session config loaded | {"request_id":"2a366a334716812c","memory_mb":2,"timestamp":"2026-04-10 06:36:36"}
[2026-04-10 06:36:36] [info] [RID:2a366a334716812c] RedisHelper loaded | {"request_id":"2a366a334716812c","memory_mb":2,"timestamp":"2026-04-10 06:36:36"}
[2026-04-10 06:36:36] [info] [RID:2a366a334716812c] RequestContext class loaded | {"request_id":"2a366a334716812c","memory_mb":2,"timestamp":"2026-04-10 06:36:36"}
[2026-04-10 06:36:36] [info] [RID:2a366a334716812c] Database connection established | {"request_id":"2a366a334716812c","memory_mb":2,"timestamp":"2026-04-10 06:36:36"}
[2026-04-10 06:36:36] [info] [RID:2a366a334716812c] CacheManager initialized | {"request_id":"2a366a334716812c","memory_mb":2,"timestamp":"2026-04-10 06:36:36"}
[2026-04-10 06:36:36] [info] [RID:2a366a334716812c] RequestContext created | {"request_id":"2a366a334716812c","user_id":null,"tenant_id":1,"roles_count":0,"permissions_count":0,"memory_mb":2,"timestamp":"2026-04-10 06:36:36"}
[2026-04-10 06:36:36] [info] [RID:2a366a334716812c] Redis extension not loaded - Redis disabled | {"request_id":"2a366a334716812c","memory_mb":2,"timestamp":"2026-04-10 06:36:36"}
[2026-04-10 06:36:36] [warning] [RID:2a366a334716812c] Rate limiting failed | {"error":"Redis unavailable","request_id":"2a366a334716812c","memory_mb":2,"timestamp":"2026-04-10 06:36:36"}
[2026-04-10 06:36:36] [info] [RID:2a366a334716812c] Bootstrap completed successfully | {"memory_usage_mb":2,"peak_memory_mb":2,"auth_method":"none","user_id":null,"tenant_id":1,"api_version":"v1","api_route":"/public/products","request_context":"loaded","cache_enabled":true,"redis_enabled":false,"database_connected":true,"execution_time_ms":4.3,"request_id":"2a366a334716812c","memory_mb":2,"timestamp":"2026-04-10 06:36:36"}
[2026-04-10 06:36:36] [info] [RID:8d419abec2d7d7d0] Advanced Logger initialized successfully | {"request_id":"8d419abec2d7d7d0","memory_mb":2,"timestamp":"2026-04-10 06:36:36"}
[2026-04-10 06:36:36] [info] [RID:8d419abec2d7d7d0] Bootstrap initializing | {"env":"production","request_id":"8d419abec2d7d7d0","memory_mb":2,"timestamp":"2026-04-10 06:36:36"}
[2026-04-10 06:36:36] [info] [RID:8d419abec2d7d7d0] API routing detected | {"version":"v1","route":"/public/entities","is_versioned":true,"request_id":"8d419abec2d7d7d0","memory_mb":2,"timestamp":"2026-04-10 06:36:36"}
[2026-04-10 06:36:36] [info] [RID:8d419abec2d7d7d0] Session config loaded | {"request_id":"8d419abec2d7d7d0","memory_mb":2,"timestamp":"2026-04-10 06:36:36"}
[2026-04-10 06:36:36] [info] [RID:8d419abec2d7d7d0] RedisHelper loaded | {"request_id":"8d419abec2d7d7d0","memory_mb":2,"timestamp":"2026-04-10 06:36:36"}
[2026-04-10 06:36:36] [info] [RID:8d419abec2d7d7d0] RequestContext class loaded | {"request_id":"8d419abec2d7d7d0","memory_mb":2,"timestamp":"2026-04-10 06:36:36"}
[2026-04-10 06:36:36] [info] [RID:8d419abec2d7d7d0] Database connection established | {"request_id":"8d419abec2d7d7d0","memory_mb":2,"timestamp":"2026-04-10 06:36:36"}
[2026-04-10 06:36:36] [info] [RID:8d419abec2d7d7d0] CacheManager initialized | {"request_id":"8d419abec2d7d7d0","memory_mb":2,"timestamp":"2026-04-10 06:36:36"}
[2026-04-10 06:36:36] [info] [RID:8d419abec2d7d7d0] RequestContext created | {"request_id":"8d419abec2d7d7d0","user_id":null,"tenant_id":1,"roles_count":0,"permissions_count":0,"memory_mb":2,"timestamp":"2026-04-10 06:36:36"}
[2026-04-10 06:36:36] [info] [RID:8d419abec2d7d7d0] Redis extension not loaded - Redis disabled | {"request_id":"8d419abec2d7d7d0","memory_mb":2,"timestamp":"2026-04-10 06:36:36"}
[2026-04-10 06:36:36] [warning] [RID:8d419abec2d7d7d0] Rate limiting failed | {"error":"Redis unavailable","request_id":"8d419abec2d7d7d0","memory_mb":2,"timestamp":"2026-04-10 06:36:36"}
[2026-04-10 06:36:36] [info] [RID:8d419abec2d7d7d0] Bootstrap completed successfully | {"memory_usage_mb":2,"peak_memory_mb":2,"auth_method":"none","user_id":null,"tenant_id":1,"api_version":"v1","api_route":"/public/entities","request_context":"loaded","cache_enabled":true,"redis_enabled":false,"database_connected":true,"execution_time_ms":4.4,"request_id":"8d419abec2d7d7d0","memory_mb":2,"timestamp":"2026-04-10 06:36:36"}
[2026-04-10 06:36:36] [info] [RID:974a32114cb918ee] Advanced Logger initialized successfully | {"request_id":"974a32114cb918ee","memory_mb":2,"timestamp":"2026-04-10 06:36:36"}
[2026-04-10 06:36:36] [info] [RID:974a32114cb918ee] Bootstrap initializing | {"env":"production","request_id":"974a32114cb918ee","memory_mb":2,"timestamp":"2026-04-10 06:36:36"}
[2026-04-10 06:36:36] [info] [RID:974a32114cb918ee] API routing detected | {"version":"v1","route":"/public/brands","is_versioned":true,"request_id":"974a32114cb918ee","memory_mb":2,"timestamp":"2026-04-10 06:36:36"}
[2026-04-10 06:36:36] [info] [RID:974a32114cb918ee] Session config loaded | {"request_id":"974a32114cb918ee","memory_mb":2,"timestamp":"2026-04-10 06:36:36"}
[2026-04-10 06:36:36] [info] [RID:974a32114cb918ee] RedisHelper loaded | {"request_id":"974a32114cb918ee","memory_mb":2,"timestamp":"2026-04-10 06:36:36"}
[2026-04-10 06:36:36] [info] [RID:974a32114cb918ee] RequestContext class loaded | {"request_id":"974a32114cb918ee","memory_mb":2,"timestamp":"2026-04-10 06:36:36"}
[2026-04-10 06:36:36] [info] [RID:974a32114cb918ee] Database connection established | {"request_id":"974a32114cb918ee","memory_mb":2,"timestamp":"2026-04-10 06:36:36"}
[2026-04-10 06:36:36] [info] [RID:974a32114cb918ee] CacheManager initialized | {"request_id":"974a32114cb918ee","memory_mb":2,"timestamp":"2026-04-10 06:36:36"}
[2026-04-10 06:36:36] [info] [RID:974a32114cb918ee] RequestContext created | {"request_id":"974a32114cb918ee","user_id":null,"tenant_id":1,"roles_count":0,"permissions_count":0,"memory_mb":2,"timestamp":"2026-04-10 06:36:36"}
[2026-04-10 06:36:36] [info] [RID:974a32114cb918ee] Redis extension not loaded - Redis disabled | {"request_id":"974a32114cb918ee","memory_mb":2,"timestamp":"2026-04-10 06:36:36"}
[2026-04-10 06:36:36] [warning] [RID:974a32114cb918ee] Rate limiting failed | {"error":"Redis unavailable","request_id":"974a32114cb918ee","memory_mb":2,"timestamp":"2026-04-10 06:36:36"}
[2026-04-10 06:36:36] [info] [RID:974a32114cb918ee] Bootstrap completed successfully | {"memory_usage_mb":2,"peak_memory_mb":2,"auth_method":"none","user_id":null,"tenant_id":1,"api_version":"v1","api_route":"/public/brands","request_context":"loaded","cache_enabled":true,"redis_enabled":false,"database_connected":true,"execution_time_ms":6.7,"request_id":"974a32114cb918ee","memory_mb":2,"timestamp":"2026-04-10 06:36:36"}
[2026-04-10 06:36:36] [info] [RID:8899c120170cff55] Advanced Logger initialized successfully | {"request_id":"8899c120170cff55","memory_mb":2,"timestamp":"2026-04-10 06:36:36"}
[2026-04-10 06:36:36] [info] [RID:8899c120170cff55] Bootstrap initializing | {"env":"production","request_id":"8899c120170cff55","memory_mb":2,"timestamp":"2026-04-10 06:36:36"}
[2026-04-10 06:36:36] [info] [RID:8899c120170cff55] API routing detected | {"version":"v1","route":"/public/auctions","is_versioned":true,"request_id":"8899c120170cff55","memory_mb":2,"timestamp":"2026-04-10 06:36:36"}
[2026-04-10 06:36:36] [info] [RID:8899c120170cff55] Session config loaded | {"request_id":"8899c120170cff55","memory_mb":2,"timestamp":"2026-04-10 06:36:36"}
[2026-04-10 06:36:36] [info] [RID:8899c120170cff55] RedisHelper loaded | {"request_id":"8899c120170cff55","memory_mb":2,"timestamp":"2026-04-10 06:36:36"}
[2026-04-10 06:36:36] [info] [RID:8899c120170cff55] RequestContext class loaded | {"request_id":"8899c120170cff55","memory_mb":2,"timestamp":"2026-04-10 06:36:36"}
[2026-04-10 06:36:36] [info] [RID:8899c120170cff55] Database connection established | {"request_id":"8899c120170cff55","memory_mb":2,"timestamp":"2026-04-10 06:36:36"}
[2026-04-10 06:36:36] [info] [RID:8899c120170cff55] CacheManager initialized | {"request_id":"8899c120170cff55","memory_mb":2,"timestamp":"2026-04-10 06:36:36"}
[2026-04-10 06:36:36] [info] [RID:8899c120170cff55] RequestContext created | {"request_id":"8899c120170cff55","user_id":null,"tenant_id":1,"roles_count":0,"permissions_count":0,"memory_mb":2,"timestamp":"2026-04-10 06:36:36"}
[2026-04-10 06:36:36] [info] [RID:8899c120170cff55] Redis extension not loaded - Redis disabled | {"request_id":"8899c120170cff55","memory_mb":2,"timestamp":"2026-04-10 06:36:36"}
[2026-04-10 06:36:36] [warning] [RID:8899c120170cff55] Rate limiting failed | {"error":"Redis unavailable","request_id":"8899c120170cff55","memory_mb":2,"timestamp":"2026-04-10 06:36:36"}
[2026-04-10 06:36:36] [info] [RID:8899c120170cff55] Bootstrap completed successfully | {"memory_usage_mb":2,"peak_memory_mb":2,"auth_method":"none","user_id":null,"tenant_id":1,"api_version":"v1","api_route":"/public/auctions","request_context":"loaded","cache_enabled":true,"redis_enabled":false,"database_connected":true,"execution_time_ms":5,"request_id":"8899c120170cff55","memory_mb":2,"timestamp":"2026-04-10 06:36:36"}
[2026-04-10 06:36:36] [info] [RID:fb9a7da064f40f70] Advanced Logger initialized successfully | {"request_id":"fb9a7da064f40f70","memory_mb":2,"timestamp":"2026-04-10 06:36:36"}
[2026-04-10 06:36:36] [info] [RID:fb9a7da064f40f70] Bootstrap initializing | {"env":"production","request_id":"fb9a7da064f40f70","memory_mb":2,"timestamp":"2026-04-10 06:36:36"}
[2026-04-10 06:36:36] [info] [RID:fb9a7da064f40f70] API routing detected | {"version":"v1","route":"/public/jobs","is_versioned":true,"request_id":"fb9a7da064f40f70","memory_mb":2,"timestamp":"2026-04-10 06:36:36"}
[2026-04-10 06:36:36] [info] [RID:fb9a7da064f40f70] Session config loaded | {"request_id":"fb9a7da064f40f70","memory_mb":2,"timestamp":"2026-04-10 06:36:36"}
[2026-04-10 06:36:36] [info] [RID:fb9a7da064f40f70] RedisHelper loaded | {"request_id":"fb9a7da064f40f70","memory_mb":2,"timestamp":"2026-04-10 06:36:36"}
[2026-04-10 06:36:36] [info] [RID:fb9a7da064f40f70] RequestContext class loaded | {"request_id":"fb9a7da064f40f70","memory_mb":2,"timestamp":"2026-04-10 06:36:36"}
[2026-04-10 06:36:36] [info] [RID:fb9a7da064f40f70] Database connection established | {"request_id":"fb9a7da064f40f70","memory_mb":2,"timestamp":"2026-04-10 06:36:36"}
[2026-04-10 06:36:36] [info] [RID:fb9a7da064f40f70] CacheManager initialized | {"request_id":"fb9a7da064f40f70","memory_mb":2,"timestamp":"2026-04-10 06:36:36"}
[2026-04-10 06:36:36] [info] [RID:fb9a7da064f40f70] RequestContext created | {"request_id":"fb9a7da064f40f70","user_id":null,"tenant_id":1,"roles_count":0,"permissions_count":0,"memory_mb":2,"timestamp":"2026-04-10 06:36:36"}
[2026-04-10 06:36:36] [info] [RID:fb9a7da064f40f70] Redis extension not loaded - Redis disabled | {"request_id":"fb9a7da064f40f70","memory_mb":2,"timestamp":"2026-04-10 06:36:36"}
[2026-04-10 06:36:36] [warning] [RID:fb9a7da064f40f70] Rate limiting failed | {"error":"Redis unavailable","request_id":"fb9a7da064f40f70","memory_mb":2,"timestamp":"2026-04-10 06:36:36"}
[2026-04-10 06:36:36] [info] [RID:fb9a7da064f40f70] Bootstrap completed successfully | {"memory_usage_mb":2,"peak_memory_mb":2,"auth_method":"none","user_id":null,"tenant_id":1,"api_version":"v1","api_route":"/public/jobs","request_context":"loaded","cache_enabled":true,"redis_enabled":false,"database_connected":true,"execution_time_ms":6.8,"request_id":"fb9a7da064f40f70","memory_mb":2,"timestamp":"2026-04-10 06:36:36"}
[2026-04-10 06:36:36] [info] [RID:1a49580f9901924e] Advanced Logger initialized successfully | {"request_id":"1a49580f9901924e","memory_mb":2,"timestamp":"2026-04-10 06:36:36"}
[2026-04-10 06:36:36] [info] [RID:1a49580f9901924e] Bootstrap initializing | {"env":"production","request_id":"1a49580f9901924e","memory_mb":2,"timestamp":"2026-04-10 06:36:36"}
[2026-04-10 06:36:36] [info] [RID:1a49580f9901924e] API routing detected | {"version":"v1","route":"/public/user_devices","is_versioned":true,"request_id":"1a49580f9901924e","memory_mb":2,"timestamp":"2026-04-10 06:36:36"}
[2026-04-10 06:36:36] [info] [RID:1a49580f9901924e] Session config loaded | {"request_id":"1a49580f9901924e","memory_mb":2,"timestamp":"2026-04-10 06:36:36"}
[2026-04-10 06:36:36] [info] [RID:1a49580f9901924e] RedisHelper loaded | {"request_id":"1a49580f9901924e","memory_mb":2,"timestamp":"2026-04-10 06:36:36"}
[2026-04-10 06:36:36] [info] [RID:1a49580f9901924e] RequestContext class loaded | {"request_id":"1a49580f9901924e","memory_mb":2,"timestamp":"2026-04-10 06:36:36"}
[2026-04-10 06:36:36] [info] [RID:1a49580f9901924e] Database connection established | {"request_id":"1a49580f9901924e","memory_mb":2,"timestamp":"2026-04-10 06:36:36"}
[2026-04-10 06:36:36] [info] [RID:1a49580f9901924e] CacheManager initialized | {"request_id":"1a49580f9901924e","memory_mb":2,"timestamp":"2026-04-10 06:36:36"}
[2026-04-10 06:36:36] [info] [RID:1a49580f9901924e] User authenticated via session | {"request_id":"1a49580f9901924e","memory_mb":2,"timestamp":"2026-04-10 06:36:36"}
[2026-04-10 06:36:36] [info] [RID:1a49580f9901924e] RequestContext created | {"request_id":"1a49580f9901924e","user_id":7,"tenant_id":1,"roles_count":1,"permissions_count":28,"memory_mb":2,"timestamp":"2026-04-10 06:36:36"}
[2026-04-10 06:36:36] [info] [RID:1a49580f9901924e] Redis extension not loaded - Redis disabled | {"request_id":"1a49580f9901924e","memory_mb":2,"timestamp":"2026-04-10 06:36:36"}
[2026-04-10 06:36:36] [warning] [RID:1a49580f9901924e] Rate limiting failed | {"error":"Redis unavailable","request_id":"1a49580f9901924e","memory_mb":2,"timestamp":"2026-04-10 06:36:36"}
[2026-04-10 06:36:36] [info] [RID:1a49580f9901924e] Bootstrap completed successfully | {"memory_usage_mb":2,"peak_memory_mb":2,"auth_method":"session","user_id":7,"tenant_id":1,"api_version":"v1","api_route":"/public/user_devices","request_context":"loaded","cache_enabled":true,"redis_enabled":false,"database_connected":true,"execution_time_ms":6.5,"request_id":"1a49580f9901924e","memory_mb":2,"timestamp":"2026-04-10 06:36:36"}
[2026-04-10 06:40:25] [info] [RID:3ccf33ae6291afbd] Advanced Logger initialized successfully | {"request_id":"3ccf33ae6291afbd","memory_mb":2,"timestamp":"2026-04-10 06:40:25"}
[2026-04-10 06:40:25] [info] [RID:3ccf33ae6291afbd] Bootstrap initializing | {"env":"production","request_id":"3ccf33ae6291afbd","memory_mb":2,"timestamp":"2026-04-10 06:40:25"}
[2026-04-10 06:40:25] [info] [RID:3ccf33ae6291afbd] API routing detected | {"version":"v1","route":"/public/homepage_sections","is_versioned":true,"request_id":"3ccf33ae6291afbd","memory_mb":2,"timestamp":"2026-04-10 06:40:25"}
[2026-04-10 06:40:25] [info] [RID:3ccf33ae6291afbd] Session config loaded | {"request_id":"3ccf33ae6291afbd","memory_mb":2,"timestamp":"2026-04-10 06:40:25"}
[2026-04-10 06:40:25] [info] [RID:3ccf33ae6291afbd] RedisHelper loaded | {"request_id":"3ccf33ae6291afbd","memory_mb":2,"timestamp":"2026-04-10 06:40:25"}
[2026-04-10 06:40:25] [info] [RID:3ccf33ae6291afbd] RequestContext class loaded | {"request_id":"3ccf33ae6291afbd","memory_mb":2,"timestamp":"2026-04-10 06:40:25"}
[2026-04-10 06:40:25] [info] [RID:3ccf33ae6291afbd] Database connection established | {"request_id":"3ccf33ae6291afbd","memory_mb":2,"timestamp":"2026-04-10 06:40:25"}
[2026-04-10 06:40:25] [info] [RID:3ccf33ae6291afbd] CacheManager initialized | {"request_id":"3ccf33ae6291afbd","memory_mb":2,"timestamp":"2026-04-10 06:40:25"}
[2026-04-10 06:40:25] [info] [RID:3ccf33ae6291afbd] RequestContext created | {"request_id":"3ccf33ae6291afbd","user_id":null,"tenant_id":1,"roles_count":0,"permissions_count":0,"memory_mb":2,"timestamp":"2026-04-10 06:40:25"}
[2026-04-10 06:40:25] [info] [RID:3ccf33ae6291afbd] Redis extension not loaded - Redis disabled | {"request_id":"3ccf33ae6291afbd","memory_mb":2,"timestamp":"2026-04-10 06:40:25"}
[2026-04-10 06:40:25] [warning] [RID:3ccf33ae6291afbd] Rate limiting failed | {"error":"Redis unavailable","request_id":"3ccf33ae6291afbd","memory_mb":2,"timestamp":"2026-04-10 06:40:25"}
[2026-04-10 06:40:25] [info] [RID:3ccf33ae6291afbd] Bootstrap completed successfully | {"memory_usage_mb":2,"peak_memory_mb":2,"auth_method":"none","user_id":null,"tenant_id":1,"api_version":"v1","api_route":"/public/homepage_sections","request_context":"loaded","cache_enabled":true,"redis_enabled":false,"database_connected":true,"execution_time_ms":28.4,"request_id":"3ccf33ae6291afbd","memory_mb":2,"timestamp":"2026-04-10 06:40:25"}
[2026-04-10 06:40:25] [info] [RID:926171d528248314] Advanced Logger initialized successfully | {"request_id":"926171d528248314","memory_mb":2,"timestamp":"2026-04-10 06:40:25"}
[2026-04-10 06:40:25] [info] [RID:926171d528248314] Bootstrap initializing | {"env":"production","request_id":"926171d528248314","memory_mb":2,"timestamp":"2026-04-10 06:40:25"}
[2026-04-10 06:40:25] [info] [RID:926171d528248314] API routing detected | {"version":"v1","route":"/public/ads","is_versioned":true,"request_id":"926171d528248314","memory_mb":2,"timestamp":"2026-04-10 06:40:25"}
[2026-04-10 06:40:25] [info] [RID:926171d528248314] Session config loaded | {"request_id":"926171d528248314","memory_mb":2,"timestamp":"2026-04-10 06:40:25"}
[2026-04-10 06:40:25] [info] [RID:926171d528248314] RedisHelper loaded | {"request_id":"926171d528248314","memory_mb":2,"timestamp":"2026-04-10 06:40:25"}
[2026-04-10 06:40:25] [info] [RID:926171d528248314] RequestContext class loaded | {"request_id":"926171d528248314","memory_mb":2,"timestamp":"2026-04-10 06:40:25"}
[2026-04-10 06:40:25] [info] [RID:926171d528248314] Database connection established | {"request_id":"926171d528248314","memory_mb":2,"timestamp":"2026-04-10 06:40:25"}
[2026-04-10 06:40:25] [info] [RID:926171d528248314] CacheManager initialized | {"request_id":"926171d528248314","memory_mb":2,"timestamp":"2026-04-10 06:40:25"}
[2026-04-10 06:40:25] [info] [RID:926171d528248314] RequestContext created | {"request_id":"926171d528248314","user_id":null,"tenant_id":1,"roles_count":0,"permissions_count":0,"memory_mb":2,"timestamp":"2026-04-10 06:40:25"}
[2026-04-10 06:40:25] [info] [RID:926171d528248314] Redis extension not loaded - Redis disabled | {"request_id":"926171d528248314","memory_mb":2,"timestamp":"2026-04-10 06:40:25"}
[2026-04-10 06:40:25] [warning] [RID:926171d528248314] Rate limiting failed | {"error":"Redis unavailable","request_id":"926171d528248314","memory_mb":2,"timestamp":"2026-04-10 06:40:25"}
[2026-04-10 06:40:25] [info] [RID:926171d528248314] Bootstrap completed successfully | {"memory_usage_mb":2,"peak_memory_mb":2,"auth_method":"none","user_id":null,"tenant_id":1,"api_version":"v1","api_route":"/public/ads","request_context":"loaded","cache_enabled":true,"redis_enabled":false,"database_connected":true,"execution_time_ms":7.2,"request_id":"926171d528248314","memory_mb":2,"timestamp":"2026-04-10 06:40:25"}
[2026-04-10 06:40:26] [info] [RID:db648a2796bd34ef] Advanced Logger initialized successfully | {"request_id":"db648a2796bd34ef","memory_mb":2,"timestamp":"2026-04-10 06:40:26"}
[2026-04-10 06:40:26] [info] [RID:db648a2796bd34ef] Bootstrap initializing | {"env":"production","request_id":"db648a2796bd34ef","memory_mb":2,"timestamp":"2026-04-10 06:40:26"}
[2026-04-10 06:40:26] [info] [RID:db648a2796bd34ef] API routing detected | {"version":"v1","route":"/public/categories","is_versioned":true,"request_id":"db648a2796bd34ef","memory_mb":2,"timestamp":"2026-04-10 06:40:26"}
[2026-04-10 06:40:26] [info] [RID:db648a2796bd34ef] Session config loaded | {"request_id":"db648a2796bd34ef","memory_mb":2,"timestamp":"2026-04-10 06:40:26"}
[2026-04-10 06:40:26] [info] [RID:db648a2796bd34ef] RedisHelper loaded | {"request_id":"db648a2796bd34ef","memory_mb":2,"timestamp":"2026-04-10 06:40:26"}
[2026-04-10 06:40:26] [info] [RID:db648a2796bd34ef] RequestContext class loaded | {"request_id":"db648a2796bd34ef","memory_mb":2,"timestamp":"2026-04-10 06:40:26"}
[2026-04-10 06:40:26] [info] [RID:db648a2796bd34ef] Database connection established | {"request_id":"db648a2796bd34ef","memory_mb":2,"timestamp":"2026-04-10 06:40:26"}
[2026-04-10 06:40:26] [info] [RID:db648a2796bd34ef] CacheManager initialized | {"request_id":"db648a2796bd34ef","memory_mb":2,"timestamp":"2026-04-10 06:40:26"}
[2026-04-10 06:40:26] [info] [RID:db648a2796bd34ef] RequestContext created | {"request_id":"db648a2796bd34ef","user_id":null,"tenant_id":1,"roles_count":0,"permissions_count":0,"memory_mb":2,"timestamp":"2026-04-10 06:40:26"}
[2026-04-10 06:40:26] [info] [RID:db648a2796bd34ef] Redis extension not loaded - Redis disabled | {"request_id":"db648a2796bd34ef","memory_mb":2,"timestamp":"2026-04-10 06:40:26"}
[2026-04-10 06:40:26] [warning] [RID:db648a2796bd34ef] Rate limiting failed | {"error":"Redis unavailable","request_id":"db648a2796bd34ef","memory_mb":2,"timestamp":"2026-04-10 06:40:26"}
[2026-04-10 06:40:26] [info] [RID:db648a2796bd34ef] Bootstrap completed successfully | {"memory_usage_mb":2,"peak_memory_mb":2,"auth_method":"none","user_id":null,"tenant_id":1,"api_version":"v1","api_route":"/public/categories","request_context":"loaded","cache_enabled":true,"redis_enabled":false,"database_connected":true,"execution_time_ms":6.4,"request_id":"db648a2796bd34ef","memory_mb":2,"timestamp":"2026-04-10 06:40:26"}
[2026-04-10 06:40:26] [info] [RID:fbc32a290fb6f378] Advanced Logger initialized successfully | {"request_id":"fbc32a290fb6f378","memory_mb":2,"timestamp":"2026-04-10 06:40:26"}
[2026-04-10 06:40:26] [info] [RID:fbc32a290fb6f378] Bootstrap initializing | {"env":"production","request_id":"fbc32a290fb6f378","memory_mb":2,"timestamp":"2026-04-10 06:40:26"}
[2026-04-10 06:40:26] [info] [RID:fbc32a290fb6f378] API routing detected | {"version":"v1","route":"/public/discounts","is_versioned":true,"request_id":"fbc32a290fb6f378","memory_mb":2,"timestamp":"2026-04-10 06:40:26"}
[2026-04-10 06:40:26] [info] [RID:fbc32a290fb6f378] Session config loaded | {"request_id":"fbc32a290fb6f378","memory_mb":2,"timestamp":"2026-04-10 06:40:26"}
[2026-04-10 06:40:26] [info] [RID:fbc32a290fb6f378] RedisHelper loaded | {"request_id":"fbc32a290fb6f378","memory_mb":2,"timestamp":"2026-04-10 06:40:26"}
[2026-04-10 06:40:26] [info] [RID:fbc32a290fb6f378] RequestContext class loaded | {"request_id":"fbc32a290fb6f378","memory_mb":2,"timestamp":"2026-04-10 06:40:26"}
[2026-04-10 06:40:26] [info] [RID:fbc32a290fb6f378] Database connection established | {"request_id":"fbc32a290fb6f378","memory_mb":2,"timestamp":"2026-04-10 06:40:26"}
[2026-04-10 06:40:26] [info] [RID:fbc32a290fb6f378] CacheManager initialized | {"request_id":"fbc32a290fb6f378","memory_mb":2,"timestamp":"2026-04-10 06:40:26"}
[2026-04-10 06:40:26] [info] [RID:fbc32a290fb6f378] RequestContext created | {"request_id":"fbc32a290fb6f378","user_id":null,"tenant_id":1,"roles_count":0,"permissions_count":0,"memory_mb":2,"timestamp":"2026-04-10 06:40:26"}
[2026-04-10 06:40:26] [info] [RID:fbc32a290fb6f378] Redis extension not loaded - Redis disabled | {"request_id":"fbc32a290fb6f378","memory_mb":2,"timestamp":"2026-04-10 06:40:26"}
[2026-04-10 06:40:26] [warning] [RID:fbc32a290fb6f378] Rate limiting failed | {"error":"Redis unavailable","request_id":"fbc32a290fb6f378","memory_mb":2,"timestamp":"2026-04-10 06:40:26"}
[2026-04-10 06:40:26] [info] [RID:fbc32a290fb6f378] Bootstrap completed successfully | {"memory_usage_mb":2,"peak_memory_mb":2,"auth_method":"none","user_id":null,"tenant_id":1,"api_version":"v1","api_route":"/public/discounts","request_context":"loaded","cache_enabled":true,"redis_enabled":false,"database_connected":true,"execution_time_ms":6.4,"request_id":"fbc32a290fb6f378","memory_mb":2,"timestamp":"2026-04-10 06:40:26"}
[2026-04-10 06:40:26] [info] [RID:80aa5b4f33419535] Advanced Logger initialized successfully | {"request_id":"80aa5b4f33419535","memory_mb":2,"timestamp":"2026-04-10 06:40:26"}
[2026-04-10 06:40:26] [info] [RID:80aa5b4f33419535] Bootstrap initializing | {"env":"production","request_id":"80aa5b4f33419535","memory_mb":2,"timestamp":"2026-04-10 06:40:26"}
[2026-04-10 06:40:26] [info] [RID:80aa5b4f33419535] API routing detected | {"version":"v1","route":"/public/products","is_versioned":true,"request_id":"80aa5b4f33419535","memory_mb":2,"timestamp":"2026-04-10 06:40:26"}
[2026-04-10 06:40:26] [info] [RID:80aa5b4f33419535] Session config loaded | {"request_id":"80aa5b4f33419535","memory_mb":2,"timestamp":"2026-04-10 06:40:26"}
[2026-04-10 06:40:26] [info] [RID:80aa5b4f33419535] RedisHelper loaded | {"request_id":"80aa5b4f33419535","memory_mb":2,"timestamp":"2026-04-10 06:40:26"}
[2026-04-10 06:40:26] [info] [RID:80aa5b4f33419535] RequestContext class loaded | {"request_id":"80aa5b4f33419535","memory_mb":2,"timestamp":"2026-04-10 06:40:26"}
[2026-04-10 06:40:26] [info] [RID:80aa5b4f33419535] Database connection established | {"request_id":"80aa5b4f33419535","memory_mb":2,"timestamp":"2026-04-10 06:40:26"}
[2026-04-10 06:40:26] [info] [RID:80aa5b4f33419535] CacheManager initialized | {"request_id":"80aa5b4f33419535","memory_mb":2,"timestamp":"2026-04-10 06:40:26"}
[2026-04-10 06:40:26] [info] [RID:80aa5b4f33419535] RequestContext created | {"request_id":"80aa5b4f33419535","user_id":null,"tenant_id":1,"roles_count":0,"permissions_count":0,"memory_mb":2,"timestamp":"2026-04-10 06:40:26"}
[2026-04-10 06:40:26] [info] [RID:80aa5b4f33419535] Redis extension not loaded - Redis disabled | {"request_id":"80aa5b4f33419535","memory_mb":2,"timestamp":"2026-04-10 06:40:26"}
[2026-04-10 06:40:26] [warning] [RID:80aa5b4f33419535] Rate limiting failed | {"error":"Redis unavailable","request_id":"80aa5b4f33419535","memory_mb":2,"timestamp":"2026-04-10 06:40:26"}
[2026-04-10 06:40:26] [info] [RID:80aa5b4f33419535] Bootstrap completed successfully | {"memory_usage_mb":2,"peak_memory_mb":2,"auth_method":"none","user_id":null,"tenant_id":1,"api_version":"v1","api_route":"/public/products","request_context":"loaded","cache_enabled":true,"redis_enabled":false,"database_connected":true,"execution_time_ms":6,"request_id":"80aa5b4f33419535","memory_mb":2,"timestamp":"2026-04-10 06:40:26"}
[2026-04-10 06:40:26] [info] [RID:61da33e8def45eb0] Advanced Logger initialized successfully | {"request_id":"61da33e8def45eb0","memory_mb":2,"timestamp":"2026-04-10 06:40:26"}
[2026-04-10 06:40:26] [info] [RID:61da33e8def45eb0] Bootstrap initializing | {"env":"production","request_id":"61da33e8def45eb0","memory_mb":2,"timestamp":"2026-04-10 06:40:26"}
[2026-04-10 06:40:26] [info] [RID:61da33e8def45eb0] API routing detected | {"version":"v1","route":"/public/products","is_versioned":true,"request_id":"61da33e8def45eb0","memory_mb":2,"timestamp":"2026-04-10 06:40:26"}
[2026-04-10 06:40:26] [info] [RID:61da33e8def45eb0] Session config loaded | {"request_id":"61da33e8def45eb0","memory_mb":2,"timestamp":"2026-04-10 06:40:26"}
[2026-04-10 06:40:26] [info] [RID:61da33e8def45eb0] RedisHelper loaded | {"request_id":"61da33e8def45eb0","memory_mb":2,"timestamp":"2026-04-10 06:40:26"}
[2026-04-10 06:40:26] [info] [RID:61da33e8def45eb0] RequestContext class loaded | {"request_id":"61da33e8def45eb0","memory_mb":2,"timestamp":"2026-04-10 06:40:26"}
[2026-04-10 06:40:26] [info] [RID:61da33e8def45eb0] Database connection established | {"request_id":"61da33e8def45eb0","memory_mb":2,"timestamp":"2026-04-10 06:40:26"}
[2026-04-10 06:40:26] [info] [RID:61da33e8def45eb0] CacheManager initialized | {"request_id":"61da33e8def45eb0","memory_mb":2,"timestamp":"2026-04-10 06:40:26"}
[2026-04-10 06:40:26] [info] [RID:61da33e8def45eb0] RequestContext created | {"request_id":"61da33e8def45eb0","user_id":null,"tenant_id":1,"roles_count":0,"permissions_count":0,"memory_mb":2,"timestamp":"2026-04-10 06:40:26"}
[2026-04-10 06:40:26] [info] [RID:61da33e8def45eb0] Redis extension not loaded - Redis disabled | {"request_id":"61da33e8def45eb0","memory_mb":2,"timestamp":"2026-04-10 06:40:26"}
[2026-04-10 06:40:26] [warning] [RID:61da33e8def45eb0] Rate limiting failed | {"error":"Redis unavailable","request_id":"61da33e8def45eb0","memory_mb":2,"timestamp":"2026-04-10 06:40:26"}
[2026-04-10 06:40:26] [info] [RID:61da33e8def45eb0] Bootstrap completed successfully | {"memory_usage_mb":2,"peak_memory_mb":2,"auth_method":"none","user_id":null,"tenant_id":1,"api_version":"v1","api_route":"/public/products","request_context":"loaded","cache_enabled":true,"redis_enabled":false,"database_connected":true,"execution_time_ms":5.2,"request_id":"61da33e8def45eb0","memory_mb":2,"timestamp":"2026-04-10 06:40:26"}
[2026-04-10 06:40:26] [info] [RID:90c82b167bd0591a] Advanced Logger initialized successfully | {"request_id":"90c82b167bd0591a","memory_mb":2,"timestamp":"2026-04-10 06:40:26"}
[2026-04-10 06:40:26] [info] [RID:90c82b167bd0591a] Bootstrap initializing | {"env":"production","request_id":"90c82b167bd0591a","memory_mb":2,"timestamp":"2026-04-10 06:40:26"}
[2026-04-10 06:40:26] [info] [RID:90c82b167bd0591a] API routing detected | {"version":"v1","route":"/public/entities","is_versioned":true,"request_id":"90c82b167bd0591a","memory_mb":2,"timestamp":"2026-04-10 06:40:26"}
[2026-04-10 06:40:26] [info] [RID:90c82b167bd0591a] Session config loaded | {"request_id":"90c82b167bd0591a","memory_mb":2,"timestamp":"2026-04-10 06:40:26"}
[2026-04-10 06:40:26] [info] [RID:90c82b167bd0591a] RedisHelper loaded | {"request_id":"90c82b167bd0591a","memory_mb":2,"timestamp":"2026-04-10 06:40:26"}
[2026-04-10 06:40:26] [info] [RID:90c82b167bd0591a] RequestContext class loaded | {"request_id":"90c82b167bd0591a","memory_mb":2,"timestamp":"2026-04-10 06:40:26"}
[2026-04-10 06:40:26] [info] [RID:90c82b167bd0591a] Database connection established | {"request_id":"90c82b167bd0591a","memory_mb":2,"timestamp":"2026-04-10 06:40:26"}
[2026-04-10 06:40:26] [info] [RID:90c82b167bd0591a] CacheManager initialized | {"request_id":"90c82b167bd0591a","memory_mb":2,"timestamp":"2026-04-10 06:40:26"}
[2026-04-10 06:40:26] [info] [RID:90c82b167bd0591a] RequestContext created | {"request_id":"90c82b167bd0591a","user_id":null,"tenant_id":1,"roles_count":0,"permissions_count":0,"memory_mb":2,"timestamp":"2026-04-10 06:40:26"}
[2026-04-10 06:40:26] [info] [RID:90c82b167bd0591a] Redis extension not loaded - Redis disabled | {"request_id":"90c82b167bd0591a","memory_mb":2,"timestamp":"2026-04-10 06:40:26"}
[2026-04-10 06:40:26] [warning] [RID:90c82b167bd0591a] Rate limiting failed | {"error":"Redis unavailable","request_id":"90c82b167bd0591a","memory_mb":2,"timestamp":"2026-04-10 06:40:26"}
[2026-04-10 06:40:26] [info] [RID:90c82b167bd0591a] Bootstrap completed successfully | {"memory_usage_mb":2,"peak_memory_mb":2,"auth_method":"none","user_id":null,"tenant_id":1,"api_version":"v1","api_route":"/public/entities","request_context":"loaded","cache_enabled":true,"redis_enabled":false,"database_connected":true,"execution_time_ms":7.7,"request_id":"90c82b167bd0591a","memory_mb":2,"timestamp":"2026-04-10 06:40:26"}
[2026-04-10 06:40:26] [info] [RID:73f85b338a7aa5fc] Advanced Logger initialized successfully | {"request_id":"73f85b338a7aa5fc","memory_mb":2,"timestamp":"2026-04-10 06:40:26"}
[2026-04-10 06:40:26] [info] [RID:73f85b338a7aa5fc] Bootstrap initializing | {"env":"production","request_id":"73f85b338a7aa5fc","memory_mb":2,"timestamp":"2026-04-10 06:40:26"}
[2026-04-10 06:40:26] [info] [RID:73f85b338a7aa5fc] API routing detected | {"version":"v1","route":"/public/brands","is_versioned":true,"request_id":"73f85b338a7aa5fc","memory_mb":2,"timestamp":"2026-04-10 06:40:26"}
[2026-04-10 06:40:26] [info] [RID:73f85b338a7aa5fc] Session config loaded | {"request_id":"73f85b338a7aa5fc","memory_mb":2,"timestamp":"2026-04-10 06:40:26"}
[2026-04-10 06:40:26] [info] [RID:73f85b338a7aa5fc] RedisHelper loaded | {"request_id":"73f85b338a7aa5fc","memory_mb":2,"timestamp":"2026-04-10 06:40:26"}
[2026-04-10 06:40:26] [info] [RID:73f85b338a7aa5fc] RequestContext class loaded | {"request_id":"73f85b338a7aa5fc","memory_mb":2,"timestamp":"2026-04-10 06:40:26"}
[2026-04-10 06:40:26] [info] [RID:73f85b338a7aa5fc] Database connection established | {"request_id":"73f85b338a7aa5fc","memory_mb":2,"timestamp":"2026-04-10 06:40:26"}
[2026-04-10 06:40:26] [info] [RID:73f85b338a7aa5fc] CacheManager initialized | {"request_id":"73f85b338a7aa5fc","memory_mb":2,"timestamp":"2026-04-10 06:40:26"}
[2026-04-10 06:40:26] [info] [RID:73f85b338a7aa5fc] RequestContext created | {"request_id":"73f85b338a7aa5fc","user_id":null,"tenant_id":1,"roles_count":0,"permissions_count":0,"memory_mb":2,"timestamp":"2026-04-10 06:40:26"}
[2026-04-10 06:40:26] [info] [RID:73f85b338a7aa5fc] Redis extension not loaded - Redis disabled | {"request_id":"73f85b338a7aa5fc","memory_mb":2,"timestamp":"2026-04-10 06:40:26"}
[2026-04-10 06:40:26] [warning] [RID:73f85b338a7aa5fc] Rate limiting failed | {"error":"Redis unavailable","request_id":"73f85b338a7aa5fc","memory_mb":2,"timestamp":"2026-04-10 06:40:26"}
[2026-04-10 06:40:26] [info] [RID:73f85b338a7aa5fc] Bootstrap completed successfully | {"memory_usage_mb":2,"peak_memory_mb":2,"auth_method":"none","user_id":null,"tenant_id":1,"api_version":"v1","api_route":"/public/brands","request_context":"loaded","cache_enabled":true,"redis_enabled":false,"database_connected":true,"execution_time_ms":6,"request_id":"73f85b338a7aa5fc","memory_mb":2,"timestamp":"2026-04-10 06:40:26"}
[2026-04-10 06:40:26] [info] [RID:ee9ec4e9ff7fbe21] Advanced Logger initialized successfully | {"request_id":"ee9ec4e9ff7fbe21","memory_mb":2,"timestamp":"2026-04-10 06:40:26"}
[2026-04-10 06:40:26] [info] [RID:ee9ec4e9ff7fbe21] Bootstrap initializing | {"env":"production","request_id":"ee9ec4e9ff7fbe21","memory_mb":2,"timestamp":"2026-04-10 06:40:26"}
[2026-04-10 06:40:26] [info] [RID:ee9ec4e9ff7fbe21] API routing detected | {"version":"v1","route":"/public/auctions","is_versioned":true,"request_id":"ee9ec4e9ff7fbe21","memory_mb":2,"timestamp":"2026-04-10 06:40:26"}
[2026-04-10 06:40:26] [info] [RID:ee9ec4e9ff7fbe21] Session config loaded | {"request_id":"ee9ec4e9ff7fbe21","memory_mb":2,"timestamp":"2026-04-10 06:40:26"}
[2026-04-10 06:40:26] [info] [RID:ee9ec4e9ff7fbe21] RedisHelper loaded | {"request_id":"ee9ec4e9ff7fbe21","memory_mb":2,"timestamp":"2026-04-10 06:40:26"}
[2026-04-10 06:40:26] [info] [RID:ee9ec4e9ff7fbe21] RequestContext class loaded | {"request_id":"ee9ec4e9ff7fbe21","memory_mb":2,"timestamp":"2026-04-10 06:40:26"}
[2026-04-10 06:40:26] [info] [RID:ee9ec4e9ff7fbe21] Database connection established | {"request_id":"ee9ec4e9ff7fbe21","memory_mb":2,"timestamp":"2026-04-10 06:40:26"}
[2026-04-10 06:40:26] [info] [RID:ee9ec4e9ff7fbe21] CacheManager initialized | {"request_id":"ee9ec4e9ff7fbe21","memory_mb":2,"timestamp":"2026-04-10 06:40:26"}
[2026-04-10 06:40:26] [info] [RID:ee9ec4e9ff7fbe21] RequestContext created | {"request_id":"ee9ec4e9ff7fbe21","user_id":null,"tenant_id":1,"roles_count":0,"permissions_count":0,"memory_mb":2,"timestamp":"2026-04-10 06:40:26"}
[2026-04-10 06:40:26] [info] [RID:ee9ec4e9ff7fbe21] Redis extension not loaded - Redis disabled | {"request_id":"ee9ec4e9ff7fbe21","memory_mb":2,"timestamp":"2026-04-10 06:40:26"}
[2026-04-10 06:40:26] [warning] [RID:ee9ec4e9ff7fbe21] Rate limiting failed | {"error":"Redis unavailable","request_id":"ee9ec4e9ff7fbe21","memory_mb":2,"timestamp":"2026-04-10 06:40:26"}
[2026-04-10 06:40:26] [info] [RID:ee9ec4e9ff7fbe21] Bootstrap completed successfully | {"memory_usage_mb":2,"peak_memory_mb":2,"auth_method":"none","user_id":null,"tenant_id":1,"api_version":"v1","api_route":"/public/auctions","request_context":"loaded","cache_enabled":true,"redis_enabled":false,"database_connected":true,"execution_time_ms":6.1,"request_id":"ee9ec4e9ff7fbe21","memory_mb":2,"timestamp":"2026-04-10 06:40:26"}
[2026-04-10 06:40:26] [info] [RID:5c37cf268f7bbc48] Advanced Logger initialized successfully | {"request_id":"5c37cf268f7bbc48","memory_mb":2,"timestamp":"2026-04-10 06:40:26"}
[2026-04-10 06:40:26] [info] [RID:5c37cf268f7bbc48] Bootstrap initializing | {"env":"production","request_id":"5c37cf268f7bbc48","memory_mb":2,"timestamp":"2026-04-10 06:40:26"}
[2026-04-10 06:40:26] [info] [RID:5c37cf268f7bbc48] API routing detected | {"version":"v1","route":"/public/jobs","is_versioned":true,"request_id":"5c37cf268f7bbc48","memory_mb":2,"timestamp":"2026-04-10 06:40:26"}
[2026-04-10 06:40:26] [info] [RID:5c37cf268f7bbc48] Session config loaded | {"request_id":"5c37cf268f7bbc48","memory_mb":2,"timestamp":"2026-04-10 06:40:26"}
[2026-04-10 06:40:26] [info] [RID:5c37cf268f7bbc48] RedisHelper loaded | {"request_id":"5c37cf268f7bbc48","memory_mb":2,"timestamp":"2026-04-10 06:40:26"}
[2026-04-10 06:40:26] [info] [RID:5c37cf268f7bbc48] RequestContext class loaded | {"request_id":"5c37cf268f7bbc48","memory_mb":2,"timestamp":"2026-04-10 06:40:26"}
[2026-04-10 06:40:26] [info] [RID:5c37cf268f7bbc48] Database connection established | {"request_id":"5c37cf268f7bbc48","memory_mb":2,"timestamp":"2026-04-10 06:40:26"}
[2026-04-10 06:40:26] [info] [RID:5c37cf268f7bbc48] CacheManager initialized | {"request_id":"5c37cf268f7bbc48","memory_mb":2,"timestamp":"2026-04-10 06:40:26"}
[2026-04-10 06:40:26] [info] [RID:5c37cf268f7bbc48] RequestContext created | {"request_id":"5c37cf268f7bbc48","user_id":null,"tenant_id":1,"roles_count":0,"permissions_count":0,"memory_mb":2,"timestamp":"2026-04-10 06:40:26"}
[2026-04-10 06:40:26] [info] [RID:5c37cf268f7bbc48] Redis extension not loaded - Redis disabled | {"request_id":"5c37cf268f7bbc48","memory_mb":2,"timestamp":"2026-04-10 06:40:26"}
[2026-04-10 06:40:26] [warning] [RID:5c37cf268f7bbc48] Rate limiting failed | {"error":"Redis unavailable","request_id":"5c37cf268f7bbc48","memory_mb":2,"timestamp":"2026-04-10 06:40:26"}
[2026-04-10 06:40:26] [info] [RID:5c37cf268f7bbc48] Bootstrap completed successfully | {"memory_usage_mb":2,"peak_memory_mb":2,"auth_method":"none","user_id":null,"tenant_id":1,"api_version":"v1","api_route":"/public/jobs","request_context":"loaded","cache_enabled":true,"redis_enabled":false,"database_connected":true,"execution_time_ms":5.1,"request_id":"5c37cf268f7bbc48","memory_mb":2,"timestamp":"2026-04-10 06:40:26"}
[2026-04-10 06:40:37] [info] [RID:debb07a9754060d1] Advanced Logger initialized successfully | {"request_id":"debb07a9754060d1","memory_mb":2,"timestamp":"2026-04-10 06:40:37"}
[2026-04-10 06:40:37] [info] [RID:debb07a9754060d1] Bootstrap initializing | {"env":"production","request_id":"debb07a9754060d1","memory_mb":2,"timestamp":"2026-04-10 06:40:37"}
[2026-04-10 06:40:37] [info] [RID:debb07a9754060d1] API routing detected | {"version":"v1","route":"/public/homepage_sections","is_versioned":true,"request_id":"debb07a9754060d1","memory_mb":2,"timestamp":"2026-04-10 06:40:37"}
[2026-04-10 06:40:37] [info] [RID:debb07a9754060d1] Session config loaded | {"request_id":"debb07a9754060d1","memory_mb":2,"timestamp":"2026-04-10 06:40:37"}
[2026-04-10 06:40:37] [info] [RID:debb07a9754060d1] RedisHelper loaded | {"request_id":"debb07a9754060d1","memory_mb":2,"timestamp":"2026-04-10 06:40:37"}
[2026-04-10 06:40:37] [info] [RID:debb07a9754060d1] RequestContext class loaded | {"request_id":"debb07a9754060d1","memory_mb":2,"timestamp":"2026-04-10 06:40:37"}
[2026-04-10 06:40:37] [info] [RID:debb07a9754060d1] Database connection established | {"request_id":"debb07a9754060d1","memory_mb":2,"timestamp":"2026-04-10 06:40:37"}
[2026-04-10 06:40:37] [info] [RID:debb07a9754060d1] CacheManager initialized | {"request_id":"debb07a9754060d1","memory_mb":2,"timestamp":"2026-04-10 06:40:37"}
[2026-04-10 06:40:37] [info] [RID:debb07a9754060d1] RequestContext created | {"request_id":"debb07a9754060d1","user_id":null,"tenant_id":1,"roles_count":0,"permissions_count":0,"memory_mb":2,"timestamp":"2026-04-10 06:40:37"}
[2026-04-10 06:40:37] [info] [RID:debb07a9754060d1] Redis extension not loaded - Redis disabled | {"request_id":"debb07a9754060d1","memory_mb":2,"timestamp":"2026-04-10 06:40:37"}
[2026-04-10 06:40:37] [warning] [RID:debb07a9754060d1] Rate limiting failed | {"error":"Redis unavailable","request_id":"debb07a9754060d1","memory_mb":2,"timestamp":"2026-04-10 06:40:37"}
[2026-04-10 06:40:37] [info] [RID:debb07a9754060d1] Bootstrap completed successfully | {"memory_usage_mb":2,"peak_memory_mb":2,"auth_method":"none","user_id":null,"tenant_id":1,"api_version":"v1","api_route":"/public/homepage_sections","request_context":"loaded","cache_enabled":true,"redis_enabled":false,"database_connected":true,"execution_time_ms":5.2,"request_id":"debb07a9754060d1","memory_mb":2,"timestamp":"2026-04-10 06:40:37"}
[2026-04-10 06:40:37] [info] [RID:6229d781442ed8a1] Advanced Logger initialized successfully | {"request_id":"6229d781442ed8a1","memory_mb":2,"timestamp":"2026-04-10 06:40:37"}
[2026-04-10 06:40:37] [info] [RID:6229d781442ed8a1] Bootstrap initializing | {"env":"production","request_id":"6229d781442ed8a1","memory_mb":2,"timestamp":"2026-04-10 06:40:37"}
[2026-04-10 06:40:37] [info] [RID:6229d781442ed8a1] API routing detected | {"version":"v1","route":"/public/ads","is_versioned":true,"request_id":"6229d781442ed8a1","memory_mb":2,"timestamp":"2026-04-10 06:40:37"}
[2026-04-10 06:40:37] [info] [RID:6229d781442ed8a1] Session config loaded | {"request_id":"6229d781442ed8a1","memory_mb":2,"timestamp":"2026-04-10 06:40:37"}
[2026-04-10 06:40:37] [info] [RID:6229d781442ed8a1] RedisHelper loaded | {"request_id":"6229d781442ed8a1","memory_mb":2,"timestamp":"2026-04-10 06:40:37"}
[2026-04-10 06:40:37] [info] [RID:6229d781442ed8a1] RequestContext class loaded | {"request_id":"6229d781442ed8a1","memory_mb":2,"timestamp":"2026-04-10 06:40:37"}
[2026-04-10 06:40:37] [info] [RID:6229d781442ed8a1] Database connection established | {"request_id":"6229d781442ed8a1","memory_mb":2,"timestamp":"2026-04-10 06:40:37"}
[2026-04-10 06:40:37] [info] [RID:6229d781442ed8a1] CacheManager initialized | {"request_id":"6229d781442ed8a1","memory_mb":2,"timestamp":"2026-04-10 06:40:37"}
[2026-04-10 06:40:37] [info] [RID:6229d781442ed8a1] RequestContext created | {"request_id":"6229d781442ed8a1","user_id":null,"tenant_id":1,"roles_count":0,"permissions_count":0,"memory_mb":2,"timestamp":"2026-04-10 06:40:37"}
[2026-04-10 06:40:37] [info] [RID:6229d781442ed8a1] Redis extension not loaded - Redis disabled | {"request_id":"6229d781442ed8a1","memory_mb":2,"timestamp":"2026-04-10 06:40:37"}
[2026-04-10 06:40:37] [warning] [RID:6229d781442ed8a1] Rate limiting failed | {"error":"Redis unavailable","request_id":"6229d781442ed8a1","memory_mb":2,"timestamp":"2026-04-10 06:40:37"}
[2026-04-10 06:40:37] [info] [RID:6229d781442ed8a1] Bootstrap completed successfully | {"memory_usage_mb":2,"peak_memory_mb":2,"auth_method":"none","user_id":null,"tenant_id":1,"api_version":"v1","api_route":"/public/ads","request_context":"loaded","cache_enabled":true,"redis_enabled":false,"database_connected":true,"execution_time_ms":5.6,"request_id":"6229d781442ed8a1","memory_mb":2,"timestamp":"2026-04-10 06:40:37"}
[2026-04-10 06:40:37] [info] [RID:0f2847869119a12a] Advanced Logger initialized successfully | {"request_id":"0f2847869119a12a","memory_mb":2,"timestamp":"2026-04-10 06:40:37"}
[2026-04-10 06:40:37] [info] [RID:0f2847869119a12a] Bootstrap initializing | {"env":"production","request_id":"0f2847869119a12a","memory_mb":2,"timestamp":"2026-04-10 06:40:37"}
[2026-04-10 06:40:37] [info] [RID:0f2847869119a12a] API routing detected | {"version":"v1","route":"/public/categories","is_versioned":true,"request_id":"0f2847869119a12a","memory_mb":2,"timestamp":"2026-04-10 06:40:37"}
[2026-04-10 06:40:37] [info] [RID:0f2847869119a12a] Session config loaded | {"request_id":"0f2847869119a12a","memory_mb":2,"timestamp":"2026-04-10 06:40:37"}
[2026-04-10 06:40:37] [info] [RID:0f2847869119a12a] RedisHelper loaded | {"request_id":"0f2847869119a12a","memory_mb":2,"timestamp":"2026-04-10 06:40:37"}
[2026-04-10 06:40:37] [info] [RID:0f2847869119a12a] RequestContext class loaded | {"request_id":"0f2847869119a12a","memory_mb":2,"timestamp":"2026-04-10 06:40:37"}
[2026-04-10 06:40:37] [info] [RID:0f2847869119a12a] Database connection established | {"request_id":"0f2847869119a12a","memory_mb":2,"timestamp":"2026-04-10 06:40:37"}
[2026-04-10 06:40:37] [info] [RID:0f2847869119a12a] CacheManager initialized | {"request_id":"0f2847869119a12a","memory_mb":2,"timestamp":"2026-04-10 06:40:37"}
[2026-04-10 06:40:37] [info] [RID:0f2847869119a12a] RequestContext created | {"request_id":"0f2847869119a12a","user_id":null,"tenant_id":1,"roles_count":0,"permissions_count":0,"memory_mb":2,"timestamp":"2026-04-10 06:40:37"}
[2026-04-10 06:40:37] [info] [RID:0f2847869119a12a] Redis extension not loaded - Redis disabled | {"request_id":"0f2847869119a12a","memory_mb":2,"timestamp":"2026-04-10 06:40:37"}
[2026-04-10 06:40:37] [warning] [RID:0f2847869119a12a] Rate limiting failed | {"error":"Redis unavailable","request_id":"0f2847869119a12a","memory_mb":2,"timestamp":"2026-04-10 06:40:37"}
[2026-04-10 06:40:37] [info] [RID:0f2847869119a12a] Bootstrap completed successfully | {"memory_usage_mb":2,"peak_memory_mb":2,"auth_method":"none","user_id":null,"tenant_id":1,"api_version":"v1","api_route":"/public/categories","request_context":"loaded","cache_enabled":true,"redis_enabled":false,"database_connected":true,"execution_time_ms":5.1,"request_id":"0f2847869119a12a","memory_mb":2,"timestamp":"2026-04-10 06:40:37"}
[2026-04-10 06:40:37] [info] [RID:b631f1399c644eb1] Advanced Logger initialized successfully | {"request_id":"b631f1399c644eb1","memory_mb":2,"timestamp":"2026-04-10 06:40:37"}
[2026-04-10 06:40:37] [info] [RID:b631f1399c644eb1] Bootstrap initializing | {"env":"production","request_id":"b631f1399c644eb1","memory_mb":2,"timestamp":"2026-04-10 06:40:37"}
[2026-04-10 06:40:37] [info] [RID:b631f1399c644eb1] API routing detected | {"version":"v1","route":"/public/discounts","is_versioned":true,"request_id":"b631f1399c644eb1","memory_mb":2,"timestamp":"2026-04-10 06:40:37"}
[2026-04-10 06:40:37] [info] [RID:b631f1399c644eb1] Session config loaded | {"request_id":"b631f1399c644eb1","memory_mb":2,"timestamp":"2026-04-10 06:40:37"}
[2026-04-10 06:40:37] [info] [RID:b631f1399c644eb1] RedisHelper loaded | {"request_id":"b631f1399c644eb1","memory_mb":2,"timestamp":"2026-04-10 06:40:37"}
[2026-04-10 06:40:37] [info] [RID:b631f1399c644eb1] RequestContext class loaded | {"request_id":"b631f1399c644eb1","memory_mb":2,"timestamp":"2026-04-10 06:40:37"}
[2026-04-10 06:40:37] [info] [RID:b631f1399c644eb1] Database connection established | {"request_id":"b631f1399c644eb1","memory_mb":2,"timestamp":"2026-04-10 06:40:37"}
[2026-04-10 06:40:37] [info] [RID:b631f1399c644eb1] CacheManager initialized | {"request_id":"b631f1399c644eb1","memory_mb":2,"timestamp":"2026-04-10 06:40:37"}
[2026-04-10 06:40:37] [info] [RID:b631f1399c644eb1] RequestContext created | {"request_id":"b631f1399c644eb1","user_id":null,"tenant_id":1,"roles_count":0,"permissions_count":0,"memory_mb":2,"timestamp":"2026-04-10 06:40:37"}
[2026-04-10 06:40:37] [info] [RID:b631f1399c644eb1] Redis extension not loaded - Redis disabled | {"request_id":"b631f1399c644eb1","memory_mb":2,"timestamp":"2026-04-10 06:40:37"}
[2026-04-10 06:40:37] [warning] [RID:b631f1399c644eb1] Rate limiting failed | {"error":"Redis unavailable","request_id":"b631f1399c644eb1","memory_mb":2,"timestamp":"2026-04-10 06:40:37"}
[2026-04-10 06:40:37] [info] [RID:b631f1399c644eb1] Bootstrap completed successfully | {"memory_usage_mb":2,"peak_memory_mb":2,"auth_method":"none","user_id":null,"tenant_id":1,"api_version":"v1","api_route":"/public/discounts","request_context":"loaded","cache_enabled":true,"redis_enabled":false,"database_connected":true,"execution_time_ms":5.7,"request_id":"b631f1399c644eb1","memory_mb":2,"timestamp":"2026-04-10 06:40:37"}
[2026-04-10 06:40:37] [info] [RID:3f66c4969724191c] Advanced Logger initialized successfully | {"request_id":"3f66c4969724191c","memory_mb":2,"timestamp":"2026-04-10 06:40:37"}
[2026-04-10 06:40:37] [info] [RID:3f66c4969724191c] Bootstrap initializing | {"env":"production","request_id":"3f66c4969724191c","memory_mb":2,"timestamp":"2026-04-10 06:40:37"}
[2026-04-10 06:40:37] [info] [RID:3f66c4969724191c] API routing detected | {"version":"v1","route":"/public/products","is_versioned":true,"request_id":"3f66c4969724191c","memory_mb":2,"timestamp":"2026-04-10 06:40:37"}
[2026-04-10 06:40:37] [info] [RID:3f66c4969724191c] Session config loaded | {"request_id":"3f66c4969724191c","memory_mb":2,"timestamp":"2026-04-10 06:40:37"}
[2026-04-10 06:40:37] [info] [RID:3f66c4969724191c] RedisHelper loaded | {"request_id":"3f66c4969724191c","memory_mb":2,"timestamp":"2026-04-10 06:40:37"}
[2026-04-10 06:40:37] [info] [RID:3f66c4969724191c] RequestContext class loaded | {"request_id":"3f66c4969724191c","memory_mb":2,"timestamp":"2026-04-10 06:40:37"}
[2026-04-10 06:40:37] [info] [RID:3f66c4969724191c] Database connection established | {"request_id":"3f66c4969724191c","memory_mb":2,"timestamp":"2026-04-10 06:40:37"}
[2026-04-10 06:40:37] [info] [RID:3f66c4969724191c] CacheManager initialized | {"request_id":"3f66c4969724191c","memory_mb":2,"timestamp":"2026-04-10 06:40:37"}
[2026-04-10 06:40:37] [info] [RID:3f66c4969724191c] RequestContext created | {"request_id":"3f66c4969724191c","user_id":null,"tenant_id":1,"roles_count":0,"permissions_count":0,"memory_mb":2,"timestamp":"2026-04-10 06:40:37"}
[2026-04-10 06:40:37] [info] [RID:3f66c4969724191c] Redis extension not loaded - Redis disabled | {"request_id":"3f66c4969724191c","memory_mb":2,"timestamp":"2026-04-10 06:40:37"}
[2026-04-10 06:40:37] [warning] [RID:3f66c4969724191c] Rate limiting failed | {"error":"Redis unavailable","request_id":"3f66c4969724191c","memory_mb":2,"timestamp":"2026-04-10 06:40:37"}
[2026-04-10 06:40:37] [info] [RID:3f66c4969724191c] Bootstrap completed successfully | {"memory_usage_mb":2,"peak_memory_mb":2,"auth_method":"none","user_id":null,"tenant_id":1,"api_version":"v1","api_route":"/public/products","request_context":"loaded","cache_enabled":true,"redis_enabled":false,"database_connected":true,"execution_time_ms":6.1,"request_id":"3f66c4969724191c","memory_mb":2,"timestamp":"2026-04-10 06:40:37"}
[2026-04-10 06:40:37] [info] [RID:996b45eba1d393b9] Advanced Logger initialized successfully | {"request_id":"996b45eba1d393b9","memory_mb":2,"timestamp":"2026-04-10 06:40:37"}
[2026-04-10 06:40:37] [info] [RID:996b45eba1d393b9] Bootstrap initializing | {"env":"production","request_id":"996b45eba1d393b9","memory_mb":2,"timestamp":"2026-04-10 06:40:37"}
[2026-04-10 06:40:37] [info] [RID:996b45eba1d393b9] API routing detected | {"version":"v1","route":"/public/products","is_versioned":true,"request_id":"996b45eba1d393b9","memory_mb":2,"timestamp":"2026-04-10 06:40:37"}
[2026-04-10 06:40:37] [info] [RID:996b45eba1d393b9] Session config loaded | {"request_id":"996b45eba1d393b9","memory_mb":2,"timestamp":"2026-04-10 06:40:37"}
[2026-04-10 06:40:37] [info] [RID:996b45eba1d393b9] RedisHelper loaded | {"request_id":"996b45eba1d393b9","memory_mb":2,"timestamp":"2026-04-10 06:40:37"}
[2026-04-10 06:40:37] [info] [RID:996b45eba1d393b9] RequestContext class loaded | {"request_id":"996b45eba1d393b9","memory_mb":2,"timestamp":"2026-04-10 06:40:37"}
[2026-04-10 06:40:37] [info] [RID:996b45eba1d393b9] Database connection established | {"request_id":"996b45eba1d393b9","memory_mb":2,"timestamp":"2026-04-10 06:40:37"}
[2026-04-10 06:40:37] [info] [RID:996b45eba1d393b9] CacheManager initialized | {"request_id":"996b45eba1d393b9","memory_mb":2,"timestamp":"2026-04-10 06:40:37"}
[2026-04-10 06:40:37] [info] [RID:996b45eba1d393b9] RequestContext created | {"request_id":"996b45eba1d393b9","user_id":null,"tenant_id":1,"roles_count":0,"permissions_count":0,"memory_mb":2,"timestamp":"2026-04-10 06:40:37"}
[2026-04-10 06:40:37] [info] [RID:996b45eba1d393b9] Redis extension not loaded - Redis disabled | {"request_id":"996b45eba1d393b9","memory_mb":2,"timestamp":"2026-04-10 06:40:37"}
[2026-04-10 06:40:37] [warning] [RID:996b45eba1d393b9] Rate limiting failed | {"error":"Redis unavailable","request_id":"996b45eba1d393b9","memory_mb":2,"timestamp":"2026-04-10 06:40:37"}
[2026-04-10 06:40:37] [info] [RID:996b45eba1d393b9] Bootstrap completed successfully | {"memory_usage_mb":2,"peak_memory_mb":2,"auth_method":"none","user_id":null,"tenant_id":1,"api_version":"v1","api_route":"/public/products","request_context":"loaded","cache_enabled":true,"redis_enabled":false,"database_connected":true,"execution_time_ms":4.9,"request_id":"996b45eba1d393b9","memory_mb":2,"timestamp":"2026-04-10 06:40:37"}
[2026-04-10 06:40:37] [info] [RID:6ea8c9a7b5d7c82c] Advanced Logger initialized successfully | {"request_id":"6ea8c9a7b5d7c82c","memory_mb":2,"timestamp":"2026-04-10 06:40:37"}
[2026-04-10 06:40:37] [info] [RID:6ea8c9a7b5d7c82c] Bootstrap initializing | {"env":"production","request_id":"6ea8c9a7b5d7c82c","memory_mb":2,"timestamp":"2026-04-10 06:40:37"}
[2026-04-10 06:40:37] [info] [RID:6ea8c9a7b5d7c82c] API routing detected | {"version":"v1","route":"/public/entities","is_versioned":true,"request_id":"6ea8c9a7b5d7c82c","memory_mb":2,"timestamp":"2026-04-10 06:40:37"}
[2026-04-10 06:40:37] [info] [RID:6ea8c9a7b5d7c82c] Session config loaded | {"request_id":"6ea8c9a7b5d7c82c","memory_mb":2,"timestamp":"2026-04-10 06:40:37"}
[2026-04-10 06:40:37] [info] [RID:6ea8c9a7b5d7c82c] RedisHelper loaded | {"request_id":"6ea8c9a7b5d7c82c","memory_mb":2,"timestamp":"2026-04-10 06:40:37"}
[2026-04-10 06:40:37] [info] [RID:6ea8c9a7b5d7c82c] RequestContext class loaded | {"request_id":"6ea8c9a7b5d7c82c","memory_mb":2,"timestamp":"2026-04-10 06:40:37"}
[2026-04-10 06:40:37] [info] [RID:6ea8c9a7b5d7c82c] Database connection established | {"request_id":"6ea8c9a7b5d7c82c","memory_mb":2,"timestamp":"2026-04-10 06:40:37"}
[2026-04-10 06:40:37] [info] [RID:6ea8c9a7b5d7c82c] CacheManager initialized | {"request_id":"6ea8c9a7b5d7c82c","memory_mb":2,"timestamp":"2026-04-10 06:40:37"}
[2026-04-10 06:40:37] [info] [RID:6ea8c9a7b5d7c82c] RequestContext created | {"request_id":"6ea8c9a7b5d7c82c","user_id":null,"tenant_id":1,"roles_count":0,"permissions_count":0,"memory_mb":2,"timestamp":"2026-04-10 06:40:37"}
[2026-04-10 06:40:37] [info] [RID:6ea8c9a7b5d7c82c] Redis extension not loaded - Redis disabled | {"request_id":"6ea8c9a7b5d7c82c","memory_mb":2,"timestamp":"2026-04-10 06:40:37"}
[2026-04-10 06:40:37] [warning] [RID:6ea8c9a7b5d7c82c] Rate limiting failed | {"error":"Redis unavailable","request_id":"6ea8c9a7b5d7c82c","memory_mb":2,"timestamp":"2026-04-10 06:40:37"}
[2026-04-10 06:40:37] [info] [RID:6ea8c9a7b5d7c82c] Bootstrap completed successfully | {"memory_usage_mb":2,"peak_memory_mb":2,"auth_method":"none","user_id":null,"tenant_id":1,"api_version":"v1","api_route":"/public/entities","request_context":"loaded","cache_enabled":true,"redis_enabled":false,"database_connected":true,"execution_time_ms":4.8,"request_id":"6ea8c9a7b5d7c82c","memory_mb":2,"timestamp":"2026-04-10 06:40:37"}
[2026-04-10 06:40:37] [info] [RID:23f97987c2b6a805] Advanced Logger initialized successfully | {"request_id":"23f97987c2b6a805","memory_mb":2,"timestamp":"2026-04-10 06:40:37"}
[2026-04-10 06:40:37] [info] [RID:23f97987c2b6a805] Bootstrap initializing | {"env":"production","request_id":"23f97987c2b6a805","memory_mb":2,"timestamp":"2026-04-10 06:40:37"}
[2026-04-10 06:40:37] [info] [RID:23f97987c2b6a805] API routing detected | {"version":"v1","route":"/public/brands","is_versioned":true,"request_id":"23f97987c2b6a805","memory_mb":2,"timestamp":"2026-04-10 06:40:37"}
[2026-04-10 06:40:37] [info] [RID:23f97987c2b6a805] Session config loaded | {"request_id":"23f97987c2b6a805","memory_mb":2,"timestamp":"2026-04-10 06:40:37"}
[2026-04-10 06:40:37] [info] [RID:23f97987c2b6a805] RedisHelper loaded | {"request_id":"23f97987c2b6a805","memory_mb":2,"timestamp":"2026-04-10 06:40:37"}
[2026-04-10 06:40:37] [info] [RID:23f97987c2b6a805] RequestContext class loaded | {"request_id":"23f97987c2b6a805","memory_mb":2,"timestamp":"2026-04-10 06:40:37"}
[2026-04-10 06:40:37] [info] [RID:23f97987c2b6a805] Database connection established | {"request_id":"23f97987c2b6a805","memory_mb":2,"timestamp":"2026-04-10 06:40:37"}
[2026-04-10 06:40:37] [info] [RID:23f97987c2b6a805] CacheManager initialized | {"request_id":"23f97987c2b6a805","memory_mb":2,"timestamp":"2026-04-10 06:40:37"}
[2026-04-10 06:40:37] [info] [RID:23f97987c2b6a805] RequestContext created | {"request_id":"23f97987c2b6a805","user_id":null,"tenant_id":1,"roles_count":0,"permissions_count":0,"memory_mb":2,"timestamp":"2026-04-10 06:40:37"}
[2026-04-10 06:40:37] [info] [RID:23f97987c2b6a805] Redis extension not loaded - Redis disabled | {"request_id":"23f97987c2b6a805","memory_mb":2,"timestamp":"2026-04-10 06:40:37"}
[2026-04-10 06:40:37] [warning] [RID:23f97987c2b6a805] Rate limiting failed | {"error":"Redis unavailable","request_id":"23f97987c2b6a805","memory_mb":2,"timestamp":"2026-04-10 06:40:37"}
[2026-04-10 06:40:37] [info] [RID:23f97987c2b6a805] Bootstrap completed successfully | {"memory_usage_mb":2,"peak_memory_mb":2,"auth_method":"none","user_id":null,"tenant_id":1,"api_version":"v1","api_route":"/public/brands","request_context":"loaded","cache_enabled":true,"redis_enabled":false,"database_connected":true,"execution_time_ms":6.6,"request_id":"23f97987c2b6a805","memory_mb":2,"timestamp":"2026-04-10 06:40:37"}
[2026-04-10 06:40:37] [info] [RID:431aaa7a5d680d24] Advanced Logger initialized successfully | {"request_id":"431aaa7a5d680d24","memory_mb":2,"timestamp":"2026-04-10 06:40:37"}
[2026-04-10 06:40:37] [info] [RID:431aaa7a5d680d24] Bootstrap initializing | {"env":"production","request_id":"431aaa7a5d680d24","memory_mb":2,"timestamp":"2026-04-10 06:40:37"}
[2026-04-10 06:40:37] [info] [RID:431aaa7a5d680d24] API routing detected | {"version":"v1","route":"/public/auctions","is_versioned":true,"request_id":"431aaa7a5d680d24","memory_mb":2,"timestamp":"2026-04-10 06:40:37"}
[2026-04-10 06:40:37] [info] [RID:431aaa7a5d680d24] Session config loaded | {"request_id":"431aaa7a5d680d24","memory_mb":2,"timestamp":"2026-04-10 06:40:37"}
[2026-04-10 06:40:37] [info] [RID:431aaa7a5d680d24] RedisHelper loaded | {"request_id":"431aaa7a5d680d24","memory_mb":2,"timestamp":"2026-04-10 06:40:37"}
[2026-04-10 06:40:37] [info] [RID:431aaa7a5d680d24] RequestContext class loaded | {"request_id":"431aaa7a5d680d24","memory_mb":2,"timestamp":"2026-04-10 06:40:37"}
[2026-04-10 06:40:37] [info] [RID:431aaa7a5d680d24] Database connection established | {"request_id":"431aaa7a5d680d24","memory_mb":2,"timestamp":"2026-04-10 06:40:37"}
[2026-04-10 06:40:37] [info] [RID:431aaa7a5d680d24] CacheManager initialized | {"request_id":"431aaa7a5d680d24","memory_mb":2,"timestamp":"2026-04-10 06:40:37"}
[2026-04-10 06:40:37] [info] [RID:431aaa7a5d680d24] RequestContext created | {"request_id":"431aaa7a5d680d24","user_id":null,"tenant_id":1,"roles_count":0,"permissions_count":0,"memory_mb":2,"timestamp":"2026-04-10 06:40:37"}
[2026-04-10 06:40:37] [info] [RID:431aaa7a5d680d24] Redis extension not loaded - Redis disabled | {"request_id":"431aaa7a5d680d24","memory_mb":2,"timestamp":"2026-04-10 06:40:37"}
[2026-04-10 06:40:37] [warning] [RID:431aaa7a5d680d24] Rate limiting failed | {"error":"Redis unavailable","request_id":"431aaa7a5d680d24","memory_mb":2,"timestamp":"2026-04-10 06:40:37"}
[2026-04-10 06:40:37] [info] [RID:431aaa7a5d680d24] Bootstrap completed successfully | {"memory_usage_mb":2,"peak_memory_mb":2,"auth_method":"none","user_id":null,"tenant_id":1,"api_version":"v1","api_route":"/public/auctions","request_context":"loaded","cache_enabled":true,"redis_enabled":false,"database_connected":true,"execution_time_ms":4.9,"request_id":"431aaa7a5d680d24","memory_mb":2,"timestamp":"2026-04-10 06:40:37"}
[2026-04-10 06:40:37] [info] [RID:c0eb1cb42dcf7e1c] Advanced Logger initialized successfully | {"request_id":"c0eb1cb42dcf7e1c","memory_mb":2,"timestamp":"2026-04-10 06:40:37"}
[2026-04-10 06:40:37] [info] [RID:c0eb1cb42dcf7e1c] Bootstrap initializing | {"env":"production","request_id":"c0eb1cb42dcf7e1c","memory_mb":2,"timestamp":"2026-04-10 06:40:37"}
[2026-04-10 06:40:37] [info] [RID:c0eb1cb42dcf7e1c] API routing detected | {"version":"v1","route":"/public/jobs","is_versioned":true,"request_id":"c0eb1cb42dcf7e1c","memory_mb":2,"timestamp":"2026-04-10 06:40:37"}
[2026-04-10 06:40:37] [info] [RID:c0eb1cb42dcf7e1c] Session config loaded | {"request_id":"c0eb1cb42dcf7e1c","memory_mb":2,"timestamp":"2026-04-10 06:40:37"}
[2026-04-10 06:40:37] [info] [RID:c0eb1cb42dcf7e1c] RedisHelper loaded | {"request_id":"c0eb1cb42dcf7e1c","memory_mb":2,"timestamp":"2026-04-10 06:40:37"}
[2026-04-10 06:40:37] [info] [RID:c0eb1cb42dcf7e1c] RequestContext class loaded | {"request_id":"c0eb1cb42dcf7e1c","memory_mb":2,"timestamp":"2026-04-10 06:40:37"}
[2026-04-10 06:40:37] [info] [RID:c0eb1cb42dcf7e1c] Database connection established | {"request_id":"c0eb1cb42dcf7e1c","memory_mb":2,"timestamp":"2026-04-10 06:40:37"}
[2026-04-10 06:40:37] [info] [RID:c0eb1cb42dcf7e1c] CacheManager initialized | {"request_id":"c0eb1cb42dcf7e1c","memory_mb":2,"timestamp":"2026-04-10 06:40:37"}
[2026-04-10 06:40:37] [info] [RID:c0eb1cb42dcf7e1c] RequestContext created | {"request_id":"c0eb1cb42dcf7e1c","user_id":null,"tenant_id":1,"roles_count":0,"permissions_count":0,"memory_mb":2,"timestamp":"2026-04-10 06:40:37"}
[2026-04-10 06:40:37] [info] [RID:c0eb1cb42dcf7e1c] Redis extension not loaded - Redis disabled | {"request_id":"c0eb1cb42dcf7e1c","memory_mb":2,"timestamp":"2026-04-10 06:40:37"}
[2026-04-10 06:40:37] [warning] [RID:c0eb1cb42dcf7e1c] Rate limiting failed | {"error":"Redis unavailable","request_id":"c0eb1cb42dcf7e1c","memory_mb":2,"timestamp":"2026-04-10 06:40:37"}
[2026-04-10 06:40:37] [info] [RID:c0eb1cb42dcf7e1c] Bootstrap completed successfully | {"memory_usage_mb":2,"peak_memory_mb":2,"auth_method":"none","user_id":null,"tenant_id":1,"api_version":"v1","api_route":"/public/jobs","request_context":"loaded","cache_enabled":true,"redis_enabled":false,"database_connected":true,"execution_time_ms":5.1,"request_id":"c0eb1cb42dcf7e1c","memory_mb":2,"timestamp":"2026-04-10 06:40:37"}
[2026-04-10 06:43:29] [info] [RID:86c067996b32160a] Advanced Logger initialized successfully | {"request_id":"86c067996b32160a","memory_mb":2,"timestamp":"2026-04-10 06:43:29"}
[2026-04-10 06:43:29] [info] [RID:86c067996b32160a] Bootstrap initializing | {"env":"production","request_id":"86c067996b32160a","memory_mb":2,"timestamp":"2026-04-10 06:43:29"}
[2026-04-10 06:43:29] [info] [RID:86c067996b32160a] API routing detected | {"version":"v1","route":"/auth","is_versioned":true,"request_id":"86c067996b32160a","memory_mb":2,"timestamp":"2026-04-10 06:43:29"}
[2026-04-10 06:43:29] [info] [RID:86c067996b32160a] Session config loaded | {"request_id":"86c067996b32160a","memory_mb":2,"timestamp":"2026-04-10 06:43:29"}
[2026-04-10 06:43:29] [info] [RID:86c067996b32160a] RedisHelper loaded | {"request_id":"86c067996b32160a","memory_mb":2,"timestamp":"2026-04-10 06:43:29"}
[2026-04-10 06:43:29] [info] [RID:86c067996b32160a] RequestContext class loaded | {"request_id":"86c067996b32160a","memory_mb":2,"timestamp":"2026-04-10 06:43:29"}
[2026-04-10 06:43:29] [info] [RID:86c067996b32160a] Database connection established | {"request_id":"86c067996b32160a","memory_mb":2,"timestamp":"2026-04-10 06:43:29"}
[2026-04-10 06:43:29] [info] [RID:86c067996b32160a] CacheManager initialized | {"request_id":"86c067996b32160a","memory_mb":2,"timestamp":"2026-04-10 06:43:29"}
[2026-04-10 06:43:29] [info] [RID:86c067996b32160a] RequestContext created | {"request_id":"86c067996b32160a","user_id":null,"tenant_id":1,"roles_count":0,"permissions_count":0,"memory_mb":2,"timestamp":"2026-04-10 06:43:29"}
[2026-04-10 06:43:29] [info] [RID:86c067996b32160a] Redis extension not loaded - Redis disabled | {"request_id":"86c067996b32160a","memory_mb":2,"timestamp":"2026-04-10 06:43:29"}
[2026-04-10 06:43:29] [warning] [RID:86c067996b32160a] Rate limiting failed | {"error":"Redis unavailable","request_id":"86c067996b32160a","memory_mb":2,"timestamp":"2026-04-10 06:43:29"}
[2026-04-10 06:43:29] [info] [RID:86c067996b32160a] Bootstrap completed successfully | {"memory_usage_mb":2,"peak_memory_mb":2,"auth_method":"none","user_id":null,"tenant_id":1,"api_version":"v1","api_route":"/auth","request_context":"loaded","cache_enabled":true,"redis_enabled":false,"database_connected":true,"execution_time_ms":17.8,"request_id":"86c067996b32160a","memory_mb":2,"timestamp":"2026-04-10 06:43:29"}
[2026-04-10 06:43:30] [info] [RID:dc0b5b09968a4499] Advanced Logger initialized successfully | {"request_id":"dc0b5b09968a4499","memory_mb":2,"timestamp":"2026-04-10 06:43:30"}
[2026-04-10 06:43:30] [info] [RID:dc0b5b09968a4499] Bootstrap initializing | {"env":"production","request_id":"dc0b5b09968a4499","memory_mb":2,"timestamp":"2026-04-10 06:43:30"}
[2026-04-10 06:43:30] [info] [RID:dc0b5b09968a4499] API routing detected | {"version":"v1","route":"/public/homepage_sections","is_versioned":true,"request_id":"dc0b5b09968a4499","memory_mb":2,"timestamp":"2026-04-10 06:43:30"}
[2026-04-10 06:43:30] [info] [RID:dc0b5b09968a4499] Session config loaded | {"request_id":"dc0b5b09968a4499","memory_mb":2,"timestamp":"2026-04-10 06:43:30"}
[2026-04-10 06:43:30] [info] [RID:dc0b5b09968a4499] RedisHelper loaded | {"request_id":"dc0b5b09968a4499","memory_mb":2,"timestamp":"2026-04-10 06:43:30"}
[2026-04-10 06:43:30] [info] [RID:dc0b5b09968a4499] RequestContext class loaded | {"request_id":"dc0b5b09968a4499","memory_mb":2,"timestamp":"2026-04-10 06:43:30"}
[2026-04-10 06:43:30] [info] [RID:dc0b5b09968a4499] Database connection established | {"request_id":"dc0b5b09968a4499","memory_mb":2,"timestamp":"2026-04-10 06:43:30"}
[2026-04-10 06:43:30] [info] [RID:dc0b5b09968a4499] CacheManager initialized | {"request_id":"dc0b5b09968a4499","memory_mb":2,"timestamp":"2026-04-10 06:43:30"}
[2026-04-10 06:43:30] [info] [RID:dc0b5b09968a4499] RequestContext created | {"request_id":"dc0b5b09968a4499","user_id":null,"tenant_id":1,"roles_count":0,"permissions_count":0,"memory_mb":2,"timestamp":"2026-04-10 06:43:30"}
[2026-04-10 06:43:30] [info] [RID:dc0b5b09968a4499] Redis extension not loaded - Redis disabled | {"request_id":"dc0b5b09968a4499","memory_mb":2,"timestamp":"2026-04-10 06:43:30"}
[2026-04-10 06:43:30] [warning] [RID:dc0b5b09968a4499] Rate limiting failed | {"error":"Redis unavailable","request_id":"dc0b5b09968a4499","memory_mb":2,"timestamp":"2026-04-10 06:43:30"}
[2026-04-10 06:43:30] [info] [RID:dc0b5b09968a4499] Bootstrap completed successfully | {"memory_usage_mb":2,"peak_memory_mb":2,"auth_method":"none","user_id":null,"tenant_id":1,"api_version":"v1","api_route":"/public/homepage_sections","request_context":"loaded","cache_enabled":true,"redis_enabled":false,"database_connected":true,"execution_time_ms":6.8,"request_id":"dc0b5b09968a4499","memory_mb":2,"timestamp":"2026-04-10 06:43:30"}
[2026-04-10 06:43:30] [info] [RID:9d21b90af39e7285] Advanced Logger initialized successfully | {"request_id":"9d21b90af39e7285","memory_mb":2,"timestamp":"2026-04-10 06:43:30"}
[2026-04-10 06:43:30] [info] [RID:9d21b90af39e7285] Bootstrap initializing | {"env":"production","request_id":"9d21b90af39e7285","memory_mb":2,"timestamp":"2026-04-10 06:43:30"}
[2026-04-10 06:43:30] [info] [RID:9d21b90af39e7285] API routing detected | {"version":"v1","route":"/public/ads","is_versioned":true,"request_id":"9d21b90af39e7285","memory_mb":2,"timestamp":"2026-04-10 06:43:30"}
[2026-04-10 06:43:30] [info] [RID:9d21b90af39e7285] Session config loaded | {"request_id":"9d21b90af39e7285","memory_mb":2,"timestamp":"2026-04-10 06:43:30"}
[2026-04-10 06:43:30] [info] [RID:9d21b90af39e7285] RedisHelper loaded | {"request_id":"9d21b90af39e7285","memory_mb":2,"timestamp":"2026-04-10 06:43:30"}
[2026-04-10 06:43:30] [info] [RID:9d21b90af39e7285] RequestContext class loaded | {"request_id":"9d21b90af39e7285","memory_mb":2,"timestamp":"2026-04-10 06:43:30"}
[2026-04-10 06:43:30] [info] [RID:9d21b90af39e7285] Database connection established | {"request_id":"9d21b90af39e7285","memory_mb":2,"timestamp":"2026-04-10 06:43:30"}
[2026-04-10 06:43:30] [info] [RID:9d21b90af39e7285] CacheManager initialized | {"request_id":"9d21b90af39e7285","memory_mb":2,"timestamp":"2026-04-10 06:43:30"}
[2026-04-10 06:43:30] [info] [RID:9d21b90af39e7285] RequestContext created | {"request_id":"9d21b90af39e7285","user_id":null,"tenant_id":1,"roles_count":0,"permissions_count":0,"memory_mb":2,"timestamp":"2026-04-10 06:43:30"}
[2026-04-10 06:43:30] [info] [RID:9d21b90af39e7285] Redis extension not loaded - Redis disabled | {"request_id":"9d21b90af39e7285","memory_mb":2,"timestamp":"2026-04-10 06:43:30"}
[2026-04-10 06:43:30] [warning] [RID:9d21b90af39e7285] Rate limiting failed | {"error":"Redis unavailable","request_id":"9d21b90af39e7285","memory_mb":2,"timestamp":"2026-04-10 06:43:30"}
[2026-04-10 06:43:30] [info] [RID:9d21b90af39e7285] Bootstrap completed successfully | {"memory_usage_mb":2,"peak_memory_mb":2,"auth_method":"none","user_id":null,"tenant_id":1,"api_version":"v1","api_route":"/public/ads","request_context":"loaded","cache_enabled":true,"redis_enabled":false,"database_connected":true,"execution_time_ms":6.2,"request_id":"9d21b90af39e7285","memory_mb":2,"timestamp":"2026-04-10 06:43:30"}
[2026-04-10 06:43:30] [info] [RID:6be03cde319f56ac] Advanced Logger initialized successfully | {"request_id":"6be03cde319f56ac","memory_mb":2,"timestamp":"2026-04-10 06:43:30"}
[2026-04-10 06:43:30] [info] [RID:6be03cde319f56ac] Bootstrap initializing | {"env":"production","request_id":"6be03cde319f56ac","memory_mb":2,"timestamp":"2026-04-10 06:43:30"}
[2026-04-10 06:43:30] [info] [RID:6be03cde319f56ac] API routing detected | {"version":"v1","route":"/public/categories","is_versioned":true,"request_id":"6be03cde319f56ac","memory_mb":2,"timestamp":"2026-04-10 06:43:30"}
[2026-04-10 06:43:30] [info] [RID:6be03cde319f56ac] Session config loaded | {"request_id":"6be03cde319f56ac","memory_mb":2,"timestamp":"2026-04-10 06:43:30"}
[2026-04-10 06:43:30] [info] [RID:6be03cde319f56ac] RedisHelper loaded | {"request_id":"6be03cde319f56ac","memory_mb":2,"timestamp":"2026-04-10 06:43:30"}
[2026-04-10 06:43:30] [info] [RID:6be03cde319f56ac] RequestContext class loaded | {"request_id":"6be03cde319f56ac","memory_mb":2,"timestamp":"2026-04-10 06:43:30"}
[2026-04-10 06:43:30] [info] [RID:6be03cde319f56ac] Database connection established | {"request_id":"6be03cde319f56ac","memory_mb":2,"timestamp":"2026-04-10 06:43:30"}
[2026-04-10 06:43:30] [info] [RID:6be03cde319f56ac] CacheManager initialized | {"request_id":"6be03cde319f56ac","memory_mb":2,"timestamp":"2026-04-10 06:43:30"}
[2026-04-10 06:43:30] [info] [RID:6be03cde319f56ac] RequestContext created | {"request_id":"6be03cde319f56ac","user_id":null,"tenant_id":1,"roles_count":0,"permissions_count":0,"memory_mb":2,"timestamp":"2026-04-10 06:43:30"}
[2026-04-10 06:43:30] [info] [RID:6be03cde319f56ac] Redis extension not loaded - Redis disabled | {"request_id":"6be03cde319f56ac","memory_mb":2,"timestamp":"2026-04-10 06:43:30"}
[2026-04-10 06:43:30] [warning] [RID:6be03cde319f56ac] Rate limiting failed | {"error":"Redis unavailable","request_id":"6be03cde319f56ac","memory_mb":2,"timestamp":"2026-04-10 06:43:30"}
[2026-04-10 06:43:30] [info] [RID:6be03cde319f56ac] Bootstrap completed successfully | {"memory_usage_mb":2,"peak_memory_mb":2,"auth_method":"none","user_id":null,"tenant_id":1,"api_version":"v1","api_route":"/public/categories","request_context":"loaded","cache_enabled":true,"redis_enabled":false,"database_connected":true,"execution_time_ms":5.2,"request_id":"6be03cde319f56ac","memory_mb":2,"timestamp":"2026-04-10 06:43:30"}
[2026-04-10 06:43:30] [info] [RID:6f6cd53f90cbc529] Advanced Logger initialized successfully | {"request_id":"6f6cd53f90cbc529","memory_mb":2,"timestamp":"2026-04-10 06:43:30"}
[2026-04-10 06:43:30] [info] [RID:6f6cd53f90cbc529] Bootstrap initializing | {"env":"production","request_id":"6f6cd53f90cbc529","memory_mb":2,"timestamp":"2026-04-10 06:43:30"}
[2026-04-10 06:43:30] [info] [RID:6f6cd53f90cbc529] API routing detected | {"version":"v1","route":"/public/discounts","is_versioned":true,"request_id":"6f6cd53f90cbc529","memory_mb":2,"timestamp":"2026-04-10 06:43:30"}
[2026-04-10 06:43:30] [info] [RID:6f6cd53f90cbc529] Session config loaded | {"request_id":"6f6cd53f90cbc529","memory_mb":2,"timestamp":"2026-04-10 06:43:30"}
[2026-04-10 06:43:30] [info] [RID:6f6cd53f90cbc529] RedisHelper loaded | {"request_id":"6f6cd53f90cbc529","memory_mb":2,"timestamp":"2026-04-10 06:43:30"}
[2026-04-10 06:43:30] [info] [RID:6f6cd53f90cbc529] RequestContext class loaded | {"request_id":"6f6cd53f90cbc529","memory_mb":2,"timestamp":"2026-04-10 06:43:30"}
[2026-04-10 06:43:30] [info] [RID:6f6cd53f90cbc529] Database connection established | {"request_id":"6f6cd53f90cbc529","memory_mb":2,"timestamp":"2026-04-10 06:43:30"}
[2026-04-10 06:43:30] [info] [RID:6f6cd53f90cbc529] CacheManager initialized | {"request_id":"6f6cd53f90cbc529","memory_mb":2,"timestamp":"2026-04-10 06:43:30"}
[2026-04-10 06:43:30] [info] [RID:6f6cd53f90cbc529] RequestContext created | {"request_id":"6f6cd53f90cbc529","user_id":null,"tenant_id":1,"roles_count":0,"permissions_count":0,"memory_mb":2,"timestamp":"2026-04-10 06:43:30"}
[2026-04-10 06:43:30] [info] [RID:6f6cd53f90cbc529] Redis extension not loaded - Redis disabled | {"request_id":"6f6cd53f90cbc529","memory_mb":2,"timestamp":"2026-04-10 06:43:30"}
[2026-04-10 06:43:30] [warning] [RID:6f6cd53f90cbc529] Rate limiting failed | {"error":"Redis unavailable","request_id":"6f6cd53f90cbc529","memory_mb":2,"timestamp":"2026-04-10 06:43:30"}
[2026-04-10 06:43:30] [info] [RID:6f6cd53f90cbc529] Bootstrap completed successfully | {"memory_usage_mb":2,"peak_memory_mb":2,"auth_method":"none","user_id":null,"tenant_id":1,"api_version":"v1","api_route":"/public/discounts","request_context":"loaded","cache_enabled":true,"redis_enabled":false,"database_connected":true,"execution_time_ms":6.4,"request_id":"6f6cd53f90cbc529","memory_mb":2,"timestamp":"2026-04-10 06:43:30"}
[2026-04-10 06:43:30] [info] [RID:a54f79bda76c54c4] Advanced Logger initialized successfully | {"request_id":"a54f79bda76c54c4","memory_mb":2,"timestamp":"2026-04-10 06:43:30"}
[2026-04-10 06:43:30] [info] [RID:a54f79bda76c54c4] Bootstrap initializing | {"env":"production","request_id":"a54f79bda76c54c4","memory_mb":2,"timestamp":"2026-04-10 06:43:30"}
[2026-04-10 06:43:30] [info] [RID:a54f79bda76c54c4] API routing detected | {"version":"v1","route":"/public/products","is_versioned":true,"request_id":"a54f79bda76c54c4","memory_mb":2,"timestamp":"2026-04-10 06:43:30"}
[2026-04-10 06:43:30] [info] [RID:a54f79bda76c54c4] Session config loaded | {"request_id":"a54f79bda76c54c4","memory_mb":2,"timestamp":"2026-04-10 06:43:30"}
[2026-04-10 06:43:30] [info] [RID:a54f79bda76c54c4] RedisHelper loaded | {"request_id":"a54f79bda76c54c4","memory_mb":2,"timestamp":"2026-04-10 06:43:30"}
[2026-04-10 06:43:30] [info] [RID:a54f79bda76c54c4] RequestContext class loaded | {"request_id":"a54f79bda76c54c4","memory_mb":2,"timestamp":"2026-04-10 06:43:30"}
[2026-04-10 06:43:30] [info] [RID:a54f79bda76c54c4] Database connection established | {"request_id":"a54f79bda76c54c4","memory_mb":2,"timestamp":"2026-04-10 06:43:30"}
[2026-04-10 06:43:30] [info] [RID:a54f79bda76c54c4] CacheManager initialized | {"request_id":"a54f79bda76c54c4","memory_mb":2,"timestamp":"2026-04-10 06:43:30"}
[2026-04-10 06:43:30] [info] [RID:a54f79bda76c54c4] RequestContext created | {"request_id":"a54f79bda76c54c4","user_id":null,"tenant_id":1,"roles_count":0,"permissions_count":0,"memory_mb":2,"timestamp":"2026-04-10 06:43:30"}
[2026-04-10 06:43:30] [info] [RID:a54f79bda76c54c4] Redis extension not loaded - Redis disabled | {"request_id":"a54f79bda76c54c4","memory_mb":2,"timestamp":"2026-04-10 06:43:30"}
[2026-04-10 06:43:30] [warning] [RID:a54f79bda76c54c4] Rate limiting failed | {"error":"Redis unavailable","request_id":"a54f79bda76c54c4","memory_mb":2,"timestamp":"2026-04-10 06:43:30"}
[2026-04-10 06:43:30] [info] [RID:a54f79bda76c54c4] Bootstrap completed successfully | {"memory_usage_mb":2,"peak_memory_mb":2,"auth_method":"none","user_id":null,"tenant_id":1,"api_version":"v1","api_route":"/public/products","request_context":"loaded","cache_enabled":true,"redis_enabled":false,"database_connected":true,"execution_time_ms":5.2,"request_id":"a54f79bda76c54c4","memory_mb":2,"timestamp":"2026-04-10 06:43:30"}
[2026-04-10 06:43:30] [info] [RID:42890e7d419c3d4d] Advanced Logger initialized successfully | {"request_id":"42890e7d419c3d4d","memory_mb":2,"timestamp":"2026-04-10 06:43:30"}
[2026-04-10 06:43:30] [info] [RID:42890e7d419c3d4d] Bootstrap initializing | {"env":"production","request_id":"42890e7d419c3d4d","memory_mb":2,"timestamp":"2026-04-10 06:43:30"}
[2026-04-10 06:43:30] [info] [RID:42890e7d419c3d4d] API routing detected | {"version":"v1","route":"/public/products","is_versioned":true,"request_id":"42890e7d419c3d4d","memory_mb":2,"timestamp":"2026-04-10 06:43:30"}
[2026-04-10 06:43:30] [info] [RID:42890e7d419c3d4d] Session config loaded | {"request_id":"42890e7d419c3d4d","memory_mb":2,"timestamp":"2026-04-10 06:43:30"}
[2026-04-10 06:43:30] [info] [RID:42890e7d419c3d4d] RedisHelper loaded | {"request_id":"42890e7d419c3d4d","memory_mb":2,"timestamp":"2026-04-10 06:43:30"}
[2026-04-10 06:43:30] [info] [RID:42890e7d419c3d4d] RequestContext class loaded | {"request_id":"42890e7d419c3d4d","memory_mb":2,"timestamp":"2026-04-10 06:43:30"}
[2026-04-10 06:43:30] [info] [RID:42890e7d419c3d4d] Database connection established | {"request_id":"42890e7d419c3d4d","memory_mb":2,"timestamp":"2026-04-10 06:43:30"}
[2026-04-10 06:43:30] [info] [RID:42890e7d419c3d4d] CacheManager initialized | {"request_id":"42890e7d419c3d4d","memory_mb":2,"timestamp":"2026-04-10 06:43:30"}
[2026-04-10 06:43:30] [info] [RID:42890e7d419c3d4d] RequestContext created | {"request_id":"42890e7d419c3d4d","user_id":null,"tenant_id":1,"roles_count":0,"permissions_count":0,"memory_mb":2,"timestamp":"2026-04-10 06:43:30"}
[2026-04-10 06:43:30] [info] [RID:42890e7d419c3d4d] Redis extension not loaded - Redis disabled | {"request_id":"42890e7d419c3d4d","memory_mb":2,"timestamp":"2026-04-10 06:43:30"}
[2026-04-10 06:43:30] [warning] [RID:42890e7d419c3d4d] Rate limiting failed | {"error":"Redis unavailable","request_id":"42890e7d419c3d4d","memory_mb":2,"timestamp":"2026-04-10 06:43:30"}
[2026-04-10 06:43:30] [info] [RID:42890e7d419c3d4d] Bootstrap completed successfully | {"memory_usage_mb":2,"peak_memory_mb":2,"auth_method":"none","user_id":null,"tenant_id":1,"api_version":"v1","api_route":"/public/products","request_context":"loaded","cache_enabled":true,"redis_enabled":false,"database_connected":true,"execution_time_ms":4.7,"request_id":"42890e7d419c3d4d","memory_mb":2,"timestamp":"2026-04-10 06:43:30"}
[2026-04-10 06:43:30] [info] [RID:01d64ff8836a21f3] Advanced Logger initialized successfully | {"request_id":"01d64ff8836a21f3","memory_mb":2,"timestamp":"2026-04-10 06:43:30"}
[2026-04-10 06:43:30] [info] [RID:01d64ff8836a21f3] Bootstrap initializing | {"env":"production","request_id":"01d64ff8836a21f3","memory_mb":2,"timestamp":"2026-04-10 06:43:30"}
[2026-04-10 06:43:30] [info] [RID:01d64ff8836a21f3] API routing detected | {"version":"v1","route":"/public/entities","is_versioned":true,"request_id":"01d64ff8836a21f3","memory_mb":2,"timestamp":"2026-04-10 06:43:30"}
[2026-04-10 06:43:30] [info] [RID:01d64ff8836a21f3] Session config loaded | {"request_id":"01d64ff8836a21f3","memory_mb":2,"timestamp":"2026-04-10 06:43:30"}
[2026-04-10 06:43:30] [info] [RID:01d64ff8836a21f3] RedisHelper loaded | {"request_id":"01d64ff8836a21f3","memory_mb":2,"timestamp":"2026-04-10 06:43:30"}
[2026-04-10 06:43:30] [info] [RID:01d64ff8836a21f3] RequestContext class loaded | {"request_id":"01d64ff8836a21f3","memory_mb":2,"timestamp":"2026-04-10 06:43:30"}
[2026-04-10 06:43:30] [info] [RID:01d64ff8836a21f3] Database connection established | {"request_id":"01d64ff8836a21f3","memory_mb":2,"timestamp":"2026-04-10 06:43:30"}
[2026-04-10 06:43:30] [info] [RID:01d64ff8836a21f3] CacheManager initialized | {"request_id":"01d64ff8836a21f3","memory_mb":2,"timestamp":"2026-04-10 06:43:30"}
[2026-04-10 06:43:30] [info] [RID:01d64ff8836a21f3] RequestContext created | {"request_id":"01d64ff8836a21f3","user_id":null,"tenant_id":1,"roles_count":0,"permissions_count":0,"memory_mb":2,"timestamp":"2026-04-10 06:43:30"}
[2026-04-10 06:43:30] [info] [RID:01d64ff8836a21f3] Redis extension not loaded - Redis disabled | {"request_id":"01d64ff8836a21f3","memory_mb":2,"timestamp":"2026-04-10 06:43:30"}
[2026-04-10 06:43:30] [warning] [RID:01d64ff8836a21f3] Rate limiting failed | {"error":"Redis unavailable","request_id":"01d64ff8836a21f3","memory_mb":2,"timestamp":"2026-04-10 06:43:30"}
[2026-04-10 06:43:30] [info] [RID:01d64ff8836a21f3] Bootstrap completed successfully | {"memory_usage_mb":2,"peak_memory_mb":2,"auth_method":"none","user_id":null,"tenant_id":1,"api_version":"v1","api_route":"/public/entities","request_context":"loaded","cache_enabled":true,"redis_enabled":false,"database_connected":true,"execution_time_ms":5.8,"request_id":"01d64ff8836a21f3","memory_mb":2,"timestamp":"2026-04-10 06:43:30"}
[2026-04-10 06:43:30] [info] [RID:0cfc90ca81710288] Advanced Logger initialized successfully | {"request_id":"0cfc90ca81710288","memory_mb":2,"timestamp":"2026-04-10 06:43:30"}
[2026-04-10 06:43:30] [info] [RID:0cfc90ca81710288] Bootstrap initializing | {"env":"production","request_id":"0cfc90ca81710288","memory_mb":2,"timestamp":"2026-04-10 06:43:30"}
[2026-04-10 06:43:30] [info] [RID:0cfc90ca81710288] API routing detected | {"version":"v1","route":"/public/brands","is_versioned":true,"request_id":"0cfc90ca81710288","memory_mb":2,"timestamp":"2026-04-10 06:43:30"}
[2026-04-10 06:43:30] [info] [RID:0cfc90ca81710288] Session config loaded | {"request_id":"0cfc90ca81710288","memory_mb":2,"timestamp":"2026-04-10 06:43:30"}
[2026-04-10 06:43:30] [info] [RID:0cfc90ca81710288] RedisHelper loaded | {"request_id":"0cfc90ca81710288","memory_mb":2,"timestamp":"2026-04-10 06:43:30"}
[2026-04-10 06:43:30] [info] [RID:0cfc90ca81710288] RequestContext class loaded | {"request_id":"0cfc90ca81710288","memory_mb":2,"timestamp":"2026-04-10 06:43:30"}
[2026-04-10 06:43:30] [info] [RID:0cfc90ca81710288] Database connection established | {"request_id":"0cfc90ca81710288","memory_mb":2,"timestamp":"2026-04-10 06:43:30"}
[2026-04-10 06:43:30] [info] [RID:0cfc90ca81710288] CacheManager initialized | {"request_id":"0cfc90ca81710288","memory_mb":2,"timestamp":"2026-04-10 06:43:30"}
[2026-04-10 06:43:30] [info] [RID:0cfc90ca81710288] RequestContext created | {"request_id":"0cfc90ca81710288","user_id":null,"tenant_id":1,"roles_count":0,"permissions_count":0,"memory_mb":2,"timestamp":"2026-04-10 06:43:30"}
[2026-04-10 06:43:30] [info] [RID:0cfc90ca81710288] Redis extension not loaded - Redis disabled | {"request_id":"0cfc90ca81710288","memory_mb":2,"timestamp":"2026-04-10 06:43:30"}
[2026-04-10 06:43:30] [warning] [RID:0cfc90ca81710288] Rate limiting failed | {"error":"Redis unavailable","request_id":"0cfc90ca81710288","memory_mb":2,"timestamp":"2026-04-10 06:43:30"}
[2026-04-10 06:43:30] [info] [RID:0cfc90ca81710288] Bootstrap completed successfully | {"memory_usage_mb":2,"peak_memory_mb":2,"auth_method":"none","user_id":null,"tenant_id":1,"api_version":"v1","api_route":"/public/brands","request_context":"loaded","cache_enabled":true,"redis_enabled":false,"database_connected":true,"execution_time_ms":6.2,"request_id":"0cfc90ca81710288","memory_mb":2,"timestamp":"2026-04-10 06:43:30"}
[2026-04-10 06:43:30] [info] [RID:9e137d954bd03525] Advanced Logger initialized successfully | {"request_id":"9e137d954bd03525","memory_mb":2,"timestamp":"2026-04-10 06:43:30"}
[2026-04-10 06:43:30] [info] [RID:9e137d954bd03525] Bootstrap initializing | {"env":"production","request_id":"9e137d954bd03525","memory_mb":2,"timestamp":"2026-04-10 06:43:30"}
[2026-04-10 06:43:30] [info] [RID:9e137d954bd03525] API routing detected | {"version":"v1","route":"/public/auctions","is_versioned":true,"request_id":"9e137d954bd03525","memory_mb":2,"timestamp":"2026-04-10 06:43:30"}
[2026-04-10 06:43:30] [info] [RID:9e137d954bd03525] Session config loaded | {"request_id":"9e137d954bd03525","memory_mb":2,"timestamp":"2026-04-10 06:43:30"}
[2026-04-10 06:43:30] [info] [RID:9e137d954bd03525] RedisHelper loaded | {"request_id":"9e137d954bd03525","memory_mb":2,"timestamp":"2026-04-10 06:43:30"}
[2026-04-10 06:43:30] [info] [RID:9e137d954bd03525] RequestContext class loaded | {"request_id":"9e137d954bd03525","memory_mb":2,"timestamp":"2026-04-10 06:43:30"}
[2026-04-10 06:43:30] [info] [RID:9e137d954bd03525] Database connection established | {"request_id":"9e137d954bd03525","memory_mb":2,"timestamp":"2026-04-10 06:43:30"}
[2026-04-10 06:43:30] [info] [RID:9e137d954bd03525] CacheManager initialized | {"request_id":"9e137d954bd03525","memory_mb":2,"timestamp":"2026-04-10 06:43:30"}
[2026-04-10 06:43:30] [info] [RID:9e137d954bd03525] RequestContext created | {"request_id":"9e137d954bd03525","user_id":null,"tenant_id":1,"roles_count":0,"permissions_count":0,"memory_mb":2,"timestamp":"2026-04-10 06:43:30"}
[2026-04-10 06:43:30] [info] [RID:9e137d954bd03525] Redis extension not loaded - Redis disabled | {"request_id":"9e137d954bd03525","memory_mb":2,"timestamp":"2026-04-10 06:43:30"}
[2026-04-10 06:43:30] [warning] [RID:9e137d954bd03525] Rate limiting failed | {"error":"Redis unavailable","request_id":"9e137d954bd03525","memory_mb":2,"timestamp":"2026-04-10 06:43:30"}
[2026-04-10 06:43:30] [info] [RID:9e137d954bd03525] Bootstrap completed successfully | {"memory_usage_mb":2,"peak_memory_mb":2,"auth_method":"none","user_id":null,"tenant_id":1,"api_version":"v1","api_route":"/public/auctions","request_context":"loaded","cache_enabled":true,"redis_enabled":false,"database_connected":true,"execution_time_ms":5.7,"request_id":"9e137d954bd03525","memory_mb":2,"timestamp":"2026-04-10 06:43:30"}
[2026-04-10 06:43:30] [info] [RID:a17b1dcbbb3a860a] Advanced Logger initialized successfully | {"request_id":"a17b1dcbbb3a860a","memory_mb":2,"timestamp":"2026-04-10 06:43:30"}
[2026-04-10 06:43:30] [info] [RID:a17b1dcbbb3a860a] Bootstrap initializing | {"env":"production","request_id":"a17b1dcbbb3a860a","memory_mb":2,"timestamp":"2026-04-10 06:43:30"}
[2026-04-10 06:43:30] [info] [RID:a17b1dcbbb3a860a] API routing detected | {"version":"v1","route":"/public/jobs","is_versioned":true,"request_id":"a17b1dcbbb3a860a","memory_mb":2,"timestamp":"2026-04-10 06:43:30"}
[2026-04-10 06:43:30] [info] [RID:a17b1dcbbb3a860a] Session config loaded | {"request_id":"a17b1dcbbb3a860a","memory_mb":2,"timestamp":"2026-04-10 06:43:30"}
[2026-04-10 06:43:30] [info] [RID:a17b1dcbbb3a860a] RedisHelper loaded | {"request_id":"a17b1dcbbb3a860a","memory_mb":2,"timestamp":"2026-04-10 06:43:30"}
[2026-04-10 06:43:30] [info] [RID:a17b1dcbbb3a860a] RequestContext class loaded | {"request_id":"a17b1dcbbb3a860a","memory_mb":2,"timestamp":"2026-04-10 06:43:30"}
[2026-04-10 06:43:30] [info] [RID:a17b1dcbbb3a860a] Database connection established | {"request_id":"a17b1dcbbb3a860a","memory_mb":2,"timestamp":"2026-04-10 06:43:30"}
[2026-04-10 06:43:30] [info] [RID:a17b1dcbbb3a860a] CacheManager initialized | {"request_id":"a17b1dcbbb3a860a","memory_mb":2,"timestamp":"2026-04-10 06:43:30"}
[2026-04-10 06:43:30] [info] [RID:a17b1dcbbb3a860a] RequestContext created | {"request_id":"a17b1dcbbb3a860a","user_id":null,"tenant_id":1,"roles_count":0,"permissions_count":0,"memory_mb":2,"timestamp":"2026-04-10 06:43:30"}
[2026-04-10 06:43:30] [info] [RID:a17b1dcbbb3a860a] Redis extension not loaded - Redis disabled | {"request_id":"a17b1dcbbb3a860a","memory_mb":2,"timestamp":"2026-04-10 06:43:30"}
[2026-04-10 06:43:30] [warning] [RID:a17b1dcbbb3a860a] Rate limiting failed | {"error":"Redis unavailable","request_id":"a17b1dcbbb3a860a","memory_mb":2,"timestamp":"2026-04-10 06:43:30"}
[2026-04-10 06:43:30] [info] [RID:a17b1dcbbb3a860a] Bootstrap completed successfully | {"memory_usage_mb":2,"peak_memory_mb":2,"auth_method":"none","user_id":null,"tenant_id":1,"api_version":"v1","api_route":"/public/jobs","request_context":"loaded","cache_enabled":true,"redis_enabled":false,"database_connected":true,"execution_time_ms":4.6,"request_id":"a17b1dcbbb3a860a","memory_mb":2,"timestamp":"2026-04-10 06:43:30"}
[2026-04-10 06:43:31] [info] [RID:420b10d64b71c745] Advanced Logger initialized successfully | {"request_id":"420b10d64b71c745","memory_mb":2,"timestamp":"2026-04-10 06:43:31"}
[2026-04-10 06:43:31] [info] [RID:420b10d64b71c745] Bootstrap initializing | {"env":"production","request_id":"420b10d64b71c745","memory_mb":2,"timestamp":"2026-04-10 06:43:31"}
[2026-04-10 06:43:31] [info] [RID:420b10d64b71c745] API routing detected | {"version":"v1","route":"/public/user_devices","is_versioned":true,"request_id":"420b10d64b71c745","memory_mb":2,"timestamp":"2026-04-10 06:43:31"}
[2026-04-10 06:43:31] [info] [RID:420b10d64b71c745] Session config loaded | {"request_id":"420b10d64b71c745","memory_mb":2,"timestamp":"2026-04-10 06:43:31"}
[2026-04-10 06:43:31] [info] [RID:420b10d64b71c745] RedisHelper loaded | {"request_id":"420b10d64b71c745","memory_mb":2,"timestamp":"2026-04-10 06:43:31"}
[2026-04-10 06:43:31] [info] [RID:420b10d64b71c745] RequestContext class loaded | {"request_id":"420b10d64b71c745","memory_mb":2,"timestamp":"2026-04-10 06:43:31"}
[2026-04-10 06:43:31] [info] [RID:420b10d64b71c745] Database connection established | {"request_id":"420b10d64b71c745","memory_mb":2,"timestamp":"2026-04-10 06:43:31"}
[2026-04-10 06:43:31] [info] [RID:420b10d64b71c745] CacheManager initialized | {"request_id":"420b10d64b71c745","memory_mb":2,"timestamp":"2026-04-10 06:43:31"}
[2026-04-10 06:43:31] [info] [RID:420b10d64b71c745] User authenticated via session | {"request_id":"420b10d64b71c745","memory_mb":2,"timestamp":"2026-04-10 06:43:31"}
[2026-04-10 06:43:31] [info] [RID:420b10d64b71c745] Tenant data loaded from DB | {"user_id":7,"tenant_id":1,"request_id":"420b10d64b71c745","memory_mb":2,"timestamp":"2026-04-10 06:43:31"}
[2026-04-10 06:43:31] [info] [RID:420b10d64b71c745] RequestContext created | {"request_id":"420b10d64b71c745","user_id":7,"tenant_id":1,"roles_count":1,"permissions_count":28,"memory_mb":2,"timestamp":"2026-04-10 06:43:31"}
[2026-04-10 06:43:31] [info] [RID:420b10d64b71c745] Redis extension not loaded - Redis disabled | {"request_id":"420b10d64b71c745","memory_mb":2,"timestamp":"2026-04-10 06:43:31"}
[2026-04-10 06:43:31] [warning] [RID:420b10d64b71c745] Rate limiting failed | {"error":"Redis unavailable","request_id":"420b10d64b71c745","memory_mb":2,"timestamp":"2026-04-10 06:43:31"}
[2026-04-10 06:43:31] [info] [RID:420b10d64b71c745] Bootstrap completed successfully | {"memory_usage_mb":2,"peak_memory_mb":2,"auth_method":"session","user_id":7,"tenant_id":1,"api_version":"v1","api_route":"/public/user_devices","request_context":"loaded","cache_enabled":true,"redis_enabled":false,"database_connected":true,"execution_time_ms":6.2,"request_id":"420b10d64b71c745","memory_mb":2,"timestamp":"2026-04-10 06:43:31"}
[2026-04-10 06:43:40] [info] [RID:c410180794cb2502] Advanced Logger initialized successfully | {"request_id":"c410180794cb2502","memory_mb":2,"timestamp":"2026-04-10 06:43:40"}
[2026-04-10 06:43:40] [info] [RID:c410180794cb2502] Bootstrap initializing | {"env":"production","request_id":"c410180794cb2502","memory_mb":2,"timestamp":"2026-04-10 06:43:40"}
[2026-04-10 06:43:40] [info] [RID:c410180794cb2502] API routing detected | {"version":"v1","route":"/public/homepage_sections","is_versioned":true,"request_id":"c410180794cb2502","memory_mb":2,"timestamp":"2026-04-10 06:43:40"}
[2026-04-10 06:43:40] [info] [RID:c410180794cb2502] Session config loaded | {"request_id":"c410180794cb2502","memory_mb":2,"timestamp":"2026-04-10 06:43:40"}
[2026-04-10 06:43:40] [info] [RID:c410180794cb2502] RedisHelper loaded | {"request_id":"c410180794cb2502","memory_mb":2,"timestamp":"2026-04-10 06:43:40"}
[2026-04-10 06:43:40] [info] [RID:c410180794cb2502] RequestContext class loaded | {"request_id":"c410180794cb2502","memory_mb":2,"timestamp":"2026-04-10 06:43:40"}
[2026-04-10 06:43:40] [info] [RID:c410180794cb2502] Database connection established | {"request_id":"c410180794cb2502","memory_mb":2,"timestamp":"2026-04-10 06:43:40"}
[2026-04-10 06:43:40] [info] [RID:c410180794cb2502] CacheManager initialized | {"request_id":"c410180794cb2502","memory_mb":2,"timestamp":"2026-04-10 06:43:40"}
[2026-04-10 06:43:40] [info] [RID:c410180794cb2502] RequestContext created | {"request_id":"c410180794cb2502","user_id":null,"tenant_id":1,"roles_count":0,"permissions_count":0,"memory_mb":2,"timestamp":"2026-04-10 06:43:40"}
[2026-04-10 06:43:40] [info] [RID:c410180794cb2502] Redis extension not loaded - Redis disabled | {"request_id":"c410180794cb2502","memory_mb":2,"timestamp":"2026-04-10 06:43:40"}
[2026-04-10 06:43:40] [warning] [RID:c410180794cb2502] Rate limiting failed | {"error":"Redis unavailable","request_id":"c410180794cb2502","memory_mb":2,"timestamp":"2026-04-10 06:43:40"}
[2026-04-10 06:43:40] [info] [RID:c410180794cb2502] Bootstrap completed successfully | {"memory_usage_mb":2,"peak_memory_mb":2,"auth_method":"none","user_id":null,"tenant_id":1,"api_version":"v1","api_route":"/public/homepage_sections","request_context":"loaded","cache_enabled":true,"redis_enabled":false,"database_connected":true,"execution_time_ms":5.3,"request_id":"c410180794cb2502","memory_mb":2,"timestamp":"2026-04-10 06:43:40"}
[2026-04-10 06:43:40] [info] [RID:1ef4378a0a6e784b] Advanced Logger initialized successfully | {"request_id":"1ef4378a0a6e784b","memory_mb":2,"timestamp":"2026-04-10 06:43:40"}
[2026-04-10 06:43:40] [info] [RID:1ef4378a0a6e784b] Bootstrap initializing | {"env":"production","request_id":"1ef4378a0a6e784b","memory_mb":2,"timestamp":"2026-04-10 06:43:40"}
[2026-04-10 06:43:40] [info] [RID:1ef4378a0a6e784b] API routing detected | {"version":"v1","route":"/public/ads","is_versioned":true,"request_id":"1ef4378a0a6e784b","memory_mb":2,"timestamp":"2026-04-10 06:43:40"}
[2026-04-10 06:43:40] [info] [RID:1ef4378a0a6e784b] Session config loaded | {"request_id":"1ef4378a0a6e784b","memory_mb":2,"timestamp":"2026-04-10 06:43:40"}
[2026-04-10 06:43:40] [info] [RID:1ef4378a0a6e784b] RedisHelper loaded | {"request_id":"1ef4378a0a6e784b","memory_mb":2,"timestamp":"2026-04-10 06:43:40"}
[2026-04-10 06:43:40] [info] [RID:1ef4378a0a6e784b] RequestContext class loaded | {"request_id":"1ef4378a0a6e784b","memory_mb":2,"timestamp":"2026-04-10 06:43:40"}
[2026-04-10 06:43:40] [info] [RID:1ef4378a0a6e784b] Database connection established | {"request_id":"1ef4378a0a6e784b","memory_mb":2,"timestamp":"2026-04-10 06:43:40"}
[2026-04-10 06:43:40] [info] [RID:1ef4378a0a6e784b] CacheManager initialized | {"request_id":"1ef4378a0a6e784b","memory_mb":2,"timestamp":"2026-04-10 06:43:40"}
[2026-04-10 06:43:40] [info] [RID:1ef4378a0a6e784b] RequestContext created | {"request_id":"1ef4378a0a6e784b","user_id":null,"tenant_id":1,"roles_count":0,"permissions_count":0,"memory_mb":2,"timestamp":"2026-04-10 06:43:40"}
[2026-04-10 06:43:40] [info] [RID:1ef4378a0a6e784b] Redis extension not loaded - Redis disabled | {"request_id":"1ef4378a0a6e784b","memory_mb":2,"timestamp":"2026-04-10 06:43:40"}
[2026-04-10 06:43:40] [warning] [RID:1ef4378a0a6e784b] Rate limiting failed | {"error":"Redis unavailable","request_id":"1ef4378a0a6e784b","memory_mb":2,"timestamp":"2026-04-10 06:43:40"}
[2026-04-10 06:43:40] [info] [RID:1ef4378a0a6e784b] Bootstrap completed successfully | {"memory_usage_mb":2,"peak_memory_mb":2,"auth_method":"none","user_id":null,"tenant_id":1,"api_version":"v1","api_route":"/public/ads","request_context":"loaded","cache_enabled":true,"redis_enabled":false,"database_connected":true,"execution_time_ms":5.4,"request_id":"1ef4378a0a6e784b","memory_mb":2,"timestamp":"2026-04-10 06:43:40"}
[2026-04-10 06:43:40] [info] [RID:1ea04cb9e69982b9] Advanced Logger initialized successfully | {"request_id":"1ea04cb9e69982b9","memory_mb":2,"timestamp":"2026-04-10 06:43:40"}
[2026-04-10 06:43:40] [info] [RID:1ea04cb9e69982b9] Bootstrap initializing | {"env":"production","request_id":"1ea04cb9e69982b9","memory_mb":2,"timestamp":"2026-04-10 06:43:40"}
[2026-04-10 06:43:40] [info] [RID:1ea04cb9e69982b9] API routing detected | {"version":"v1","route":"/public/categories","is_versioned":true,"request_id":"1ea04cb9e69982b9","memory_mb":2,"timestamp":"2026-04-10 06:43:40"}
[2026-04-10 06:43:40] [info] [RID:1ea04cb9e69982b9] Session config loaded | {"request_id":"1ea04cb9e69982b9","memory_mb":2,"timestamp":"2026-04-10 06:43:40"}
[2026-04-10 06:43:40] [info] [RID:1ea04cb9e69982b9] RedisHelper loaded | {"request_id":"1ea04cb9e69982b9","memory_mb":2,"timestamp":"2026-04-10 06:43:40"}
[2026-04-10 06:43:40] [info] [RID:1ea04cb9e69982b9] RequestContext class loaded | {"request_id":"1ea04cb9e69982b9","memory_mb":2,"timestamp":"2026-04-10 06:43:40"}
[2026-04-10 06:43:40] [info] [RID:1ea04cb9e69982b9] Database connection established | {"request_id":"1ea04cb9e69982b9","memory_mb":2,"timestamp":"2026-04-10 06:43:40"}
[2026-04-10 06:43:40] [info] [RID:1ea04cb9e69982b9] CacheManager initialized | {"request_id":"1ea04cb9e69982b9","memory_mb":2,"timestamp":"2026-04-10 06:43:40"}
[2026-04-10 06:43:40] [info] [RID:1ea04cb9e69982b9] RequestContext created | {"request_id":"1ea04cb9e69982b9","user_id":null,"tenant_id":1,"roles_count":0,"permissions_count":0,"memory_mb":2,"timestamp":"2026-04-10 06:43:40"}
[2026-04-10 06:43:40] [info] [RID:1ea04cb9e69982b9] Redis extension not loaded - Redis disabled | {"request_id":"1ea04cb9e69982b9","memory_mb":2,"timestamp":"2026-04-10 06:43:40"}
[2026-04-10 06:43:40] [warning] [RID:1ea04cb9e69982b9] Rate limiting failed | {"error":"Redis unavailable","request_id":"1ea04cb9e69982b9","memory_mb":2,"timestamp":"2026-04-10 06:43:40"}
[2026-04-10 06:43:40] [info] [RID:1ea04cb9e69982b9] Bootstrap completed successfully | {"memory_usage_mb":2,"peak_memory_mb":2,"auth_method":"none","user_id":null,"tenant_id":1,"api_version":"v1","api_route":"/public/categories","request_context":"loaded","cache_enabled":true,"redis_enabled":false,"database_connected":true,"execution_time_ms":4.5,"request_id":"1ea04cb9e69982b9","memory_mb":2,"timestamp":"2026-04-10 06:43:40"}
[2026-04-10 06:43:40] [info] [RID:9d52c794cde05f3d] Advanced Logger initialized successfully | {"request_id":"9d52c794cde05f3d","memory_mb":2,"timestamp":"2026-04-10 06:43:40"}
[2026-04-10 06:43:40] [info] [RID:9d52c794cde05f3d] Bootstrap initializing | {"env":"production","request_id":"9d52c794cde05f3d","memory_mb":2,"timestamp":"2026-04-10 06:43:40"}
[2026-04-10 06:43:40] [info] [RID:9d52c794cde05f3d] API routing detected | {"version":"v1","route":"/public/discounts","is_versioned":true,"request_id":"9d52c794cde05f3d","memory_mb":2,"timestamp":"2026-04-10 06:43:40"}
[2026-04-10 06:43:40] [info] [RID:9d52c794cde05f3d] Session config loaded | {"request_id":"9d52c794cde05f3d","memory_mb":2,"timestamp":"2026-04-10 06:43:40"}
[2026-04-10 06:43:40] [info] [RID:9d52c794cde05f3d] RedisHelper loaded | {"request_id":"9d52c794cde05f3d","memory_mb":2,"timestamp":"2026-04-10 06:43:40"}
[2026-04-10 06:43:40] [info] [RID:9d52c794cde05f3d] RequestContext class loaded | {"request_id":"9d52c794cde05f3d","memory_mb":2,"timestamp":"2026-04-10 06:43:40"}
[2026-04-10 06:43:40] [info] [RID:9d52c794cde05f3d] Database connection established | {"request_id":"9d52c794cde05f3d","memory_mb":2,"timestamp":"2026-04-10 06:43:40"}
[2026-04-10 06:43:40] [info] [RID:9d52c794cde05f3d] CacheManager initialized | {"request_id":"9d52c794cde05f3d","memory_mb":2,"timestamp":"2026-04-10 06:43:40"}
[2026-04-10 06:43:40] [info] [RID:9d52c794cde05f3d] RequestContext created | {"request_id":"9d52c794cde05f3d","user_id":null,"tenant_id":1,"roles_count":0,"permissions_count":0,"memory_mb":2,"timestamp":"2026-04-10 06:43:40"}
[2026-04-10 06:43:40] [info] [RID:9d52c794cde05f3d] Redis extension not loaded - Redis disabled | {"request_id":"9d52c794cde05f3d","memory_mb":2,"timestamp":"2026-04-10 06:43:40"}
[2026-04-10 06:43:40] [warning] [RID:9d52c794cde05f3d] Rate limiting failed | {"error":"Redis unavailable","request_id":"9d52c794cde05f3d","memory_mb":2,"timestamp":"2026-04-10 06:43:40"}
[2026-04-10 06:43:40] [info] [RID:9d52c794cde05f3d] Bootstrap completed successfully | {"memory_usage_mb":2,"peak_memory_mb":2,"auth_method":"none","user_id":null,"tenant_id":1,"api_version":"v1","api_route":"/public/discounts","request_context":"loaded","cache_enabled":true,"redis_enabled":false,"database_connected":true,"execution_time_ms":5.2,"request_id":"9d52c794cde05f3d","memory_mb":2,"timestamp":"2026-04-10 06:43:40"}
[2026-04-10 06:43:40] [info] [RID:950847d63aa2f8d0] Advanced Logger initialized successfully | {"request_id":"950847d63aa2f8d0","memory_mb":2,"timestamp":"2026-04-10 06:43:40"}
[2026-04-10 06:43:40] [info] [RID:950847d63aa2f8d0] Bootstrap initializing | {"env":"production","request_id":"950847d63aa2f8d0","memory_mb":2,"timestamp":"2026-04-10 06:43:40"}
[2026-04-10 06:43:40] [info] [RID:950847d63aa2f8d0] API routing detected | {"version":"v1","route":"/public/products","is_versioned":true,"request_id":"950847d63aa2f8d0","memory_mb":2,"timestamp":"2026-04-10 06:43:40"}
[2026-04-10 06:43:40] [info] [RID:950847d63aa2f8d0] Session config loaded | {"request_id":"950847d63aa2f8d0","memory_mb":2,"timestamp":"2026-04-10 06:43:40"}
[2026-04-10 06:43:40] [info] [RID:950847d63aa2f8d0] RedisHelper loaded | {"request_id":"950847d63aa2f8d0","memory_mb":2,"timestamp":"2026-04-10 06:43:40"}
[2026-04-10 06:43:40] [info] [RID:950847d63aa2f8d0] RequestContext class loaded | {"request_id":"950847d63aa2f8d0","memory_mb":2,"timestamp":"2026-04-10 06:43:40"}
[2026-04-10 06:43:40] [info] [RID:950847d63aa2f8d0] Database connection established | {"request_id":"950847d63aa2f8d0","memory_mb":2,"timestamp":"2026-04-10 06:43:40"}
[2026-04-10 06:43:40] [info] [RID:950847d63aa2f8d0] CacheManager initialized | {"request_id":"950847d63aa2f8d0","memory_mb":2,"timestamp":"2026-04-10 06:43:40"}
[2026-04-10 06:43:40] [info] [RID:950847d63aa2f8d0] RequestContext created | {"request_id":"950847d63aa2f8d0","user_id":null,"tenant_id":1,"roles_count":0,"permissions_count":0,"memory_mb":2,"timestamp":"2026-04-10 06:43:40"}
[2026-04-10 06:43:40] [info] [RID:950847d63aa2f8d0] Redis extension not loaded - Redis disabled | {"request_id":"950847d63aa2f8d0","memory_mb":2,"timestamp":"2026-04-10 06:43:40"}
[2026-04-10 06:43:40] [warning] [RID:950847d63aa2f8d0] Rate limiting failed | {"error":"Redis unavailable","request_id":"950847d63aa2f8d0","memory_mb":2,"timestamp":"2026-04-10 06:43:40"}
[2026-04-10 06:43:40] [info] [RID:950847d63aa2f8d0] Bootstrap completed successfully | {"memory_usage_mb":2,"peak_memory_mb":2,"auth_method":"none","user_id":null,"tenant_id":1,"api_version":"v1","api_route":"/public/products","request_context":"loaded","cache_enabled":true,"redis_enabled":false,"database_connected":true,"execution_time_ms":5.5,"request_id":"950847d63aa2f8d0","memory_mb":2,"timestamp":"2026-04-10 06:43:40"}
[2026-04-10 06:43:40] [info] [RID:ab5b3671a09e6e41] Advanced Logger initialized successfully | {"request_id":"ab5b3671a09e6e41","memory_mb":2,"timestamp":"2026-04-10 06:43:40"}
[2026-04-10 06:43:40] [info] [RID:ab5b3671a09e6e41] Bootstrap initializing | {"env":"production","request_id":"ab5b3671a09e6e41","memory_mb":2,"timestamp":"2026-04-10 06:43:40"}
[2026-04-10 06:43:40] [info] [RID:ab5b3671a09e6e41] API routing detected | {"version":"v1","route":"/public/products","is_versioned":true,"request_id":"ab5b3671a09e6e41","memory_mb":2,"timestamp":"2026-04-10 06:43:40"}
[2026-04-10 06:43:40] [info] [RID:ab5b3671a09e6e41] Session config loaded | {"request_id":"ab5b3671a09e6e41","memory_mb":2,"timestamp":"2026-04-10 06:43:40"}
[2026-04-10 06:43:40] [info] [RID:ab5b3671a09e6e41] RedisHelper loaded | {"request_id":"ab5b3671a09e6e41","memory_mb":2,"timestamp":"2026-04-10 06:43:40"}
[2026-04-10 06:43:40] [info] [RID:ab5b3671a09e6e41] RequestContext class loaded | {"request_id":"ab5b3671a09e6e41","memory_mb":2,"timestamp":"2026-04-10 06:43:40"}
[2026-04-10 06:43:40] [info] [RID:ab5b3671a09e6e41] Database connection established | {"request_id":"ab5b3671a09e6e41","memory_mb":2,"timestamp":"2026-04-10 06:43:40"}
[2026-04-10 06:43:40] [info] [RID:ab5b3671a09e6e41] CacheManager initialized | {"request_id":"ab5b3671a09e6e41","memory_mb":2,"timestamp":"2026-04-10 06:43:40"}
[2026-04-10 06:43:40] [info] [RID:ab5b3671a09e6e41] RequestContext created | {"request_id":"ab5b3671a09e6e41","user_id":null,"tenant_id":1,"roles_count":0,"permissions_count":0,"memory_mb":2,"timestamp":"2026-04-10 06:43:40"}
[2026-04-10 06:43:40] [info] [RID:ab5b3671a09e6e41] Redis extension not loaded - Redis disabled | {"request_id":"ab5b3671a09e6e41","memory_mb":2,"timestamp":"2026-04-10 06:43:40"}
[2026-04-10 06:43:40] [warning] [RID:ab5b3671a09e6e41] Rate limiting failed | {"error":"Redis unavailable","request_id":"ab5b3671a09e6e41","memory_mb":2,"timestamp":"2026-04-10 06:43:40"}
[2026-04-10 06:43:40] [info] [RID:ab5b3671a09e6e41] Bootstrap completed successfully | {"memory_usage_mb":2,"peak_memory_mb":2,"auth_method":"none","user_id":null,"tenant_id":1,"api_version":"v1","api_route":"/public/products","request_context":"loaded","cache_enabled":true,"redis_enabled":false,"database_connected":true,"execution_time_ms":4.8,"request_id":"ab5b3671a09e6e41","memory_mb":2,"timestamp":"2026-04-10 06:43:40"}
[2026-04-10 06:43:40] [info] [RID:0d4e06ca24958839] Advanced Logger initialized successfully | {"request_id":"0d4e06ca24958839","memory_mb":2,"timestamp":"2026-04-10 06:43:40"}
[2026-04-10 06:43:40] [info] [RID:0d4e06ca24958839] Bootstrap initializing | {"env":"production","request_id":"0d4e06ca24958839","memory_mb":2,"timestamp":"2026-04-10 06:43:40"}
[2026-04-10 06:43:40] [info] [RID:0d4e06ca24958839] API routing detected | {"version":"v1","route":"/public/entities","is_versioned":true,"request_id":"0d4e06ca24958839","memory_mb":2,"timestamp":"2026-04-10 06:43:40"}
[2026-04-10 06:43:40] [info] [RID:0d4e06ca24958839] Session config loaded | {"request_id":"0d4e06ca24958839","memory_mb":2,"timestamp":"2026-04-10 06:43:40"}
[2026-04-10 06:43:40] [info] [RID:0d4e06ca24958839] RedisHelper loaded | {"request_id":"0d4e06ca24958839","memory_mb":2,"timestamp":"2026-04-10 06:43:40"}
[2026-04-10 06:43:40] [info] [RID:0d4e06ca24958839] RequestContext class loaded | {"request_id":"0d4e06ca24958839","memory_mb":2,"timestamp":"2026-04-10 06:43:40"}
[2026-04-10 06:43:40] [info] [RID:0d4e06ca24958839] Database connection established | {"request_id":"0d4e06ca24958839","memory_mb":2,"timestamp":"2026-04-10 06:43:40"}
[2026-04-10 06:43:40] [info] [RID:0d4e06ca24958839] CacheManager initialized | {"request_id":"0d4e06ca24958839","memory_mb":2,"timestamp":"2026-04-10 06:43:40"}
[2026-04-10 06:43:40] [info] [RID:0d4e06ca24958839] RequestContext created | {"request_id":"0d4e06ca24958839","user_id":null,"tenant_id":1,"roles_count":0,"permissions_count":0,"memory_mb":2,"timestamp":"2026-04-10 06:43:40"}
[2026-04-10 06:43:40] [info] [RID:0d4e06ca24958839] Redis extension not loaded - Redis disabled | {"request_id":"0d4e06ca24958839","memory_mb":2,"timestamp":"2026-04-10 06:43:40"}
[2026-04-10 06:43:40] [warning] [RID:0d4e06ca24958839] Rate limiting failed | {"error":"Redis unavailable","request_id":"0d4e06ca24958839","memory_mb":2,"timestamp":"2026-04-10 06:43:40"}
[2026-04-10 06:43:40] [info] [RID:0d4e06ca24958839] Bootstrap completed successfully | {"memory_usage_mb":2,"peak_memory_mb":2,"auth_method":"none","user_id":null,"tenant_id":1,"api_version":"v1","api_route":"/public/entities","request_context":"loaded","cache_enabled":true,"redis_enabled":false,"database_connected":true,"execution_time_ms":6.5,"request_id":"0d4e06ca24958839","memory_mb":2,"timestamp":"2026-04-10 06:43:40"}
[2026-04-10 06:43:40] [info] [RID:8241bc4dce5336b3] Advanced Logger initialized successfully | {"request_id":"8241bc4dce5336b3","memory_mb":2,"timestamp":"2026-04-10 06:43:40"}
[2026-04-10 06:43:40] [info] [RID:8241bc4dce5336b3] Bootstrap initializing | {"env":"production","request_id":"8241bc4dce5336b3","memory_mb":2,"timestamp":"2026-04-10 06:43:40"}
[2026-04-10 06:43:40] [info] [RID:8241bc4dce5336b3] API routing detected | {"version":"v1","route":"/public/brands","is_versioned":true,"request_id":"8241bc4dce5336b3","memory_mb":2,"timestamp":"2026-04-10 06:43:40"}
[2026-04-10 06:43:40] [info] [RID:8241bc4dce5336b3] Session config loaded | {"request_id":"8241bc4dce5336b3","memory_mb":2,"timestamp":"2026-04-10 06:43:40"}
[2026-04-10 06:43:40] [info] [RID:8241bc4dce5336b3] RedisHelper loaded | {"request_id":"8241bc4dce5336b3","memory_mb":2,"timestamp":"2026-04-10 06:43:40"}
[2026-04-10 06:43:40] [info] [RID:8241bc4dce5336b3] RequestContext class loaded | {"request_id":"8241bc4dce5336b3","memory_mb":2,"timestamp":"2026-04-10 06:43:40"}
[2026-04-10 06:43:40] [info] [RID:8241bc4dce5336b3] Database connection established | {"request_id":"8241bc4dce5336b3","memory_mb":2,"timestamp":"2026-04-10 06:43:40"}
[2026-04-10 06:43:40] [info] [RID:8241bc4dce5336b3] CacheManager initialized | {"request_id":"8241bc4dce5336b3","memory_mb":2,"timestamp":"2026-04-10 06:43:40"}
[2026-04-10 06:43:40] [info] [RID:8241bc4dce5336b3] RequestContext created | {"request_id":"8241bc4dce5336b3","user_id":null,"tenant_id":1,"roles_count":0,"permissions_count":0,"memory_mb":2,"timestamp":"2026-04-10 06:43:40"}
[2026-04-10 06:43:40] [info] [RID:8241bc4dce5336b3] Redis extension not loaded - Redis disabled | {"request_id":"8241bc4dce5336b3","memory_mb":2,"timestamp":"2026-04-10 06:43:40"}
[2026-04-10 06:43:40] [warning] [RID:8241bc4dce5336b3] Rate limiting failed | {"error":"Redis unavailable","request_id":"8241bc4dce5336b3","memory_mb":2,"timestamp":"2026-04-10 06:43:40"}
[2026-04-10 06:43:40] [info] [RID:8241bc4dce5336b3] Bootstrap completed successfully | {"memory_usage_mb":2,"peak_memory_mb":2,"auth_method":"none","user_id":null,"tenant_id":1,"api_version":"v1","api_route":"/public/brands","request_context":"loaded","cache_enabled":true,"redis_enabled":false,"database_connected":true,"execution_time_ms":4.7,"request_id":"8241bc4dce5336b3","memory_mb":2,"timestamp":"2026-04-10 06:43:40"}
[2026-04-10 06:43:40] [info] [RID:4435f6ce36f2f6fa] Advanced Logger initialized successfully | {"request_id":"4435f6ce36f2f6fa","memory_mb":2,"timestamp":"2026-04-10 06:43:40"}
[2026-04-10 06:43:40] [info] [RID:4435f6ce36f2f6fa] Bootstrap initializing | {"env":"production","request_id":"4435f6ce36f2f6fa","memory_mb":2,"timestamp":"2026-04-10 06:43:40"}
[2026-04-10 06:43:40] [info] [RID:4435f6ce36f2f6fa] API routing detected | {"version":"v1","route":"/public/auctions","is_versioned":true,"request_id":"4435f6ce36f2f6fa","memory_mb":2,"timestamp":"2026-04-10 06:43:40"}
[2026-04-10 06:43:40] [info] [RID:4435f6ce36f2f6fa] Session config loaded | {"request_id":"4435f6ce36f2f6fa","memory_mb":2,"timestamp":"2026-04-10 06:43:40"}
[2026-04-10 06:43:40] [info] [RID:4435f6ce36f2f6fa] RedisHelper loaded | {"request_id":"4435f6ce36f2f6fa","memory_mb":2,"timestamp":"2026-04-10 06:43:40"}
[2026-04-10 06:43:40] [info] [RID:4435f6ce36f2f6fa] RequestContext class loaded | {"request_id":"4435f6ce36f2f6fa","memory_mb":2,"timestamp":"2026-04-10 06:43:40"}
[2026-04-10 06:43:40] [info] [RID:4435f6ce36f2f6fa] Database connection established | {"request_id":"4435f6ce36f2f6fa","memory_mb":2,"timestamp":"2026-04-10 06:43:40"}
[2026-04-10 06:43:40] [info] [RID:4435f6ce36f2f6fa] CacheManager initialized | {"request_id":"4435f6ce36f2f6fa","memory_mb":2,"timestamp":"2026-04-10 06:43:40"}
[2026-04-10 06:43:40] [info] [RID:4435f6ce36f2f6fa] RequestContext created | {"request_id":"4435f6ce36f2f6fa","user_id":null,"tenant_id":1,"roles_count":0,"permissions_count":0,"memory_mb":2,"timestamp":"2026-04-10 06:43:40"}
[2026-04-10 06:43:40] [info] [RID:4435f6ce36f2f6fa] Redis extension not loaded - Redis disabled | {"request_id":"4435f6ce36f2f6fa","memory_mb":2,"timestamp":"2026-04-10 06:43:40"}
[2026-04-10 06:43:40] [warning] [RID:4435f6ce36f2f6fa] Rate limiting failed | {"error":"Redis unavailable","request_id":"4435f6ce36f2f6fa","memory_mb":2,"timestamp":"2026-04-10 06:43:40"}
[2026-04-10 06:43:40] [info] [RID:4435f6ce36f2f6fa] Bootstrap completed successfully | {"memory_usage_mb":2,"peak_memory_mb":2,"auth_method":"none","user_id":null,"tenant_id":1,"api_version":"v1","api_route":"/public/auctions","request_context":"loaded","cache_enabled":true,"redis_enabled":false,"database_connected":true,"execution_time_ms":4.5,"request_id":"4435f6ce36f2f6fa","memory_mb":2,"timestamp":"2026-04-10 06:43:40"}
[2026-04-10 06:43:40] [info] [RID:3e9b1e205c0b17c1] Advanced Logger initialized successfully | {"request_id":"3e9b1e205c0b17c1","memory_mb":2,"timestamp":"2026-04-10 06:43:40"}
[2026-04-10 06:43:40] [info] [RID:3e9b1e205c0b17c1] Bootstrap initializing | {"env":"production","request_id":"3e9b1e205c0b17c1","memory_mb":2,"timestamp":"2026-04-10 06:43:40"}
[2026-04-10 06:43:40] [info] [RID:3e9b1e205c0b17c1] API routing detected | {"version":"v1","route":"/public/jobs","is_versioned":true,"request_id":"3e9b1e205c0b17c1","memory_mb":2,"timestamp":"2026-04-10 06:43:40"}
[2026-04-10 06:43:40] [info] [RID:3e9b1e205c0b17c1] Session config loaded | {"request_id":"3e9b1e205c0b17c1","memory_mb":2,"timestamp":"2026-04-10 06:43:40"}
[2026-04-10 06:43:40] [info] [RID:3e9b1e205c0b17c1] RedisHelper loaded | {"request_id":"3e9b1e205c0b17c1","memory_mb":2,"timestamp":"2026-04-10 06:43:40"}
[2026-04-10 06:43:40] [info] [RID:3e9b1e205c0b17c1] RequestContext class loaded | {"request_id":"3e9b1e205c0b17c1","memory_mb":2,"timestamp":"2026-04-10 06:43:40"}
[2026-04-10 06:43:40] [info] [RID:3e9b1e205c0b17c1] Database connection established | {"request_id":"3e9b1e205c0b17c1","memory_mb":2,"timestamp":"2026-04-10 06:43:40"}
[2026-04-10 06:43:40] [info] [RID:3e9b1e205c0b17c1] CacheManager initialized | {"request_id":"3e9b1e205c0b17c1","memory_mb":2,"timestamp":"2026-04-10 06:43:40"}
[2026-04-10 06:43:40] [info] [RID:3e9b1e205c0b17c1] RequestContext created | {"request_id":"3e9b1e205c0b17c1","user_id":null,"tenant_id":1,"roles_count":0,"permissions_count":0,"memory_mb":2,"timestamp":"2026-04-10 06:43:40"}
[2026-04-10 06:43:40] [info] [RID:3e9b1e205c0b17c1] Redis extension not loaded - Redis disabled | {"request_id":"3e9b1e205c0b17c1","memory_mb":2,"timestamp":"2026-04-10 06:43:40"}
[2026-04-10 06:43:40] [warning] [RID:3e9b1e205c0b17c1] Rate limiting failed | {"error":"Redis unavailable","request_id":"3e9b1e205c0b17c1","memory_mb":2,"timestamp":"2026-04-10 06:43:40"}
[2026-04-10 06:43:40] [info] [RID:3e9b1e205c0b17c1] Bootstrap completed successfully | {"memory_usage_mb":2,"peak_memory_mb":2,"auth_method":"none","user_id":null,"tenant_id":1,"api_version":"v1","api_route":"/public/jobs","request_context":"loaded","cache_enabled":true,"redis_enabled":false,"database_connected":true,"execution_time_ms":4.8,"request_id":"3e9b1e205c0b17c1","memory_mb":2,"timestamp":"2026-04-10 06:43:40"}
[2026-04-10 06:43:41] [info] [RID:e0c5743390e9b846] Advanced Logger initialized successfully | {"request_id":"e0c5743390e9b846","memory_mb":2,"timestamp":"2026-04-10 06:43:41"}
[2026-04-10 06:43:41] [info] [RID:e0c5743390e9b846] Bootstrap initializing | {"env":"production","request_id":"e0c5743390e9b846","memory_mb":2,"timestamp":"2026-04-10 06:43:41"}
[2026-04-10 06:43:41] [info] [RID:e0c5743390e9b846] API routing detected | {"version":"v1","route":"/public/categories","is_versioned":true,"request_id":"e0c5743390e9b846","memory_mb":2,"timestamp":"2026-04-10 06:43:41"}
[2026-04-10 06:43:41] [info] [RID:e0c5743390e9b846] Session config loaded | {"request_id":"e0c5743390e9b846","memory_mb":2,"timestamp":"2026-04-10 06:43:41"}
[2026-04-10 06:43:41] [info] [RID:e0c5743390e9b846] RedisHelper loaded | {"request_id":"e0c5743390e9b846","memory_mb":2,"timestamp":"2026-04-10 06:43:41"}
[2026-04-10 06:43:41] [info] [RID:e0c5743390e9b846] RequestContext class loaded | {"request_id":"e0c5743390e9b846","memory_mb":2,"timestamp":"2026-04-10 06:43:41"}
[2026-04-10 06:43:41] [info] [RID:e0c5743390e9b846] Database connection established | {"request_id":"e0c5743390e9b846","memory_mb":2,"timestamp":"2026-04-10 06:43:41"}
[2026-04-10 06:43:41] [info] [RID:e0c5743390e9b846] CacheManager initialized | {"request_id":"e0c5743390e9b846","memory_mb":2,"timestamp":"2026-04-10 06:43:41"}
[2026-04-10 06:43:41] [info] [RID:e0c5743390e9b846] User authenticated via session | {"request_id":"e0c5743390e9b846","memory_mb":2,"timestamp":"2026-04-10 06:43:41"}
[2026-04-10 06:43:41] [info] [RID:e0c5743390e9b846] RequestContext created | {"request_id":"e0c5743390e9b846","user_id":7,"tenant_id":1,"roles_count":1,"permissions_count":28,"memory_mb":2,"timestamp":"2026-04-10 06:43:41"}
[2026-04-10 06:43:41] [info] [RID:e0c5743390e9b846] Redis extension not loaded - Redis disabled | {"request_id":"e0c5743390e9b846","memory_mb":2,"timestamp":"2026-04-10 06:43:41"}
[2026-04-10 06:43:41] [warning] [RID:e0c5743390e9b846] Rate limiting failed | {"error":"Redis unavailable","request_id":"e0c5743390e9b846","memory_mb":2,"timestamp":"2026-04-10 06:43:41"}
[2026-04-10 06:43:41] [info] [RID:e0c5743390e9b846] Bootstrap completed successfully | {"memory_usage_mb":2,"peak_memory_mb":2,"auth_method":"session","user_id":7,"tenant_id":1,"api_version":"v1","api_route":"/public/categories","request_context":"loaded","cache_enabled":true,"redis_enabled":false,"database_connected":true,"execution_time_ms":4.9,"request_id":"e0c5743390e9b846","memory_mb":2,"timestamp":"2026-04-10 06:43:41"}
[2026-04-10 06:43:41] [info] [RID:7b692895080f1416] Advanced Logger initialized successfully | {"request_id":"7b692895080f1416","memory_mb":2,"timestamp":"2026-04-10 06:43:41"}
[2026-04-10 06:43:41] [info] [RID:7b692895080f1416] Bootstrap initializing | {"env":"production","request_id":"7b692895080f1416","memory_mb":2,"timestamp":"2026-04-10 06:43:41"}
[2026-04-10 06:43:41] [info] [RID:7b692895080f1416] API routing detected | {"version":"v1","route":"/public/user_devices","is_versioned":true,"request_id":"7b692895080f1416","memory_mb":2,"timestamp":"2026-04-10 06:43:41"}
[2026-04-10 06:43:41] [info] [RID:7b692895080f1416] Session config loaded | {"request_id":"7b692895080f1416","memory_mb":2,"timestamp":"2026-04-10 06:43:41"}
[2026-04-10 06:43:41] [info] [RID:7b692895080f1416] RedisHelper loaded | {"request_id":"7b692895080f1416","memory_mb":2,"timestamp":"2026-04-10 06:43:41"}
[2026-04-10 06:43:41] [info] [RID:7b692895080f1416] RequestContext class loaded | {"request_id":"7b692895080f1416","memory_mb":2,"timestamp":"2026-04-10 06:43:41"}
[2026-04-10 06:43:41] [info] [RID:7b692895080f1416] Database connection established | {"request_id":"7b692895080f1416","memory_mb":2,"timestamp":"2026-04-10 06:43:41"}
[2026-04-10 06:43:41] [info] [RID:7b692895080f1416] CacheManager initialized | {"request_id":"7b692895080f1416","memory_mb":2,"timestamp":"2026-04-10 06:43:41"}
[2026-04-10 06:43:41] [info] [RID:7b692895080f1416] User authenticated via session | {"request_id":"7b692895080f1416","memory_mb":2,"timestamp":"2026-04-10 06:43:41"}
[2026-04-10 06:43:41] [info] [RID:7b692895080f1416] RequestContext created | {"request_id":"7b692895080f1416","user_id":7,"tenant_id":1,"roles_count":1,"permissions_count":28,"memory_mb":2,"timestamp":"2026-04-10 06:43:41"}
[2026-04-10 06:43:41] [info] [RID:7b692895080f1416] Redis extension not loaded - Redis disabled | {"request_id":"7b692895080f1416","memory_mb":2,"timestamp":"2026-04-10 06:43:41"}
[2026-04-10 06:43:41] [warning] [RID:7b692895080f1416] Rate limiting failed | {"error":"Redis unavailable","request_id":"7b692895080f1416","memory_mb":2,"timestamp":"2026-04-10 06:43:41"}
[2026-04-10 06:43:41] [info] [RID:7b692895080f1416] Bootstrap completed successfully | {"memory_usage_mb":2,"peak_memory_mb":2,"auth_method":"session","user_id":7,"tenant_id":1,"api_version":"v1","api_route":"/public/user_devices","request_context":"loaded","cache_enabled":true,"redis_enabled":false,"database_connected":true,"execution_time_ms":4.3,"request_id":"7b692895080f1416","memory_mb":2,"timestamp":"2026-04-10 06:43:41"}
[2026-04-10 06:50:04] [info] [RID:7d7943e339c3e5b0] Advanced Logger initialized successfully | {"request_id":"7d7943e339c3e5b0","memory_mb":2,"timestamp":"2026-04-10 06:50:04"}
[2026-04-10 06:50:04] [info] [RID:7d7943e339c3e5b0] Bootstrap initializing | {"env":"production","request_id":"7d7943e339c3e5b0","memory_mb":2,"timestamp":"2026-04-10 06:50:04"}
[2026-04-10 06:50:04] [info] [RID:7d7943e339c3e5b0] API routing detected | {"version":"v1","route":"/public/homepage_sections","is_versioned":true,"request_id":"7d7943e339c3e5b0","memory_mb":2,"timestamp":"2026-04-10 06:50:04"}
[2026-04-10 06:50:04] [info] [RID:7d7943e339c3e5b0] Session config loaded | {"request_id":"7d7943e339c3e5b0","memory_mb":2,"timestamp":"2026-04-10 06:50:04"}
[2026-04-10 06:50:04] [info] [RID:7d7943e339c3e5b0] RedisHelper loaded | {"request_id":"7d7943e339c3e5b0","memory_mb":2,"timestamp":"2026-04-10 06:50:04"}
[2026-04-10 06:50:04] [info] [RID:7d7943e339c3e5b0] RequestContext class loaded | {"request_id":"7d7943e339c3e5b0","memory_mb":2,"timestamp":"2026-04-10 06:50:04"}
[2026-04-10 06:50:05] [info] [RID:7d7943e339c3e5b0] Database connection established | {"request_id":"7d7943e339c3e5b0","memory_mb":2,"timestamp":"2026-04-10 06:50:05"}
[2026-04-10 06:50:05] [info] [RID:7d7943e339c3e5b0] CacheManager initialized | {"request_id":"7d7943e339c3e5b0","memory_mb":2,"timestamp":"2026-04-10 06:50:05"}
[2026-04-10 06:50:05] [info] [RID:7d7943e339c3e5b0] RequestContext created | {"request_id":"7d7943e339c3e5b0","user_id":null,"tenant_id":1,"roles_count":0,"permissions_count":0,"memory_mb":2,"timestamp":"2026-04-10 06:50:05"}
[2026-04-10 06:50:05] [info] [RID:7d7943e339c3e5b0] Redis extension not loaded - Redis disabled | {"request_id":"7d7943e339c3e5b0","memory_mb":2,"timestamp":"2026-04-10 06:50:05"}
[2026-04-10 06:50:05] [warning] [RID:7d7943e339c3e5b0] Rate limiting failed | {"error":"Redis unavailable","request_id":"7d7943e339c3e5b0","memory_mb":2,"timestamp":"2026-04-10 06:50:05"}
[2026-04-10 06:50:05] [info] [RID:7d7943e339c3e5b0] Bootstrap completed successfully | {"memory_usage_mb":2,"peak_memory_mb":2,"auth_method":"none","user_id":null,"tenant_id":1,"api_version":"v1","api_route":"/public/homepage_sections","request_context":"loaded","cache_enabled":true,"redis_enabled":false,"database_connected":true,"execution_time_ms":44.6,"request_id":"7d7943e339c3e5b0","memory_mb":2,"timestamp":"2026-04-10 06:50:05"}
[2026-04-10 06:50:05] [info] [RID:237991d1cd9650aa] Advanced Logger initialized successfully | {"request_id":"237991d1cd9650aa","memory_mb":2,"timestamp":"2026-04-10 06:50:05"}
[2026-04-10 06:50:05] [info] [RID:237991d1cd9650aa] Bootstrap initializing | {"env":"production","request_id":"237991d1cd9650aa","memory_mb":2,"timestamp":"2026-04-10 06:50:05"}
[2026-04-10 06:50:05] [info] [RID:237991d1cd9650aa] API routing detected | {"version":"v1","route":"/public/ads","is_versioned":true,"request_id":"237991d1cd9650aa","memory_mb":2,"timestamp":"2026-04-10 06:50:05"}
[2026-04-10 06:50:05] [info] [RID:237991d1cd9650aa] Session config loaded | {"request_id":"237991d1cd9650aa","memory_mb":2,"timestamp":"2026-04-10 06:50:05"}
[2026-04-10 06:50:05] [info] [RID:237991d1cd9650aa] RedisHelper loaded | {"request_id":"237991d1cd9650aa","memory_mb":2,"timestamp":"2026-04-10 06:50:05"}
[2026-04-10 06:50:05] [info] [RID:237991d1cd9650aa] RequestContext class loaded | {"request_id":"237991d1cd9650aa","memory_mb":2,"timestamp":"2026-04-10 06:50:05"}
[2026-04-10 06:50:05] [info] [RID:237991d1cd9650aa] Database connection established | {"request_id":"237991d1cd9650aa","memory_mb":2,"timestamp":"2026-04-10 06:50:05"}
[2026-04-10 06:50:05] [info] [RID:237991d1cd9650aa] CacheManager initialized | {"request_id":"237991d1cd9650aa","memory_mb":2,"timestamp":"2026-04-10 06:50:05"}
[2026-04-10 06:50:05] [info] [RID:237991d1cd9650aa] RequestContext created | {"request_id":"237991d1cd9650aa","user_id":null,"tenant_id":1,"roles_count":0,"permissions_count":0,"memory_mb":2,"timestamp":"2026-04-10 06:50:05"}
[2026-04-10 06:50:05] [info] [RID:237991d1cd9650aa] Redis extension not loaded - Redis disabled | {"request_id":"237991d1cd9650aa","memory_mb":2,"timestamp":"2026-04-10 06:50:05"}
[2026-04-10 06:50:05] [warning] [RID:237991d1cd9650aa] Rate limiting failed | {"error":"Redis unavailable","request_id":"237991d1cd9650aa","memory_mb":2,"timestamp":"2026-04-10 06:50:05"}
[2026-04-10 06:50:05] [info] [RID:237991d1cd9650aa] Bootstrap completed successfully | {"memory_usage_mb":2,"peak_memory_mb":2,"auth_method":"none","user_id":null,"tenant_id":1,"api_version":"v1","api_route":"/public/ads","request_context":"loaded","cache_enabled":true,"redis_enabled":false,"database_connected":true,"execution_time_ms":7.5,"request_id":"237991d1cd9650aa","memory_mb":2,"timestamp":"2026-04-10 06:50:05"}
[2026-04-10 06:50:05] [info] [RID:5d4c43c4c24c93ef] Advanced Logger initialized successfully | {"request_id":"5d4c43c4c24c93ef","memory_mb":2,"timestamp":"2026-04-10 06:50:05"}
[2026-04-10 06:50:05] [info] [RID:5d4c43c4c24c93ef] Bootstrap initializing | {"env":"production","request_id":"5d4c43c4c24c93ef","memory_mb":2,"timestamp":"2026-04-10 06:50:05"}
[2026-04-10 06:50:05] [info] [RID:5d4c43c4c24c93ef] API routing detected | {"version":"v1","route":"/public/categories","is_versioned":true,"request_id":"5d4c43c4c24c93ef","memory_mb":2,"timestamp":"2026-04-10 06:50:05"}
[2026-04-10 06:50:05] [info] [RID:5d4c43c4c24c93ef] Session config loaded | {"request_id":"5d4c43c4c24c93ef","memory_mb":2,"timestamp":"2026-04-10 06:50:05"}
[2026-04-10 06:50:05] [info] [RID:5d4c43c4c24c93ef] RedisHelper loaded | {"request_id":"5d4c43c4c24c93ef","memory_mb":2,"timestamp":"2026-04-10 06:50:05"}
[2026-04-10 06:50:05] [info] [RID:5d4c43c4c24c93ef] RequestContext class loaded | {"request_id":"5d4c43c4c24c93ef","memory_mb":2,"timestamp":"2026-04-10 06:50:05"}
[2026-04-10 06:50:05] [info] [RID:5d4c43c4c24c93ef] Database connection established | {"request_id":"5d4c43c4c24c93ef","memory_mb":2,"timestamp":"2026-04-10 06:50:05"}
[2026-04-10 06:50:05] [info] [RID:5d4c43c4c24c93ef] CacheManager initialized | {"request_id":"5d4c43c4c24c93ef","memory_mb":2,"timestamp":"2026-04-10 06:50:05"}
[2026-04-10 06:50:05] [info] [RID:5d4c43c4c24c93ef] RequestContext created | {"request_id":"5d4c43c4c24c93ef","user_id":null,"tenant_id":1,"roles_count":0,"permissions_count":0,"memory_mb":2,"timestamp":"2026-04-10 06:50:05"}
[2026-04-10 06:50:05] [info] [RID:5d4c43c4c24c93ef] Redis extension not loaded - Redis disabled | {"request_id":"5d4c43c4c24c93ef","memory_mb":2,"timestamp":"2026-04-10 06:50:05"}
[2026-04-10 06:50:05] [warning] [RID:5d4c43c4c24c93ef] Rate limiting failed | {"error":"Redis unavailable","request_id":"5d4c43c4c24c93ef","memory_mb":2,"timestamp":"2026-04-10 06:50:05"}
[2026-04-10 06:50:05] [info] [RID:5d4c43c4c24c93ef] Bootstrap completed successfully | {"memory_usage_mb":2,"peak_memory_mb":2,"auth_method":"none","user_id":null,"tenant_id":1,"api_version":"v1","api_route":"/public/categories","request_context":"loaded","cache_enabled":true,"redis_enabled":false,"database_connected":true,"execution_time_ms":8.5,"request_id":"5d4c43c4c24c93ef","memory_mb":2,"timestamp":"2026-04-10 06:50:05"}
[2026-04-10 06:50:05] [info] [RID:fcf3b636e898563d] Advanced Logger initialized successfully | {"request_id":"fcf3b636e898563d","memory_mb":2,"timestamp":"2026-04-10 06:50:05"}
[2026-04-10 06:50:05] [info] [RID:fcf3b636e898563d] Bootstrap initializing | {"env":"production","request_id":"fcf3b636e898563d","memory_mb":2,"timestamp":"2026-04-10 06:50:05"}
[2026-04-10 06:50:05] [info] [RID:fcf3b636e898563d] API routing detected | {"version":"v1","route":"/public/discounts","is_versioned":true,"request_id":"fcf3b636e898563d","memory_mb":2,"timestamp":"2026-04-10 06:50:05"}
[2026-04-10 06:50:05] [info] [RID:fcf3b636e898563d] Session config loaded | {"request_id":"fcf3b636e898563d","memory_mb":2,"timestamp":"2026-04-10 06:50:05"}
[2026-04-10 06:50:05] [info] [RID:fcf3b636e898563d] RedisHelper loaded | {"request_id":"fcf3b636e898563d","memory_mb":2,"timestamp":"2026-04-10 06:50:05"}
[2026-04-10 06:50:05] [info] [RID:fcf3b636e898563d] RequestContext class loaded | {"request_id":"fcf3b636e898563d","memory_mb":2,"timestamp":"2026-04-10 06:50:05"}
[2026-04-10 06:50:05] [info] [RID:fcf3b636e898563d] Database connection established | {"request_id":"fcf3b636e898563d","memory_mb":2,"timestamp":"2026-04-10 06:50:05"}
[2026-04-10 06:50:05] [info] [RID:fcf3b636e898563d] CacheManager initialized | {"request_id":"fcf3b636e898563d","memory_mb":2,"timestamp":"2026-04-10 06:50:05"}
[2026-04-10 06:50:05] [info] [RID:fcf3b636e898563d] RequestContext created | {"request_id":"fcf3b636e898563d","user_id":null,"tenant_id":1,"roles_count":0,"permissions_count":0,"memory_mb":2,"timestamp":"2026-04-10 06:50:05"}
[2026-04-10 06:50:05] [info] [RID:fcf3b636e898563d] Redis extension not loaded - Redis disabled | {"request_id":"fcf3b636e898563d","memory_mb":2,"timestamp":"2026-04-10 06:50:05"}
[2026-04-10 06:50:05] [warning] [RID:fcf3b636e898563d] Rate limiting failed | {"error":"Redis unavailable","request_id":"fcf3b636e898563d","memory_mb":2,"timestamp":"2026-04-10 06:50:05"}
[2026-04-10 06:50:05] [info] [RID:fcf3b636e898563d] Bootstrap completed successfully | {"memory_usage_mb":2,"peak_memory_mb":2,"auth_method":"none","user_id":null,"tenant_id":1,"api_version":"v1","api_route":"/public/discounts","request_context":"loaded","cache_enabled":true,"redis_enabled":false,"database_connected":true,"execution_time_ms":13.3,"request_id":"fcf3b636e898563d","memory_mb":2,"timestamp":"2026-04-10 06:50:05"}
[2026-04-10 06:50:05] [info] [RID:88b5d8771f09f1d4] Advanced Logger initialized successfully | {"request_id":"88b5d8771f09f1d4","memory_mb":2,"timestamp":"2026-04-10 06:50:05"}
[2026-04-10 06:50:05] [info] [RID:88b5d8771f09f1d4] Bootstrap initializing | {"env":"production","request_id":"88b5d8771f09f1d4","memory_mb":2,"timestamp":"2026-04-10 06:50:05"}
[2026-04-10 06:50:05] [info] [RID:88b5d8771f09f1d4] API routing detected | {"version":"v1","route":"/public/products","is_versioned":true,"request_id":"88b5d8771f09f1d4","memory_mb":2,"timestamp":"2026-04-10 06:50:05"}
[2026-04-10 06:50:05] [info] [RID:88b5d8771f09f1d4] Session config loaded | {"request_id":"88b5d8771f09f1d4","memory_mb":2,"timestamp":"2026-04-10 06:50:05"}
[2026-04-10 06:50:05] [info] [RID:88b5d8771f09f1d4] RedisHelper loaded | {"request_id":"88b5d8771f09f1d4","memory_mb":2,"timestamp":"2026-04-10 06:50:05"}
[2026-04-10 06:50:05] [info] [RID:88b5d8771f09f1d4] RequestContext class loaded | {"request_id":"88b5d8771f09f1d4","memory_mb":2,"timestamp":"2026-04-10 06:50:05"}
[2026-04-10 06:50:05] [info] [RID:88b5d8771f09f1d4] Database connection established | {"request_id":"88b5d8771f09f1d4","memory_mb":2,"timestamp":"2026-04-10 06:50:05"}
[2026-04-10 06:50:05] [info] [RID:88b5d8771f09f1d4] CacheManager initialized | {"request_id":"88b5d8771f09f1d4","memory_mb":2,"timestamp":"2026-04-10 06:50:05"}
[2026-04-10 06:50:05] [info] [RID:88b5d8771f09f1d4] RequestContext created | {"request_id":"88b5d8771f09f1d4","user_id":null,"tenant_id":1,"roles_count":0,"permissions_count":0,"memory_mb":2,"timestamp":"2026-04-10 06:50:05"}
[2026-04-10 06:50:05] [info] [RID:88b5d8771f09f1d4] Redis extension not loaded - Redis disabled | {"request_id":"88b5d8771f09f1d4","memory_mb":2,"timestamp":"2026-04-10 06:50:05"}
[2026-04-10 06:50:05] [warning] [RID:88b5d8771f09f1d4] Rate limiting failed | {"error":"Redis unavailable","request_id":"88b5d8771f09f1d4","memory_mb":2,"timestamp":"2026-04-10 06:50:05"}
[2026-04-10 06:50:05] [info] [RID:88b5d8771f09f1d4] Bootstrap completed successfully | {"memory_usage_mb":2,"peak_memory_mb":2,"auth_method":"none","user_id":null,"tenant_id":1,"api_version":"v1","api_route":"/public/products","request_context":"loaded","cache_enabled":true,"redis_enabled":false,"database_connected":true,"execution_time_ms":41,"request_id":"88b5d8771f09f1d4","memory_mb":2,"timestamp":"2026-04-10 06:50:05"}
[2026-04-10 06:50:05] [info] [RID:730a0d2ec05edf7e] Advanced Logger initialized successfully | {"request_id":"730a0d2ec05edf7e","memory_mb":2,"timestamp":"2026-04-10 06:50:05"}
[2026-04-10 06:50:05] [info] [RID:730a0d2ec05edf7e] Bootstrap initializing | {"env":"production","request_id":"730a0d2ec05edf7e","memory_mb":2,"timestamp":"2026-04-10 06:50:05"}
[2026-04-10 06:50:05] [info] [RID:730a0d2ec05edf7e] API routing detected | {"version":"v1","route":"/public/products","is_versioned":true,"request_id":"730a0d2ec05edf7e","memory_mb":2,"timestamp":"2026-04-10 06:50:05"}
[2026-04-10 06:50:05] [info] [RID:730a0d2ec05edf7e] Session config loaded | {"request_id":"730a0d2ec05edf7e","memory_mb":2,"timestamp":"2026-04-10 06:50:05"}
[2026-04-10 06:50:05] [info] [RID:730a0d2ec05edf7e] RedisHelper loaded | {"request_id":"730a0d2ec05edf7e","memory_mb":2,"timestamp":"2026-04-10 06:50:05"}
[2026-04-10 06:50:05] [info] [RID:730a0d2ec05edf7e] RequestContext class loaded | {"request_id":"730a0d2ec05edf7e","memory_mb":2,"timestamp":"2026-04-10 06:50:05"}
[2026-04-10 06:50:05] [info] [RID:730a0d2ec05edf7e] Database connection established | {"request_id":"730a0d2ec05edf7e","memory_mb":2,"timestamp":"2026-04-10 06:50:05"}
[2026-04-10 06:50:05] [info] [RID:730a0d2ec05edf7e] CacheManager initialized | {"request_id":"730a0d2ec05edf7e","memory_mb":2,"timestamp":"2026-04-10 06:50:05"}
[2026-04-10 06:50:05] [info] [RID:730a0d2ec05edf7e] RequestContext created | {"request_id":"730a0d2ec05edf7e","user_id":null,"tenant_id":1,"roles_count":0,"permissions_count":0,"memory_mb":2,"timestamp":"2026-04-10 06:50:05"}
[2026-04-10 06:50:05] [info] [RID:730a0d2ec05edf7e] Redis extension not loaded - Redis disabled | {"request_id":"730a0d2ec05edf7e","memory_mb":2,"timestamp":"2026-04-10 06:50:05"}
[2026-04-10 06:50:05] [warning] [RID:730a0d2ec05edf7e] Rate limiting failed | {"error":"Redis unavailable","request_id":"730a0d2ec05edf7e","memory_mb":2,"timestamp":"2026-04-10 06:50:05"}
[2026-04-10 06:50:05] [info] [RID:730a0d2ec05edf7e] Bootstrap completed successfully | {"memory_usage_mb":2,"peak_memory_mb":2,"auth_method":"none","user_id":null,"tenant_id":1,"api_version":"v1","api_route":"/public/products","request_context":"loaded","cache_enabled":true,"redis_enabled":false,"database_connected":true,"execution_time_ms":24.9,"request_id":"730a0d2ec05edf7e","memory_mb":2,"timestamp":"2026-04-10 06:50:05"}
[2026-04-10 06:50:05] [info] [RID:2c4926293d34e1ff] Advanced Logger initialized successfully | {"request_id":"2c4926293d34e1ff","memory_mb":2,"timestamp":"2026-04-10 06:50:05"}
[2026-04-10 06:50:05] [info] [RID:2c4926293d34e1ff] Bootstrap initializing | {"env":"production","request_id":"2c4926293d34e1ff","memory_mb":2,"timestamp":"2026-04-10 06:50:05"}
[2026-04-10 06:50:05] [info] [RID:2c4926293d34e1ff] API routing detected | {"version":"v1","route":"/public/entities","is_versioned":true,"request_id":"2c4926293d34e1ff","memory_mb":2,"timestamp":"2026-04-10 06:50:05"}
[2026-04-10 06:50:05] [info] [RID:2c4926293d34e1ff] Session config loaded | {"request_id":"2c4926293d34e1ff","memory_mb":2,"timestamp":"2026-04-10 06:50:05"}
[2026-04-10 06:50:05] [info] [RID:2c4926293d34e1ff] RedisHelper loaded | {"request_id":"2c4926293d34e1ff","memory_mb":2,"timestamp":"2026-04-10 06:50:05"}
[2026-04-10 06:50:05] [info] [RID:2c4926293d34e1ff] RequestContext class loaded | {"request_id":"2c4926293d34e1ff","memory_mb":2,"timestamp":"2026-04-10 06:50:05"}
[2026-04-10 06:50:05] [info] [RID:2c4926293d34e1ff] Database connection established | {"request_id":"2c4926293d34e1ff","memory_mb":2,"timestamp":"2026-04-10 06:50:05"}
[2026-04-10 06:50:05] [info] [RID:2c4926293d34e1ff] CacheManager initialized | {"request_id":"2c4926293d34e1ff","memory_mb":2,"timestamp":"2026-04-10 06:50:05"}
[2026-04-10 06:50:05] [info] [RID:2c4926293d34e1ff] RequestContext created | {"request_id":"2c4926293d34e1ff","user_id":null,"tenant_id":1,"roles_count":0,"permissions_count":0,"memory_mb":2,"timestamp":"2026-04-10 06:50:05"}
[2026-04-10 06:50:05] [info] [RID:2c4926293d34e1ff] Redis extension not loaded - Redis disabled | {"request_id":"2c4926293d34e1ff","memory_mb":2,"timestamp":"2026-04-10 06:50:05"}
[2026-04-10 06:50:05] [warning] [RID:2c4926293d34e1ff] Rate limiting failed | {"error":"Redis unavailable","request_id":"2c4926293d34e1ff","memory_mb":2,"timestamp":"2026-04-10 06:50:05"}
[2026-04-10 06:50:05] [info] [RID:2c4926293d34e1ff] Bootstrap completed successfully | {"memory_usage_mb":2,"peak_memory_mb":2,"auth_method":"none","user_id":null,"tenant_id":1,"api_version":"v1","api_route":"/public/entities","request_context":"loaded","cache_enabled":true,"redis_enabled":false,"database_connected":true,"execution_time_ms":18.2,"request_id":"2c4926293d34e1ff","memory_mb":2,"timestamp":"2026-04-10 06:50:05"}
[2026-04-10 06:50:05] [info] [RID:d48673d9b702987e] Advanced Logger initialized successfully | {"request_id":"d48673d9b702987e","memory_mb":2,"timestamp":"2026-04-10 06:50:05"}
[2026-04-10 06:50:05] [info] [RID:d48673d9b702987e] Bootstrap initializing | {"env":"production","request_id":"d48673d9b702987e","memory_mb":2,"timestamp":"2026-04-10 06:50:05"}
[2026-04-10 06:50:05] [info] [RID:d48673d9b702987e] API routing detected | {"version":"v1","route":"/public/brands","is_versioned":true,"request_id":"d48673d9b702987e","memory_mb":2,"timestamp":"2026-04-10 06:50:05"}
[2026-04-10 06:50:05] [info] [RID:d48673d9b702987e] Session config loaded | {"request_id":"d48673d9b702987e","memory_mb":2,"timestamp":"2026-04-10 06:50:05"}
[2026-04-10 06:50:05] [info] [RID:d48673d9b702987e] RedisHelper loaded | {"request_id":"d48673d9b702987e","memory_mb":2,"timestamp":"2026-04-10 06:50:05"}
[2026-04-10 06:50:05] [info] [RID:d48673d9b702987e] RequestContext class loaded | {"request_id":"d48673d9b702987e","memory_mb":2,"timestamp":"2026-04-10 06:50:05"}
[2026-04-10 06:50:05] [info] [RID:d48673d9b702987e] Database connection established | {"request_id":"d48673d9b702987e","memory_mb":2,"timestamp":"2026-04-10 06:50:05"}
[2026-04-10 06:50:05] [info] [RID:d48673d9b702987e] CacheManager initialized | {"request_id":"d48673d9b702987e","memory_mb":2,"timestamp":"2026-04-10 06:50:05"}
[2026-04-10 06:50:05] [info] [RID:d48673d9b702987e] RequestContext created | {"request_id":"d48673d9b702987e","user_id":null,"tenant_id":1,"roles_count":0,"permissions_count":0,"memory_mb":2,"timestamp":"2026-04-10 06:50:05"}
[2026-04-10 06:50:05] [info] [RID:d48673d9b702987e] Redis extension not loaded - Redis disabled | {"request_id":"d48673d9b702987e","memory_mb":2,"timestamp":"2026-04-10 06:50:05"}
[2026-04-10 06:50:05] [warning] [RID:d48673d9b702987e] Rate limiting failed | {"error":"Redis unavailable","request_id":"d48673d9b702987e","memory_mb":2,"timestamp":"2026-04-10 06:50:05"}
[2026-04-10 06:50:05] [info] [RID:d48673d9b702987e] Bootstrap completed successfully | {"memory_usage_mb":2,"peak_memory_mb":2,"auth_method":"none","user_id":null,"tenant_id":1,"api_version":"v1","api_route":"/public/brands","request_context":"loaded","cache_enabled":true,"redis_enabled":false,"database_connected":true,"execution_time_ms":10,"request_id":"d48673d9b702987e","memory_mb":2,"timestamp":"2026-04-10 06:50:05"}
[2026-04-10 06:50:06] [info] [RID:5e0c08b86fdaff20] Advanced Logger initialized successfully | {"request_id":"5e0c08b86fdaff20","memory_mb":2,"timestamp":"2026-04-10 06:50:06"}
[2026-04-10 06:50:06] [info] [RID:5e0c08b86fdaff20] Bootstrap initializing | {"env":"production","request_id":"5e0c08b86fdaff20","memory_mb":2,"timestamp":"2026-04-10 06:50:06"}
[2026-04-10 06:50:06] [info] [RID:5e0c08b86fdaff20] API routing detected | {"version":"v1","route":"/public/auctions","is_versioned":true,"request_id":"5e0c08b86fdaff20","memory_mb":2,"timestamp":"2026-04-10 06:50:06"}
[2026-04-10 06:50:06] [info] [RID:5e0c08b86fdaff20] Session config loaded | {"request_id":"5e0c08b86fdaff20","memory_mb":2,"timestamp":"2026-04-10 06:50:06"}
[2026-04-10 06:50:06] [info] [RID:5e0c08b86fdaff20] RedisHelper loaded | {"request_id":"5e0c08b86fdaff20","memory_mb":2,"timestamp":"2026-04-10 06:50:06"}
[2026-04-10 06:50:06] [info] [RID:5e0c08b86fdaff20] RequestContext class loaded | {"request_id":"5e0c08b86fdaff20","memory_mb":2,"timestamp":"2026-04-10 06:50:06"}
[2026-04-10 06:50:06] [info] [RID:5e0c08b86fdaff20] Database connection established | {"request_id":"5e0c08b86fdaff20","memory_mb":2,"timestamp":"2026-04-10 06:50:06"}
[2026-04-10 06:50:06] [info] [RID:5e0c08b86fdaff20] CacheManager initialized | {"request_id":"5e0c08b86fdaff20","memory_mb":2,"timestamp":"2026-04-10 06:50:06"}
[2026-04-10 06:50:06] [info] [RID:5e0c08b86fdaff20] RequestContext created | {"request_id":"5e0c08b86fdaff20","user_id":null,"tenant_id":1,"roles_count":0,"permissions_count":0,"memory_mb":2,"timestamp":"2026-04-10 06:50:06"}
[2026-04-10 06:50:06] [info] [RID:5e0c08b86fdaff20] Redis extension not loaded - Redis disabled | {"request_id":"5e0c08b86fdaff20","memory_mb":2,"timestamp":"2026-04-10 06:50:06"}
[2026-04-10 06:50:06] [warning] [RID:5e0c08b86fdaff20] Rate limiting failed | {"error":"Redis unavailable","request_id":"5e0c08b86fdaff20","memory_mb":2,"timestamp":"2026-04-10 06:50:06"}
[2026-04-10 06:50:06] [info] [RID:5e0c08b86fdaff20] Bootstrap completed successfully | {"memory_usage_mb":2,"peak_memory_mb":2,"auth_method":"none","user_id":null,"tenant_id":1,"api_version":"v1","api_route":"/public/auctions","request_context":"loaded","cache_enabled":true,"redis_enabled":false,"database_connected":true,"execution_time_ms":6.8,"request_id":"5e0c08b86fdaff20","memory_mb":2,"timestamp":"2026-04-10 06:50:06"}
[2026-04-10 06:50:06] [info] [RID:ba9bb479202fe926] Advanced Logger initialized successfully | {"request_id":"ba9bb479202fe926","memory_mb":2,"timestamp":"2026-04-10 06:50:06"}
[2026-04-10 06:50:06] [info] [RID:ba9bb479202fe926] Bootstrap initializing | {"env":"production","request_id":"ba9bb479202fe926","memory_mb":2,"timestamp":"2026-04-10 06:50:06"}
[2026-04-10 06:50:06] [info] [RID:ba9bb479202fe926] API routing detected | {"version":"v1","route":"/public/jobs","is_versioned":true,"request_id":"ba9bb479202fe926","memory_mb":2,"timestamp":"2026-04-10 06:50:06"}
[2026-04-10 06:50:06] [info] [RID:ba9bb479202fe926] Session config loaded | {"request_id":"ba9bb479202fe926","memory_mb":2,"timestamp":"2026-04-10 06:50:06"}
[2026-04-10 06:50:06] [info] [RID:ba9bb479202fe926] RedisHelper loaded | {"request_id":"ba9bb479202fe926","memory_mb":2,"timestamp":"2026-04-10 06:50:06"}
[2026-04-10 06:50:06] [info] [RID:ba9bb479202fe926] RequestContext class loaded | {"request_id":"ba9bb479202fe926","memory_mb":2,"timestamp":"2026-04-10 06:50:06"}
[2026-04-10 06:50:06] [info] [RID:ba9bb479202fe926] Database connection established | {"request_id":"ba9bb479202fe926","memory_mb":2,"timestamp":"2026-04-10 06:50:06"}
[2026-04-10 06:50:06] [info] [RID:ba9bb479202fe926] CacheManager initialized | {"request_id":"ba9bb479202fe926","memory_mb":2,"timestamp":"2026-04-10 06:50:06"}
[2026-04-10 06:50:06] [info] [RID:ba9bb479202fe926] RequestContext created | {"request_id":"ba9bb479202fe926","user_id":null,"tenant_id":1,"roles_count":0,"permissions_count":0,"memory_mb":2,"timestamp":"2026-04-10 06:50:06"}
[2026-04-10 06:50:06] [info] [RID:ba9bb479202fe926] Redis extension not loaded - Redis disabled | {"request_id":"ba9bb479202fe926","memory_mb":2,"timestamp":"2026-04-10 06:50:06"}
[2026-04-10 06:50:06] [warning] [RID:ba9bb479202fe926] Rate limiting failed | {"error":"Redis unavailable","request_id":"ba9bb479202fe926","memory_mb":2,"timestamp":"2026-04-10 06:50:06"}
[2026-04-10 06:50:06] [info] [RID:ba9bb479202fe926] Bootstrap completed successfully | {"memory_usage_mb":2,"peak_memory_mb":2,"auth_method":"none","user_id":null,"tenant_id":1,"api_version":"v1","api_route":"/public/jobs","request_context":"loaded","cache_enabled":true,"redis_enabled":false,"database_connected":true,"execution_time_ms":7.6,"request_id":"ba9bb479202fe926","memory_mb":2,"timestamp":"2026-04-10 06:50:06"}
[2026-04-10 06:50:06] [info] [RID:b1c7e767f19a0d65] Advanced Logger initialized successfully | {"request_id":"b1c7e767f19a0d65","memory_mb":2,"timestamp":"2026-04-10 06:50:06"}
[2026-04-10 06:50:06] [info] [RID:b1c7e767f19a0d65] Bootstrap initializing | {"env":"production","request_id":"b1c7e767f19a0d65","memory_mb":2,"timestamp":"2026-04-10 06:50:06"}
[2026-04-10 06:50:06] [info] [RID:b1c7e767f19a0d65] API routing detected | {"version":"v1","route":"/public/user_devices","is_versioned":true,"request_id":"b1c7e767f19a0d65","memory_mb":2,"timestamp":"2026-04-10 06:50:06"}
[2026-04-10 06:50:06] [info] [RID:b1c7e767f19a0d65] Session config loaded | {"request_id":"b1c7e767f19a0d65","memory_mb":2,"timestamp":"2026-04-10 06:50:06"}
[2026-04-10 06:50:06] [info] [RID:b1c7e767f19a0d65] RedisHelper loaded | {"request_id":"b1c7e767f19a0d65","memory_mb":2,"timestamp":"2026-04-10 06:50:06"}
[2026-04-10 06:50:06] [info] [RID:b1c7e767f19a0d65] RequestContext class loaded | {"request_id":"b1c7e767f19a0d65","memory_mb":2,"timestamp":"2026-04-10 06:50:06"}
[2026-04-10 06:50:06] [info] [RID:b1c7e767f19a0d65] Database connection established | {"request_id":"b1c7e767f19a0d65","memory_mb":2,"timestamp":"2026-04-10 06:50:06"}
[2026-04-10 06:50:06] [info] [RID:b1c7e767f19a0d65] CacheManager initialized | {"request_id":"b1c7e767f19a0d65","memory_mb":2,"timestamp":"2026-04-10 06:50:06"}
[2026-04-10 06:50:06] [info] [RID:b1c7e767f19a0d65] User authenticated via session | {"request_id":"b1c7e767f19a0d65","memory_mb":2,"timestamp":"2026-04-10 06:50:06"}
[2026-04-10 06:50:06] [info] [RID:b1c7e767f19a0d65] RequestContext created | {"request_id":"b1c7e767f19a0d65","user_id":7,"tenant_id":1,"roles_count":1,"permissions_count":28,"memory_mb":2,"timestamp":"2026-04-10 06:50:06"}
[2026-04-10 06:50:06] [info] [RID:b1c7e767f19a0d65] Redis extension not loaded - Redis disabled | {"request_id":"b1c7e767f19a0d65","memory_mb":2,"timestamp":"2026-04-10 06:50:06"}
[2026-04-10 06:50:06] [warning] [RID:b1c7e767f19a0d65] Rate limiting failed | {"error":"Redis unavailable","request_id":"b1c7e767f19a0d65","memory_mb":2,"timestamp":"2026-04-10 06:50:06"}
[2026-04-10 06:50:06] [info] [RID:b1c7e767f19a0d65] Bootstrap completed successfully | {"memory_usage_mb":2,"peak_memory_mb":2,"auth_method":"session","user_id":7,"tenant_id":1,"api_version":"v1","api_route":"/public/user_devices","request_context":"loaded","cache_enabled":true,"redis_enabled":false,"database_connected":true,"execution_time_ms":13.4,"request_id":"b1c7e767f19a0d65","memory_mb":2,"timestamp":"2026-04-10 06:50:06"}
[2026-04-10 07:06:30] [info] [RID:524ce94962bcfe2d] Advanced Logger initialized successfully | {"request_id":"524ce94962bcfe2d","memory_mb":2,"timestamp":"2026-04-10 07:06:30"}
[2026-04-10 07:06:30] [info] [RID:524ce94962bcfe2d] Bootstrap initializing | {"env":"production","request_id":"524ce94962bcfe2d","memory_mb":2,"timestamp":"2026-04-10 07:06:30"}
[2026-04-10 07:06:30] [info] [RID:524ce94962bcfe2d] API routing detected | {"version":"v1","route":"/auth","is_versioned":true,"request_id":"524ce94962bcfe2d","memory_mb":2,"timestamp":"2026-04-10 07:06:30"}
[2026-04-10 07:06:30] [info] [RID:524ce94962bcfe2d] Session config loaded | {"request_id":"524ce94962bcfe2d","memory_mb":2,"timestamp":"2026-04-10 07:06:30"}
[2026-04-10 07:06:30] [info] [RID:524ce94962bcfe2d] RedisHelper loaded | {"request_id":"524ce94962bcfe2d","memory_mb":2,"timestamp":"2026-04-10 07:06:30"}
[2026-04-10 07:06:30] [info] [RID:524ce94962bcfe2d] RequestContext class loaded | {"request_id":"524ce94962bcfe2d","memory_mb":2,"timestamp":"2026-04-10 07:06:30"}
[2026-04-10 07:06:30] [info] [RID:524ce94962bcfe2d] Database connection established | {"request_id":"524ce94962bcfe2d","memory_mb":2,"timestamp":"2026-04-10 07:06:30"}
[2026-04-10 07:06:30] [info] [RID:524ce94962bcfe2d] CacheManager initialized | {"request_id":"524ce94962bcfe2d","memory_mb":2,"timestamp":"2026-04-10 07:06:30"}
[2026-04-10 07:06:30] [info] [RID:524ce94962bcfe2d] RequestContext created | {"request_id":"524ce94962bcfe2d","user_id":null,"tenant_id":1,"roles_count":0,"permissions_count":0,"memory_mb":2,"timestamp":"2026-04-10 07:06:30"}
[2026-04-10 07:06:30] [info] [RID:524ce94962bcfe2d] Redis extension not loaded - Redis disabled | {"request_id":"524ce94962bcfe2d","memory_mb":2,"timestamp":"2026-04-10 07:06:30"}
[2026-04-10 07:06:30] [warning] [RID:524ce94962bcfe2d] Rate limiting failed | {"error":"Redis unavailable","request_id":"524ce94962bcfe2d","memory_mb":2,"timestamp":"2026-04-10 07:06:30"}
[2026-04-10 07:06:30] [info] [RID:524ce94962bcfe2d] Bootstrap completed successfully | {"memory_usage_mb":2,"peak_memory_mb":2,"auth_method":"none","user_id":null,"tenant_id":1,"api_version":"v1","api_route":"/auth","request_context":"loaded","cache_enabled":true,"redis_enabled":false,"database_connected":true,"execution_time_ms":19.4,"request_id":"524ce94962bcfe2d","memory_mb":2,"timestamp":"2026-04-10 07:06:30"}
[2026-04-10 07:06:30] [info] [RID:5a7a048bb4f05cdd] Advanced Logger initialized successfully | {"request_id":"5a7a048bb4f05cdd","memory_mb":2,"timestamp":"2026-04-10 07:06:30"}
[2026-04-10 07:06:30] [info] [RID:5a7a048bb4f05cdd] Bootstrap initializing | {"env":"production","request_id":"5a7a048bb4f05cdd","memory_mb":2,"timestamp":"2026-04-10 07:06:30"}
[2026-04-10 07:06:30] [info] [RID:5a7a048bb4f05cdd] API routing detected | {"version":"v1","route":"/public/homepage_sections","is_versioned":true,"request_id":"5a7a048bb4f05cdd","memory_mb":2,"timestamp":"2026-04-10 07:06:30"}
[2026-04-10 07:06:30] [info] [RID:5a7a048bb4f05cdd] Session config loaded | {"request_id":"5a7a048bb4f05cdd","memory_mb":2,"timestamp":"2026-04-10 07:06:30"}
[2026-04-10 07:06:30] [info] [RID:5a7a048bb4f05cdd] RedisHelper loaded | {"request_id":"5a7a048bb4f05cdd","memory_mb":2,"timestamp":"2026-04-10 07:06:30"}
[2026-04-10 07:06:30] [info] [RID:5a7a048bb4f05cdd] RequestContext class loaded | {"request_id":"5a7a048bb4f05cdd","memory_mb":2,"timestamp":"2026-04-10 07:06:30"}
[2026-04-10 07:06:30] [info] [RID:5a7a048bb4f05cdd] Database connection established | {"request_id":"5a7a048bb4f05cdd","memory_mb":2,"timestamp":"2026-04-10 07:06:30"}
[2026-04-10 07:06:30] [info] [RID:5a7a048bb4f05cdd] CacheManager initialized | {"request_id":"5a7a048bb4f05cdd","memory_mb":2,"timestamp":"2026-04-10 07:06:30"}
[2026-04-10 07:06:30] [info] [RID:5a7a048bb4f05cdd] RequestContext created | {"request_id":"5a7a048bb4f05cdd","user_id":null,"tenant_id":1,"roles_count":0,"permissions_count":0,"memory_mb":2,"timestamp":"2026-04-10 07:06:30"}
[2026-04-10 07:06:30] [info] [RID:5a7a048bb4f05cdd] Redis extension not loaded - Redis disabled | {"request_id":"5a7a048bb4f05cdd","memory_mb":2,"timestamp":"2026-04-10 07:06:30"}
[2026-04-10 07:06:30] [warning] [RID:5a7a048bb4f05cdd] Rate limiting failed | {"error":"Redis unavailable","request_id":"5a7a048bb4f05cdd","memory_mb":2,"timestamp":"2026-04-10 07:06:30"}
[2026-04-10 07:06:30] [info] [RID:5a7a048bb4f05cdd] Bootstrap completed successfully | {"memory_usage_mb":2,"peak_memory_mb":2,"auth_method":"none","user_id":null,"tenant_id":1,"api_version":"v1","api_route":"/public/homepage_sections","request_context":"loaded","cache_enabled":true,"redis_enabled":false,"database_connected":true,"execution_time_ms":6.1,"request_id":"5a7a048bb4f05cdd","memory_mb":2,"timestamp":"2026-04-10 07:06:30"}
[2026-04-10 07:06:31] [info] [RID:2a08b4f6b1be67c0] Advanced Logger initialized successfully | {"request_id":"2a08b4f6b1be67c0","memory_mb":2,"timestamp":"2026-04-10 07:06:31"}
[2026-04-10 07:06:31] [info] [RID:2a08b4f6b1be67c0] Bootstrap initializing | {"env":"production","request_id":"2a08b4f6b1be67c0","memory_mb":2,"timestamp":"2026-04-10 07:06:31"}
[2026-04-10 07:06:31] [info] [RID:2a08b4f6b1be67c0] API routing detected | {"version":"v1","route":"/public/ads","is_versioned":true,"request_id":"2a08b4f6b1be67c0","memory_mb":2,"timestamp":"2026-04-10 07:06:31"}
[2026-04-10 07:06:31] [info] [RID:2a08b4f6b1be67c0] Session config loaded | {"request_id":"2a08b4f6b1be67c0","memory_mb":2,"timestamp":"2026-04-10 07:06:31"}
[2026-04-10 07:06:31] [info] [RID:2a08b4f6b1be67c0] RedisHelper loaded | {"request_id":"2a08b4f6b1be67c0","memory_mb":2,"timestamp":"2026-04-10 07:06:31"}
[2026-04-10 07:06:31] [info] [RID:2a08b4f6b1be67c0] RequestContext class loaded | {"request_id":"2a08b4f6b1be67c0","memory_mb":2,"timestamp":"2026-04-10 07:06:31"}
[2026-04-10 07:06:31] [info] [RID:2a08b4f6b1be67c0] Database connection established | {"request_id":"2a08b4f6b1be67c0","memory_mb":2,"timestamp":"2026-04-10 07:06:31"}
[2026-04-10 07:06:31] [info] [RID:2a08b4f6b1be67c0] CacheManager initialized | {"request_id":"2a08b4f6b1be67c0","memory_mb":2,"timestamp":"2026-04-10 07:06:31"}
[2026-04-10 07:06:31] [info] [RID:2a08b4f6b1be67c0] RequestContext created | {"request_id":"2a08b4f6b1be67c0","user_id":null,"tenant_id":1,"roles_count":0,"permissions_count":0,"memory_mb":2,"timestamp":"2026-04-10 07:06:31"}
[2026-04-10 07:06:31] [info] [RID:2a08b4f6b1be67c0] Redis extension not loaded - Redis disabled | {"request_id":"2a08b4f6b1be67c0","memory_mb":2,"timestamp":"2026-04-10 07:06:31"}
[2026-04-10 07:06:31] [warning] [RID:2a08b4f6b1be67c0] Rate limiting failed | {"error":"Redis unavailable","request_id":"2a08b4f6b1be67c0","memory_mb":2,"timestamp":"2026-04-10 07:06:31"}
[2026-04-10 07:06:31] [info] [RID:2a08b4f6b1be67c0] Bootstrap completed successfully | {"memory_usage_mb":2,"peak_memory_mb":2,"auth_method":"none","user_id":null,"tenant_id":1,"api_version":"v1","api_route":"/public/ads","request_context":"loaded","cache_enabled":true,"redis_enabled":false,"database_connected":true,"execution_time_ms":6.1,"request_id":"2a08b4f6b1be67c0","memory_mb":2,"timestamp":"2026-04-10 07:06:31"}
[2026-04-10 07:06:31] [info] [RID:6cdf5d803974f536] Advanced Logger initialized successfully | {"request_id":"6cdf5d803974f536","memory_mb":2,"timestamp":"2026-04-10 07:06:31"}
[2026-04-10 07:06:31] [info] [RID:6cdf5d803974f536] Bootstrap initializing | {"env":"production","request_id":"6cdf5d803974f536","memory_mb":2,"timestamp":"2026-04-10 07:06:31"}
[2026-04-10 07:06:31] [info] [RID:6cdf5d803974f536] API routing detected | {"version":"v1","route":"/public/categories","is_versioned":true,"request_id":"6cdf5d803974f536","memory_mb":2,"timestamp":"2026-04-10 07:06:31"}
[2026-04-10 07:06:31] [info] [RID:6cdf5d803974f536] Session config loaded | {"request_id":"6cdf5d803974f536","memory_mb":2,"timestamp":"2026-04-10 07:06:31"}
[2026-04-10 07:06:31] [info] [RID:6cdf5d803974f536] RedisHelper loaded | {"request_id":"6cdf5d803974f536","memory_mb":2,"timestamp":"2026-04-10 07:06:31"}
[2026-04-10 07:06:31] [info] [RID:6cdf5d803974f536] RequestContext class loaded | {"request_id":"6cdf5d803974f536","memory_mb":2,"timestamp":"2026-04-10 07:06:31"}
[2026-04-10 07:06:31] [info] [RID:6cdf5d803974f536] Database connection established | {"request_id":"6cdf5d803974f536","memory_mb":2,"timestamp":"2026-04-10 07:06:31"}
[2026-04-10 07:06:31] [info] [RID:6cdf5d803974f536] CacheManager initialized | {"request_id":"6cdf5d803974f536","memory_mb":2,"timestamp":"2026-04-10 07:06:31"}
[2026-04-10 07:06:31] [info] [RID:6cdf5d803974f536] RequestContext created | {"request_id":"6cdf5d803974f536","user_id":null,"tenant_id":1,"roles_count":0,"permissions_count":0,"memory_mb":2,"timestamp":"2026-04-10 07:06:31"}
[2026-04-10 07:06:31] [info] [RID:6cdf5d803974f536] Redis extension not loaded - Redis disabled | {"request_id":"6cdf5d803974f536","memory_mb":2,"timestamp":"2026-04-10 07:06:31"}
[2026-04-10 07:06:31] [warning] [RID:6cdf5d803974f536] Rate limiting failed | {"error":"Redis unavailable","request_id":"6cdf5d803974f536","memory_mb":2,"timestamp":"2026-04-10 07:06:31"}
[2026-04-10 07:06:31] [info] [RID:6cdf5d803974f536] Bootstrap completed successfully | {"memory_usage_mb":2,"peak_memory_mb":2,"auth_method":"none","user_id":null,"tenant_id":1,"api_version":"v1","api_route":"/public/categories","request_context":"loaded","cache_enabled":true,"redis_enabled":false,"database_connected":true,"execution_time_ms":5.1,"request_id":"6cdf5d803974f536","memory_mb":2,"timestamp":"2026-04-10 07:06:31"}
[2026-04-10 07:06:31] [info] [RID:0875dfb7a62a7bad] Advanced Logger initialized successfully | {"request_id":"0875dfb7a62a7bad","memory_mb":2,"timestamp":"2026-04-10 07:06:31"}
[2026-04-10 07:06:31] [info] [RID:0875dfb7a62a7bad] Bootstrap initializing | {"env":"production","request_id":"0875dfb7a62a7bad","memory_mb":2,"timestamp":"2026-04-10 07:06:31"}
[2026-04-10 07:06:31] [info] [RID:0875dfb7a62a7bad] API routing detected | {"version":"v1","route":"/public/discounts","is_versioned":true,"request_id":"0875dfb7a62a7bad","memory_mb":2,"timestamp":"2026-04-10 07:06:31"}
[2026-04-10 07:06:31] [info] [RID:0875dfb7a62a7bad] Session config loaded | {"request_id":"0875dfb7a62a7bad","memory_mb":2,"timestamp":"2026-04-10 07:06:31"}
[2026-04-10 07:06:31] [info] [RID:0875dfb7a62a7bad] RedisHelper loaded | {"request_id":"0875dfb7a62a7bad","memory_mb":2,"timestamp":"2026-04-10 07:06:31"}
[2026-04-10 07:06:31] [info] [RID:0875dfb7a62a7bad] RequestContext class loaded | {"request_id":"0875dfb7a62a7bad","memory_mb":2,"timestamp":"2026-04-10 07:06:31"}
[2026-04-10 07:06:31] [info] [RID:0875dfb7a62a7bad] Database connection established | {"request_id":"0875dfb7a62a7bad","memory_mb":2,"timestamp":"2026-04-10 07:06:31"}
[2026-04-10 07:06:31] [info] [RID:0875dfb7a62a7bad] CacheManager initialized | {"request_id":"0875dfb7a62a7bad","memory_mb":2,"timestamp":"2026-04-10 07:06:31"}
[2026-04-10 07:06:31] [info] [RID:0875dfb7a62a7bad] RequestContext created | {"request_id":"0875dfb7a62a7bad","user_id":null,"tenant_id":1,"roles_count":0,"permissions_count":0,"memory_mb":2,"timestamp":"2026-04-10 07:06:31"}
[2026-04-10 07:06:31] [info] [RID:0875dfb7a62a7bad] Redis extension not loaded - Redis disabled | {"request_id":"0875dfb7a62a7bad","memory_mb":2,"timestamp":"2026-04-10 07:06:31"}
[2026-04-10 07:06:31] [warning] [RID:0875dfb7a62a7bad] Rate limiting failed | {"error":"Redis unavailable","request_id":"0875dfb7a62a7bad","memory_mb":2,"timestamp":"2026-04-10 07:06:31"}
[2026-04-10 07:06:31] [info] [RID:0875dfb7a62a7bad] Bootstrap completed successfully | {"memory_usage_mb":2,"peak_memory_mb":2,"auth_method":"none","user_id":null,"tenant_id":1,"api_version":"v1","api_route":"/public/discounts","request_context":"loaded","cache_enabled":true,"redis_enabled":false,"database_connected":true,"execution_time_ms":4.6,"request_id":"0875dfb7a62a7bad","memory_mb":2,"timestamp":"2026-04-10 07:06:31"}
[2026-04-10 07:06:31] [info] [RID:6ce48280344e806d] Advanced Logger initialized successfully | {"request_id":"6ce48280344e806d","memory_mb":2,"timestamp":"2026-04-10 07:06:31"}
[2026-04-10 07:06:31] [info] [RID:6ce48280344e806d] Bootstrap initializing | {"env":"production","request_id":"6ce48280344e806d","memory_mb":2,"timestamp":"2026-04-10 07:06:31"}
[2026-04-10 07:06:31] [info] [RID:6ce48280344e806d] API routing detected | {"version":"v1","route":"/public/products","is_versioned":true,"request_id":"6ce48280344e806d","memory_mb":2,"timestamp":"2026-04-10 07:06:31"}
[2026-04-10 07:06:31] [info] [RID:6ce48280344e806d] Session config loaded | {"request_id":"6ce48280344e806d","memory_mb":2,"timestamp":"2026-04-10 07:06:31"}
[2026-04-10 07:06:31] [info] [RID:6ce48280344e806d] RedisHelper loaded | {"request_id":"6ce48280344e806d","memory_mb":2,"timestamp":"2026-04-10 07:06:31"}
[2026-04-10 07:06:31] [info] [RID:6ce48280344e806d] RequestContext class loaded | {"request_id":"6ce48280344e806d","memory_mb":2,"timestamp":"2026-04-10 07:06:31"}
[2026-04-10 07:06:31] [info] [RID:6ce48280344e806d] Database connection established | {"request_id":"6ce48280344e806d","memory_mb":2,"timestamp":"2026-04-10 07:06:31"}
[2026-04-10 07:06:31] [info] [RID:6ce48280344e806d] CacheManager initialized | {"request_id":"6ce48280344e806d","memory_mb":2,"timestamp":"2026-04-10 07:06:31"}
[2026-04-10 07:06:31] [info] [RID:6ce48280344e806d] RequestContext created | {"request_id":"6ce48280344e806d","user_id":null,"tenant_id":1,"roles_count":0,"permissions_count":0,"memory_mb":2,"timestamp":"2026-04-10 07:06:31"}
[2026-04-10 07:06:31] [info] [RID:6ce48280344e806d] Redis extension not loaded - Redis disabled | {"request_id":"6ce48280344e806d","memory_mb":2,"timestamp":"2026-04-10 07:06:31"}
[2026-04-10 07:06:31] [warning] [RID:6ce48280344e806d] Rate limiting failed | {"error":"Redis unavailable","request_id":"6ce48280344e806d","memory_mb":2,"timestamp":"2026-04-10 07:06:31"}
[2026-04-10 07:06:31] [info] [RID:6ce48280344e806d] Bootstrap completed successfully | {"memory_usage_mb":2,"peak_memory_mb":2,"auth_method":"none","user_id":null,"tenant_id":1,"api_version":"v1","api_route":"/public/products","request_context":"loaded","cache_enabled":true,"redis_enabled":false,"database_connected":true,"execution_time_ms":5.8,"request_id":"6ce48280344e806d","memory_mb":2,"timestamp":"2026-04-10 07:06:31"}
[2026-04-10 07:06:31] [info] [RID:f36d0e78f8d0f66d] Advanced Logger initialized successfully | {"request_id":"f36d0e78f8d0f66d","memory_mb":2,"timestamp":"2026-04-10 07:06:31"}
[2026-04-10 07:06:31] [info] [RID:f36d0e78f8d0f66d] Bootstrap initializing | {"env":"production","request_id":"f36d0e78f8d0f66d","memory_mb":2,"timestamp":"2026-04-10 07:06:31"}
[2026-04-10 07:06:31] [info] [RID:f36d0e78f8d0f66d] API routing detected | {"version":"v1","route":"/public/products","is_versioned":true,"request_id":"f36d0e78f8d0f66d","memory_mb":2,"timestamp":"2026-04-10 07:06:31"}
[2026-04-10 07:06:31] [info] [RID:f36d0e78f8d0f66d] Session config loaded | {"request_id":"f36d0e78f8d0f66d","memory_mb":2,"timestamp":"2026-04-10 07:06:31"}
[2026-04-10 07:06:31] [info] [RID:f36d0e78f8d0f66d] RedisHelper loaded | {"request_id":"f36d0e78f8d0f66d","memory_mb":2,"timestamp":"2026-04-10 07:06:31"}
[2026-04-10 07:06:31] [info] [RID:f36d0e78f8d0f66d] RequestContext class loaded | {"request_id":"f36d0e78f8d0f66d","memory_mb":2,"timestamp":"2026-04-10 07:06:31"}
[2026-04-10 07:06:31] [info] [RID:f36d0e78f8d0f66d] Database connection established | {"request_id":"f36d0e78f8d0f66d","memory_mb":2,"timestamp":"2026-04-10 07:06:31"}
[2026-04-10 07:06:31] [info] [RID:f36d0e78f8d0f66d] CacheManager initialized | {"request_id":"f36d0e78f8d0f66d","memory_mb":2,"timestamp":"2026-04-10 07:06:31"}
[2026-04-10 07:06:31] [info] [RID:f36d0e78f8d0f66d] RequestContext created | {"request_id":"f36d0e78f8d0f66d","user_id":null,"tenant_id":1,"roles_count":0,"permissions_count":0,"memory_mb":2,"timestamp":"2026-04-10 07:06:31"}
[2026-04-10 07:06:31] [info] [RID:f36d0e78f8d0f66d] Redis extension not loaded - Redis disabled | {"request_id":"f36d0e78f8d0f66d","memory_mb":2,"timestamp":"2026-04-10 07:06:31"}
[2026-04-10 07:06:31] [warning] [RID:f36d0e78f8d0f66d] Rate limiting failed | {"error":"Redis unavailable","request_id":"f36d0e78f8d0f66d","memory_mb":2,"timestamp":"2026-04-10 07:06:31"}
[2026-04-10 07:06:31] [info] [RID:f36d0e78f8d0f66d] Bootstrap completed successfully | {"memory_usage_mb":2,"peak_memory_mb":2,"auth_method":"none","user_id":null,"tenant_id":1,"api_version":"v1","api_route":"/public/products","request_context":"loaded","cache_enabled":true,"redis_enabled":false,"database_connected":true,"execution_time_ms":8.1,"request_id":"f36d0e78f8d0f66d","memory_mb":2,"timestamp":"2026-04-10 07:06:31"}
[2026-04-10 07:06:31] [info] [RID:0ef332621c748d7d] Advanced Logger initialized successfully | {"request_id":"0ef332621c748d7d","memory_mb":2,"timestamp":"2026-04-10 07:06:31"}
[2026-04-10 07:06:31] [info] [RID:0ef332621c748d7d] Bootstrap initializing | {"env":"production","request_id":"0ef332621c748d7d","memory_mb":2,"timestamp":"2026-04-10 07:06:31"}
[2026-04-10 07:06:31] [info] [RID:0ef332621c748d7d] API routing detected | {"version":"v1","route":"/public/entities","is_versioned":true,"request_id":"0ef332621c748d7d","memory_mb":2,"timestamp":"2026-04-10 07:06:31"}
[2026-04-10 07:06:31] [info] [RID:0ef332621c748d7d] Session config loaded | {"request_id":"0ef332621c748d7d","memory_mb":2,"timestamp":"2026-04-10 07:06:31"}
[2026-04-10 07:06:31] [info] [RID:0ef332621c748d7d] RedisHelper loaded | {"request_id":"0ef332621c748d7d","memory_mb":2,"timestamp":"2026-04-10 07:06:31"}
[2026-04-10 07:06:31] [info] [RID:0ef332621c748d7d] RequestContext class loaded | {"request_id":"0ef332621c748d7d","memory_mb":2,"timestamp":"2026-04-10 07:06:31"}
[2026-04-10 07:06:31] [info] [RID:0ef332621c748d7d] Database connection established | {"request_id":"0ef332621c748d7d","memory_mb":2,"timestamp":"2026-04-10 07:06:31"}
[2026-04-10 07:06:31] [info] [RID:0ef332621c748d7d] CacheManager initialized | {"request_id":"0ef332621c748d7d","memory_mb":2,"timestamp":"2026-04-10 07:06:31"}
[2026-04-10 07:06:31] [info] [RID:0ef332621c748d7d] RequestContext created | {"request_id":"0ef332621c748d7d","user_id":null,"tenant_id":1,"roles_count":0,"permissions_count":0,"memory_mb":2,"timestamp":"2026-04-10 07:06:31"}
[2026-04-10 07:06:31] [info] [RID:0ef332621c748d7d] Redis extension not loaded - Redis disabled | {"request_id":"0ef332621c748d7d","memory_mb":2,"timestamp":"2026-04-10 07:06:31"}
[2026-04-10 07:06:31] [warning] [RID:0ef332621c748d7d] Rate limiting failed | {"error":"Redis unavailable","request_id":"0ef332621c748d7d","memory_mb":2,"timestamp":"2026-04-10 07:06:31"}
[2026-04-10 07:06:31] [info] [RID:0ef332621c748d7d] Bootstrap completed successfully | {"memory_usage_mb":2,"peak_memory_mb":2,"auth_method":"none","user_id":null,"tenant_id":1,"api_version":"v1","api_route":"/public/entities","request_context":"loaded","cache_enabled":true,"redis_enabled":false,"database_connected":true,"execution_time_ms":4.9,"request_id":"0ef332621c748d7d","memory_mb":2,"timestamp":"2026-04-10 07:06:31"}
[2026-04-10 07:06:31] [info] [RID:4d51e3843b623450] Advanced Logger initialized successfully | {"request_id":"4d51e3843b623450","memory_mb":2,"timestamp":"2026-04-10 07:06:31"}
[2026-04-10 07:06:31] [info] [RID:4d51e3843b623450] Bootstrap initializing | {"env":"production","request_id":"4d51e3843b623450","memory_mb":2,"timestamp":"2026-04-10 07:06:31"}
[2026-04-10 07:06:31] [info] [RID:4d51e3843b623450] API routing detected | {"version":"v1","route":"/public/brands","is_versioned":true,"request_id":"4d51e3843b623450","memory_mb":2,"timestamp":"2026-04-10 07:06:31"}
[2026-04-10 07:06:31] [info] [RID:4d51e3843b623450] Session config loaded | {"request_id":"4d51e3843b623450","memory_mb":2,"timestamp":"2026-04-10 07:06:31"}
[2026-04-10 07:06:31] [info] [RID:4d51e3843b623450] RedisHelper loaded | {"request_id":"4d51e3843b623450","memory_mb":2,"timestamp":"2026-04-10 07:06:31"}
[2026-04-10 07:06:31] [info] [RID:4d51e3843b623450] RequestContext class loaded | {"request_id":"4d51e3843b623450","memory_mb":2,"timestamp":"2026-04-10 07:06:31"}
[2026-04-10 07:06:31] [info] [RID:4d51e3843b623450] Database connection established | {"request_id":"4d51e3843b623450","memory_mb":2,"timestamp":"2026-04-10 07:06:31"}
[2026-04-10 07:06:31] [info] [RID:4d51e3843b623450] CacheManager initialized | {"request_id":"4d51e3843b623450","memory_mb":2,"timestamp":"2026-04-10 07:06:31"}
[2026-04-10 07:06:31] [info] [RID:4d51e3843b623450] RequestContext created | {"request_id":"4d51e3843b623450","user_id":null,"tenant_id":1,"roles_count":0,"permissions_count":0,"memory_mb":2,"timestamp":"2026-04-10 07:06:31"}
[2026-04-10 07:06:31] [info] [RID:4d51e3843b623450] Redis extension not loaded - Redis disabled | {"request_id":"4d51e3843b623450","memory_mb":2,"timestamp":"2026-04-10 07:06:31"}
[2026-04-10 07:06:31] [warning] [RID:4d51e3843b623450] Rate limiting failed | {"error":"Redis unavailable","request_id":"4d51e3843b623450","memory_mb":2,"timestamp":"2026-04-10 07:06:31"}
[2026-04-10 07:06:31] [info] [RID:4d51e3843b623450] Bootstrap completed successfully | {"memory_usage_mb":2,"peak_memory_mb":2,"auth_method":"none","user_id":null,"tenant_id":1,"api_version":"v1","api_route":"/public/brands","request_context":"loaded","cache_enabled":true,"redis_enabled":false,"database_connected":true,"execution_time_ms":4.8,"request_id":"4d51e3843b623450","memory_mb":2,"timestamp":"2026-04-10 07:06:31"}
[2026-04-10 07:06:31] [info] [RID:2ced5e93e2364507] Advanced Logger initialized successfully | {"request_id":"2ced5e93e2364507","memory_mb":2,"timestamp":"2026-04-10 07:06:31"}
[2026-04-10 07:06:31] [info] [RID:2ced5e93e2364507] Bootstrap initializing | {"env":"production","request_id":"2ced5e93e2364507","memory_mb":2,"timestamp":"2026-04-10 07:06:31"}
[2026-04-10 07:06:31] [info] [RID:2ced5e93e2364507] API routing detected | {"version":"v1","route":"/public/auctions","is_versioned":true,"request_id":"2ced5e93e2364507","memory_mb":2,"timestamp":"2026-04-10 07:06:31"}
[2026-04-10 07:06:31] [info] [RID:2ced5e93e2364507] Session config loaded | {"request_id":"2ced5e93e2364507","memory_mb":2,"timestamp":"2026-04-10 07:06:31"}
[2026-04-10 07:06:31] [info] [RID:2ced5e93e2364507] RedisHelper loaded | {"request_id":"2ced5e93e2364507","memory_mb":2,"timestamp":"2026-04-10 07:06:31"}
[2026-04-10 07:06:31] [info] [RID:2ced5e93e2364507] RequestContext class loaded | {"request_id":"2ced5e93e2364507","memory_mb":2,"timestamp":"2026-04-10 07:06:31"}
[2026-04-10 07:06:31] [info] [RID:2ced5e93e2364507] Database connection established | {"request_id":"2ced5e93e2364507","memory_mb":2,"timestamp":"2026-04-10 07:06:31"}
[2026-04-10 07:06:31] [info] [RID:2ced5e93e2364507] CacheManager initialized | {"request_id":"2ced5e93e2364507","memory_mb":2,"timestamp":"2026-04-10 07:06:31"}
[2026-04-10 07:06:31] [info] [RID:2ced5e93e2364507] RequestContext created | {"request_id":"2ced5e93e2364507","user_id":null,"tenant_id":1,"roles_count":0,"permissions_count":0,"memory_mb":2,"timestamp":"2026-04-10 07:06:31"}
[2026-04-10 07:06:31] [info] [RID:2ced5e93e2364507] Redis extension not loaded - Redis disabled | {"request_id":"2ced5e93e2364507","memory_mb":2,"timestamp":"2026-04-10 07:06:31"}
[2026-04-10 07:06:31] [warning] [RID:2ced5e93e2364507] Rate limiting failed | {"error":"Redis unavailable","request_id":"2ced5e93e2364507","memory_mb":2,"timestamp":"2026-04-10 07:06:31"}
[2026-04-10 07:06:31] [info] [RID:2ced5e93e2364507] Bootstrap completed successfully | {"memory_usage_mb":2,"peak_memory_mb":2,"auth_method":"none","user_id":null,"tenant_id":1,"api_version":"v1","api_route":"/public/auctions","request_context":"loaded","cache_enabled":true,"redis_enabled":false,"database_connected":true,"execution_time_ms":5.1,"request_id":"2ced5e93e2364507","memory_mb":2,"timestamp":"2026-04-10 07:06:31"}
[2026-04-10 07:06:31] [info] [RID:a6155afac51f4fcb] Advanced Logger initialized successfully | {"request_id":"a6155afac51f4fcb","memory_mb":2,"timestamp":"2026-04-10 07:06:31"}
[2026-04-10 07:06:31] [info] [RID:a6155afac51f4fcb] Bootstrap initializing | {"env":"production","request_id":"a6155afac51f4fcb","memory_mb":2,"timestamp":"2026-04-10 07:06:31"}
[2026-04-10 07:06:31] [info] [RID:a6155afac51f4fcb] API routing detected | {"version":"v1","route":"/public/jobs","is_versioned":true,"request_id":"a6155afac51f4fcb","memory_mb":2,"timestamp":"2026-04-10 07:06:31"}
[2026-04-10 07:06:31] [info] [RID:a6155afac51f4fcb] Session config loaded | {"request_id":"a6155afac51f4fcb","memory_mb":2,"timestamp":"2026-04-10 07:06:31"}
[2026-04-10 07:06:31] [info] [RID:a6155afac51f4fcb] RedisHelper loaded | {"request_id":"a6155afac51f4fcb","memory_mb":2,"timestamp":"2026-04-10 07:06:31"}
[2026-04-10 07:06:31] [info] [RID:a6155afac51f4fcb] RequestContext class loaded | {"request_id":"a6155afac51f4fcb","memory_mb":2,"timestamp":"2026-04-10 07:06:31"}
[2026-04-10 07:06:31] [info] [RID:a6155afac51f4fcb] Database connection established | {"request_id":"a6155afac51f4fcb","memory_mb":2,"timestamp":"2026-04-10 07:06:31"}
[2026-04-10 07:06:31] [info] [RID:a6155afac51f4fcb] CacheManager initialized | {"request_id":"a6155afac51f4fcb","memory_mb":2,"timestamp":"2026-04-10 07:06:31"}
[2026-04-10 07:06:31] [info] [RID:a6155afac51f4fcb] RequestContext created | {"request_id":"a6155afac51f4fcb","user_id":null,"tenant_id":1,"roles_count":0,"permissions_count":0,"memory_mb":2,"timestamp":"2026-04-10 07:06:31"}
[2026-04-10 07:06:31] [info] [RID:a6155afac51f4fcb] Redis extension not loaded - Redis disabled | {"request_id":"a6155afac51f4fcb","memory_mb":2,"timestamp":"2026-04-10 07:06:31"}
[2026-04-10 07:06:31] [warning] [RID:a6155afac51f4fcb] Rate limiting failed | {"error":"Redis unavailable","request_id":"a6155afac51f4fcb","memory_mb":2,"timestamp":"2026-04-10 07:06:31"}
[2026-04-10 07:06:31] [info] [RID:a6155afac51f4fcb] Bootstrap completed successfully | {"memory_usage_mb":2,"peak_memory_mb":2,"auth_method":"none","user_id":null,"tenant_id":1,"api_version":"v1","api_route":"/public/jobs","request_context":"loaded","cache_enabled":true,"redis_enabled":false,"database_connected":true,"execution_time_ms":6.3,"request_id":"a6155afac51f4fcb","memory_mb":2,"timestamp":"2026-04-10 07:06:31"}
[2026-04-10 07:06:31] [info] [RID:6454991aaf6beecf] Advanced Logger initialized successfully | {"request_id":"6454991aaf6beecf","memory_mb":2,"timestamp":"2026-04-10 07:06:31"}
[2026-04-10 07:06:31] [info] [RID:6454991aaf6beecf] Bootstrap initializing | {"env":"production","request_id":"6454991aaf6beecf","memory_mb":2,"timestamp":"2026-04-10 07:06:31"}
[2026-04-10 07:06:31] [info] [RID:6454991aaf6beecf] API routing detected | {"version":"v1","route":"/public/user_devices","is_versioned":true,"request_id":"6454991aaf6beecf","memory_mb":2,"timestamp":"2026-04-10 07:06:31"}
[2026-04-10 07:06:31] [info] [RID:6454991aaf6beecf] Session config loaded | {"request_id":"6454991aaf6beecf","memory_mb":2,"timestamp":"2026-04-10 07:06:31"}
[2026-04-10 07:06:31] [info] [RID:6454991aaf6beecf] RedisHelper loaded | {"request_id":"6454991aaf6beecf","memory_mb":2,"timestamp":"2026-04-10 07:06:31"}
[2026-04-10 07:06:31] [info] [RID:6454991aaf6beecf] RequestContext class loaded | {"request_id":"6454991aaf6beecf","memory_mb":2,"timestamp":"2026-04-10 07:06:31"}
[2026-04-10 07:06:31] [info] [RID:6454991aaf6beecf] Database connection established | {"request_id":"6454991aaf6beecf","memory_mb":2,"timestamp":"2026-04-10 07:06:31"}
[2026-04-10 07:06:31] [info] [RID:6454991aaf6beecf] CacheManager initialized | {"request_id":"6454991aaf6beecf","memory_mb":2,"timestamp":"2026-04-10 07:06:31"}
[2026-04-10 07:06:31] [info] [RID:6454991aaf6beecf] User authenticated via session | {"request_id":"6454991aaf6beecf","memory_mb":2,"timestamp":"2026-04-10 07:06:31"}
[2026-04-10 07:06:31] [info] [RID:6454991aaf6beecf] Tenant data loaded from DB | {"user_id":7,"tenant_id":1,"request_id":"6454991aaf6beecf","memory_mb":2,"timestamp":"2026-04-10 07:06:31"}
[2026-04-10 07:06:31] [info] [RID:6454991aaf6beecf] RequestContext created | {"request_id":"6454991aaf6beecf","user_id":7,"tenant_id":1,"roles_count":1,"permissions_count":28,"memory_mb":2,"timestamp":"2026-04-10 07:06:31"}
[2026-04-10 07:06:31] [info] [RID:6454991aaf6beecf] Redis extension not loaded - Redis disabled | {"request_id":"6454991aaf6beecf","memory_mb":2,"timestamp":"2026-04-10 07:06:31"}
[2026-04-10 07:06:31] [warning] [RID:6454991aaf6beecf] Rate limiting failed | {"error":"Redis unavailable","request_id":"6454991aaf6beecf","memory_mb":2,"timestamp":"2026-04-10 07:06:31"}
[2026-04-10 07:06:31] [info] [RID:6454991aaf6beecf] Bootstrap completed successfully | {"memory_usage_mb":2,"peak_memory_mb":2,"auth_method":"session","user_id":7,"tenant_id":1,"api_version":"v1","api_route":"/public/user_devices","request_context":"loaded","cache_enabled":true,"redis_enabled":false,"database_connected":true,"execution_time_ms":6.2,"request_id":"6454991aaf6beecf","memory_mb":2,"timestamp":"2026-04-10 07:06:31"}
[2026-04-10 07:07:11] [info] [RID:678d52eba06520f1] Advanced Logger initialized successfully | {"request_id":"678d52eba06520f1","memory_mb":2,"timestamp":"2026-04-10 07:07:11"}
[2026-04-10 07:07:11] [info] [RID:678d52eba06520f1] Bootstrap initializing | {"env":"production","request_id":"678d52eba06520f1","memory_mb":2,"timestamp":"2026-04-10 07:07:11"}
[2026-04-10 07:07:11] [info] [RID:678d52eba06520f1] API routing detected | {"version":"v1","route":"/public/homepage_sections","is_versioned":true,"request_id":"678d52eba06520f1","memory_mb":2,"timestamp":"2026-04-10 07:07:11"}
[2026-04-10 07:07:11] [info] [RID:678d52eba06520f1] Session config loaded | {"request_id":"678d52eba06520f1","memory_mb":2,"timestamp":"2026-04-10 07:07:11"}
[2026-04-10 07:07:11] [info] [RID:678d52eba06520f1] RedisHelper loaded | {"request_id":"678d52eba06520f1","memory_mb":2,"timestamp":"2026-04-10 07:07:11"}
[2026-04-10 07:07:11] [info] [RID:678d52eba06520f1] RequestContext class loaded | {"request_id":"678d52eba06520f1","memory_mb":2,"timestamp":"2026-04-10 07:07:11"}
[2026-04-10 07:07:11] [info] [RID:678d52eba06520f1] Database connection established | {"request_id":"678d52eba06520f1","memory_mb":2,"timestamp":"2026-04-10 07:07:11"}
[2026-04-10 07:07:11] [info] [RID:678d52eba06520f1] CacheManager initialized | {"request_id":"678d52eba06520f1","memory_mb":2,"timestamp":"2026-04-10 07:07:11"}
[2026-04-10 07:07:11] [info] [RID:678d52eba06520f1] RequestContext created | {"request_id":"678d52eba06520f1","user_id":null,"tenant_id":1,"roles_count":0,"permissions_count":0,"memory_mb":2,"timestamp":"2026-04-10 07:07:11"}
[2026-04-10 07:07:11] [info] [RID:678d52eba06520f1] Redis extension not loaded - Redis disabled | {"request_id":"678d52eba06520f1","memory_mb":2,"timestamp":"2026-04-10 07:07:11"}
[2026-04-10 07:07:11] [warning] [RID:678d52eba06520f1] Rate limiting failed | {"error":"Redis unavailable","request_id":"678d52eba06520f1","memory_mb":2,"timestamp":"2026-04-10 07:07:11"}
[2026-04-10 07:07:11] [info] [RID:678d52eba06520f1] Bootstrap completed successfully | {"memory_usage_mb":2,"peak_memory_mb":2,"auth_method":"none","user_id":null,"tenant_id":1,"api_version":"v1","api_route":"/public/homepage_sections","request_context":"loaded","cache_enabled":true,"redis_enabled":false,"database_connected":true,"execution_time_ms":19,"request_id":"678d52eba06520f1","memory_mb":2,"timestamp":"2026-04-10 07:07:11"}
[2026-04-10 07:07:11] [info] [RID:0b2d676d169a824b] Advanced Logger initialized successfully | {"request_id":"0b2d676d169a824b","memory_mb":2,"timestamp":"2026-04-10 07:07:11"}
[2026-04-10 07:07:11] [info] [RID:0b2d676d169a824b] Bootstrap initializing | {"env":"production","request_id":"0b2d676d169a824b","memory_mb":2,"timestamp":"2026-04-10 07:07:11"}
[2026-04-10 07:07:11] [info] [RID:0b2d676d169a824b] API routing detected | {"version":"v1","route":"/public/ads","is_versioned":true,"request_id":"0b2d676d169a824b","memory_mb":2,"timestamp":"2026-04-10 07:07:11"}
[2026-04-10 07:07:11] [info] [RID:0b2d676d169a824b] Session config loaded | {"request_id":"0b2d676d169a824b","memory_mb":2,"timestamp":"2026-04-10 07:07:11"}
[2026-04-10 07:07:11] [info] [RID:0b2d676d169a824b] RedisHelper loaded | {"request_id":"0b2d676d169a824b","memory_mb":2,"timestamp":"2026-04-10 07:07:11"}
[2026-04-10 07:07:11] [info] [RID:0b2d676d169a824b] RequestContext class loaded | {"request_id":"0b2d676d169a824b","memory_mb":2,"timestamp":"2026-04-10 07:07:11"}
[2026-04-10 07:07:11] [info] [RID:0b2d676d169a824b] Database connection established | {"request_id":"0b2d676d169a824b","memory_mb":2,"timestamp":"2026-04-10 07:07:11"}
[2026-04-10 07:07:11] [info] [RID:0b2d676d169a824b] CacheManager initialized | {"request_id":"0b2d676d169a824b","memory_mb":2,"timestamp":"2026-04-10 07:07:11"}
[2026-04-10 07:07:11] [info] [RID:0b2d676d169a824b] RequestContext created | {"request_id":"0b2d676d169a824b","user_id":null,"tenant_id":1,"roles_count":0,"permissions_count":0,"memory_mb":2,"timestamp":"2026-04-10 07:07:11"}
[2026-04-10 07:07:11] [info] [RID:0b2d676d169a824b] Redis extension not loaded - Redis disabled | {"request_id":"0b2d676d169a824b","memory_mb":2,"timestamp":"2026-04-10 07:07:11"}
[2026-04-10 07:07:11] [warning] [RID:0b2d676d169a824b] Rate limiting failed | {"error":"Redis unavailable","request_id":"0b2d676d169a824b","memory_mb":2,"timestamp":"2026-04-10 07:07:11"}
[2026-04-10 07:07:11] [info] [RID:0b2d676d169a824b] Bootstrap completed successfully | {"memory_usage_mb":2,"peak_memory_mb":2,"auth_method":"none","user_id":null,"tenant_id":1,"api_version":"v1","api_route":"/public/ads","request_context":"loaded","cache_enabled":true,"redis_enabled":false,"database_connected":true,"execution_time_ms":5,"request_id":"0b2d676d169a824b","memory_mb":2,"timestamp":"2026-04-10 07:07:11"}
[2026-04-10 07:07:11] [info] [RID:9c7ab7847d5bc480] Advanced Logger initialized successfully | {"request_id":"9c7ab7847d5bc480","memory_mb":2,"timestamp":"2026-04-10 07:07:11"}
[2026-04-10 07:07:11] [info] [RID:9c7ab7847d5bc480] Bootstrap initializing | {"env":"production","request_id":"9c7ab7847d5bc480","memory_mb":2,"timestamp":"2026-04-10 07:07:11"}
[2026-04-10 07:07:11] [info] [RID:9c7ab7847d5bc480] API routing detected | {"version":"v1","route":"/public/categories","is_versioned":true,"request_id":"9c7ab7847d5bc480","memory_mb":2,"timestamp":"2026-04-10 07:07:11"}
[2026-04-10 07:07:11] [info] [RID:9c7ab7847d5bc480] Session config loaded | {"request_id":"9c7ab7847d5bc480","memory_mb":2,"timestamp":"2026-04-10 07:07:11"}
[2026-04-10 07:07:11] [info] [RID:9c7ab7847d5bc480] RedisHelper loaded | {"request_id":"9c7ab7847d5bc480","memory_mb":2,"timestamp":"2026-04-10 07:07:11"}
[2026-04-10 07:07:11] [info] [RID:9c7ab7847d5bc480] RequestContext class loaded | {"request_id":"9c7ab7847d5bc480","memory_mb":2,"timestamp":"2026-04-10 07:07:11"}
[2026-04-10 07:07:11] [info] [RID:9c7ab7847d5bc480] Database connection established | {"request_id":"9c7ab7847d5bc480","memory_mb":2,"timestamp":"2026-04-10 07:07:11"}
[2026-04-10 07:07:11] [info] [RID:9c7ab7847d5bc480] CacheManager initialized | {"request_id":"9c7ab7847d5bc480","memory_mb":2,"timestamp":"2026-04-10 07:07:11"}
[2026-04-10 07:07:11] [info] [RID:9c7ab7847d5bc480] RequestContext created | {"request_id":"9c7ab7847d5bc480","user_id":null,"tenant_id":1,"roles_count":0,"permissions_count":0,"memory_mb":2,"timestamp":"2026-04-10 07:07:11"}
[2026-04-10 07:07:11] [info] [RID:9c7ab7847d5bc480] Redis extension not loaded - Redis disabled | {"request_id":"9c7ab7847d5bc480","memory_mb":2,"timestamp":"2026-04-10 07:07:11"}
[2026-04-10 07:07:11] [warning] [RID:9c7ab7847d5bc480] Rate limiting failed | {"error":"Redis unavailable","request_id":"9c7ab7847d5bc480","memory_mb":2,"timestamp":"2026-04-10 07:07:11"}
[2026-04-10 07:07:11] [info] [RID:9c7ab7847d5bc480] Bootstrap completed successfully | {"memory_usage_mb":2,"peak_memory_mb":2,"auth_method":"none","user_id":null,"tenant_id":1,"api_version":"v1","api_route":"/public/categories","request_context":"loaded","cache_enabled":true,"redis_enabled":false,"database_connected":true,"execution_time_ms":5.6,"request_id":"9c7ab7847d5bc480","memory_mb":2,"timestamp":"2026-04-10 07:07:11"}
[2026-04-10 07:07:11] [info] [RID:aa039712c631f526] Advanced Logger initialized successfully | {"request_id":"aa039712c631f526","memory_mb":2,"timestamp":"2026-04-10 07:07:11"}
[2026-04-10 07:07:11] [info] [RID:aa039712c631f526] Bootstrap initializing | {"env":"production","request_id":"aa039712c631f526","memory_mb":2,"timestamp":"2026-04-10 07:07:11"}
[2026-04-10 07:07:11] [info] [RID:aa039712c631f526] API routing detected | {"version":"v1","route":"/public/discounts","is_versioned":true,"request_id":"aa039712c631f526","memory_mb":2,"timestamp":"2026-04-10 07:07:11"}
[2026-04-10 07:07:11] [info] [RID:aa039712c631f526] Session config loaded | {"request_id":"aa039712c631f526","memory_mb":2,"timestamp":"2026-04-10 07:07:11"}
[2026-04-10 07:07:11] [info] [RID:aa039712c631f526] RedisHelper loaded | {"request_id":"aa039712c631f526","memory_mb":2,"timestamp":"2026-04-10 07:07:11"}
[2026-04-10 07:07:11] [info] [RID:aa039712c631f526] RequestContext class loaded | {"request_id":"aa039712c631f526","memory_mb":2,"timestamp":"2026-04-10 07:07:11"}
[2026-04-10 07:07:11] [info] [RID:aa039712c631f526] Database connection established | {"request_id":"aa039712c631f526","memory_mb":2,"timestamp":"2026-04-10 07:07:11"}
[2026-04-10 07:07:11] [info] [RID:aa039712c631f526] CacheManager initialized | {"request_id":"aa039712c631f526","memory_mb":2,"timestamp":"2026-04-10 07:07:11"}
[2026-04-10 07:07:11] [info] [RID:aa039712c631f526] RequestContext created | {"request_id":"aa039712c631f526","user_id":null,"tenant_id":1,"roles_count":0,"permissions_count":0,"memory_mb":2,"timestamp":"2026-04-10 07:07:11"}
[2026-04-10 07:07:11] [info] [RID:aa039712c631f526] Redis extension not loaded - Redis disabled | {"request_id":"aa039712c631f526","memory_mb":2,"timestamp":"2026-04-10 07:07:11"}
[2026-04-10 07:07:11] [warning] [RID:aa039712c631f526] Rate limiting failed | {"error":"Redis unavailable","request_id":"aa039712c631f526","memory_mb":2,"timestamp":"2026-04-10 07:07:11"}
[2026-04-10 07:07:11] [info] [RID:aa039712c631f526] Bootstrap completed successfully | {"memory_usage_mb":2,"peak_memory_mb":2,"auth_method":"none","user_id":null,"tenant_id":1,"api_version":"v1","api_route":"/public/discounts","request_context":"loaded","cache_enabled":true,"redis_enabled":false,"database_connected":true,"execution_time_ms":4.6,"request_id":"aa039712c631f526","memory_mb":2,"timestamp":"2026-04-10 07:07:11"}
[2026-04-10 07:07:11] [info] [RID:60f20e629d6b204c] Advanced Logger initialized successfully | {"request_id":"60f20e629d6b204c","memory_mb":2,"timestamp":"2026-04-10 07:07:11"}
[2026-04-10 07:07:11] [info] [RID:60f20e629d6b204c] Bootstrap initializing | {"env":"production","request_id":"60f20e629d6b204c","memory_mb":2,"timestamp":"2026-04-10 07:07:11"}
[2026-04-10 07:07:11] [info] [RID:60f20e629d6b204c] API routing detected | {"version":"v1","route":"/public/products","is_versioned":true,"request_id":"60f20e629d6b204c","memory_mb":2,"timestamp":"2026-04-10 07:07:11"}
[2026-04-10 07:07:11] [info] [RID:60f20e629d6b204c] Session config loaded | {"request_id":"60f20e629d6b204c","memory_mb":2,"timestamp":"2026-04-10 07:07:11"}
[2026-04-10 07:07:11] [info] [RID:60f20e629d6b204c] RedisHelper loaded | {"request_id":"60f20e629d6b204c","memory_mb":2,"timestamp":"2026-04-10 07:07:11"}
[2026-04-10 07:07:11] [info] [RID:60f20e629d6b204c] RequestContext class loaded | {"request_id":"60f20e629d6b204c","memory_mb":2,"timestamp":"2026-04-10 07:07:11"}
[2026-04-10 07:07:11] [info] [RID:60f20e629d6b204c] Database connection established | {"request_id":"60f20e629d6b204c","memory_mb":2,"timestamp":"2026-04-10 07:07:11"}
[2026-04-10 07:07:11] [info] [RID:60f20e629d6b204c] CacheManager initialized | {"request_id":"60f20e629d6b204c","memory_mb":2,"timestamp":"2026-04-10 07:07:11"}
[2026-04-10 07:07:11] [info] [RID:60f20e629d6b204c] RequestContext created | {"request_id":"60f20e629d6b204c","user_id":null,"tenant_id":1,"roles_count":0,"permissions_count":0,"memory_mb":2,"timestamp":"2026-04-10 07:07:11"}
[2026-04-10 07:07:11] [info] [RID:60f20e629d6b204c] Redis extension not loaded - Redis disabled | {"request_id":"60f20e629d6b204c","memory_mb":2,"timestamp":"2026-04-10 07:07:11"}
[2026-04-10 07:07:11] [warning] [RID:60f20e629d6b204c] Rate limiting failed | {"error":"Redis unavailable","request_id":"60f20e629d6b204c","memory_mb":2,"timestamp":"2026-04-10 07:07:11"}
[2026-04-10 07:07:11] [info] [RID:60f20e629d6b204c] Bootstrap completed successfully | {"memory_usage_mb":2,"peak_memory_mb":2,"auth_method":"none","user_id":null,"tenant_id":1,"api_version":"v1","api_route":"/public/products","request_context":"loaded","cache_enabled":true,"redis_enabled":false,"database_connected":true,"execution_time_ms":4.3,"request_id":"60f20e629d6b204c","memory_mb":2,"timestamp":"2026-04-10 07:07:11"}
[2026-04-10 07:07:11] [info] [RID:771b93e5d4c1ca6c] Advanced Logger initialized successfully | {"request_id":"771b93e5d4c1ca6c","memory_mb":2,"timestamp":"2026-04-10 07:07:11"}
[2026-04-10 07:07:11] [info] [RID:771b93e5d4c1ca6c] Bootstrap initializing | {"env":"production","request_id":"771b93e5d4c1ca6c","memory_mb":2,"timestamp":"2026-04-10 07:07:11"}
[2026-04-10 07:07:11] [info] [RID:771b93e5d4c1ca6c] API routing detected | {"version":"v1","route":"/public/products","is_versioned":true,"request_id":"771b93e5d4c1ca6c","memory_mb":2,"timestamp":"2026-04-10 07:07:11"}
[2026-04-10 07:07:11] [info] [RID:771b93e5d4c1ca6c] Session config loaded | {"request_id":"771b93e5d4c1ca6c","memory_mb":2,"timestamp":"2026-04-10 07:07:11"}
[2026-04-10 07:07:11] [info] [RID:771b93e5d4c1ca6c] RedisHelper loaded | {"request_id":"771b93e5d4c1ca6c","memory_mb":2,"timestamp":"2026-04-10 07:07:11"}
[2026-04-10 07:07:11] [info] [RID:771b93e5d4c1ca6c] RequestContext class loaded | {"request_id":"771b93e5d4c1ca6c","memory_mb":2,"timestamp":"2026-04-10 07:07:11"}
[2026-04-10 07:07:11] [info] [RID:771b93e5d4c1ca6c] Database connection established | {"request_id":"771b93e5d4c1ca6c","memory_mb":2,"timestamp":"2026-04-10 07:07:11"}
[2026-04-10 07:07:11] [info] [RID:771b93e5d4c1ca6c] CacheManager initialized | {"request_id":"771b93e5d4c1ca6c","memory_mb":2,"timestamp":"2026-04-10 07:07:11"}
[2026-04-10 07:07:11] [info] [RID:771b93e5d4c1ca6c] RequestContext created | {"request_id":"771b93e5d4c1ca6c","user_id":null,"tenant_id":1,"roles_count":0,"permissions_count":0,"memory_mb":2,"timestamp":"2026-04-10 07:07:11"}
[2026-04-10 07:07:11] [info] [RID:771b93e5d4c1ca6c] Redis extension not loaded - Redis disabled | {"request_id":"771b93e5d4c1ca6c","memory_mb":2,"timestamp":"2026-04-10 07:07:11"}
[2026-04-10 07:07:11] [warning] [RID:771b93e5d4c1ca6c] Rate limiting failed | {"error":"Redis unavailable","request_id":"771b93e5d4c1ca6c","memory_mb":2,"timestamp":"2026-04-10 07:07:11"}
[2026-04-10 07:07:11] [info] [RID:771b93e5d4c1ca6c] Bootstrap completed successfully | {"memory_usage_mb":2,"peak_memory_mb":2,"auth_method":"none","user_id":null,"tenant_id":1,"api_version":"v1","api_route":"/public/products","request_context":"loaded","cache_enabled":true,"redis_enabled":false,"database_connected":true,"execution_time_ms":4.6,"request_id":"771b93e5d4c1ca6c","memory_mb":2,"timestamp":"2026-04-10 07:07:11"}
[2026-04-10 07:07:11] [info] [RID:051acaed7dac3e11] Advanced Logger initialized successfully | {"request_id":"051acaed7dac3e11","memory_mb":2,"timestamp":"2026-04-10 07:07:11"}
[2026-04-10 07:07:11] [info] [RID:051acaed7dac3e11] Bootstrap initializing | {"env":"production","request_id":"051acaed7dac3e11","memory_mb":2,"timestamp":"2026-04-10 07:07:11"}
[2026-04-10 07:07:11] [info] [RID:051acaed7dac3e11] API routing detected | {"version":"v1","route":"/public/entities","is_versioned":true,"request_id":"051acaed7dac3e11","memory_mb":2,"timestamp":"2026-04-10 07:07:11"}
[2026-04-10 07:07:11] [info] [RID:051acaed7dac3e11] Session config loaded | {"request_id":"051acaed7dac3e11","memory_mb":2,"timestamp":"2026-04-10 07:07:11"}
[2026-04-10 07:07:11] [info] [RID:051acaed7dac3e11] RedisHelper loaded | {"request_id":"051acaed7dac3e11","memory_mb":2,"timestamp":"2026-04-10 07:07:11"}
[2026-04-10 07:07:11] [info] [RID:051acaed7dac3e11] RequestContext class loaded | {"request_id":"051acaed7dac3e11","memory_mb":2,"timestamp":"2026-04-10 07:07:11"}
[2026-04-10 07:07:11] [info] [RID:051acaed7dac3e11] Database connection established | {"request_id":"051acaed7dac3e11","memory_mb":2,"timestamp":"2026-04-10 07:07:11"}
[2026-04-10 07:07:11] [info] [RID:051acaed7dac3e11] CacheManager initialized | {"request_id":"051acaed7dac3e11","memory_mb":2,"timestamp":"2026-04-10 07:07:11"}
[2026-04-10 07:07:11] [info] [RID:051acaed7dac3e11] RequestContext created | {"request_id":"051acaed7dac3e11","user_id":null,"tenant_id":1,"roles_count":0,"permissions_count":0,"memory_mb":2,"timestamp":"2026-04-10 07:07:11"}
[2026-04-10 07:07:11] [info] [RID:051acaed7dac3e11] Redis extension not loaded - Redis disabled | {"request_id":"051acaed7dac3e11","memory_mb":2,"timestamp":"2026-04-10 07:07:11"}
[2026-04-10 07:07:11] [warning] [RID:051acaed7dac3e11] Rate limiting failed | {"error":"Redis unavailable","request_id":"051acaed7dac3e11","memory_mb":2,"timestamp":"2026-04-10 07:07:11"}
[2026-04-10 07:07:11] [info] [RID:051acaed7dac3e11] Bootstrap completed successfully | {"memory_usage_mb":2,"peak_memory_mb":2,"auth_method":"none","user_id":null,"tenant_id":1,"api_version":"v1","api_route":"/public/entities","request_context":"loaded","cache_enabled":true,"redis_enabled":false,"database_connected":true,"execution_time_ms":6.4,"request_id":"051acaed7dac3e11","memory_mb":2,"timestamp":"2026-04-10 07:07:11"}
[2026-04-10 07:07:11] [info] [RID:f32adda23d92d2fe] Advanced Logger initialized successfully | {"request_id":"f32adda23d92d2fe","memory_mb":2,"timestamp":"2026-04-10 07:07:11"}
[2026-04-10 07:07:11] [info] [RID:f32adda23d92d2fe] Bootstrap initializing | {"env":"production","request_id":"f32adda23d92d2fe","memory_mb":2,"timestamp":"2026-04-10 07:07:11"}
[2026-04-10 07:07:11] [info] [RID:f32adda23d92d2fe] API routing detected | {"version":"v1","route":"/public/brands","is_versioned":true,"request_id":"f32adda23d92d2fe","memory_mb":2,"timestamp":"2026-04-10 07:07:11"}
[2026-04-10 07:07:11] [info] [RID:f32adda23d92d2fe] Session config loaded | {"request_id":"f32adda23d92d2fe","memory_mb":2,"timestamp":"2026-04-10 07:07:11"}
[2026-04-10 07:07:11] [info] [RID:f32adda23d92d2fe] RedisHelper loaded | {"request_id":"f32adda23d92d2fe","memory_mb":2,"timestamp":"2026-04-10 07:07:11"}
[2026-04-10 07:07:11] [info] [RID:f32adda23d92d2fe] RequestContext class loaded | {"request_id":"f32adda23d92d2fe","memory_mb":2,"timestamp":"2026-04-10 07:07:11"}
[2026-04-10 07:07:11] [info] [RID:f32adda23d92d2fe] Database connection established | {"request_id":"f32adda23d92d2fe","memory_mb":2,"timestamp":"2026-04-10 07:07:11"}
[2026-04-10 07:07:11] [info] [RID:f32adda23d92d2fe] CacheManager initialized | {"request_id":"f32adda23d92d2fe","memory_mb":2,"timestamp":"2026-04-10 07:07:11"}
[2026-04-10 07:07:11] [info] [RID:f32adda23d92d2fe] RequestContext created | {"request_id":"f32adda23d92d2fe","user_id":null,"tenant_id":1,"roles_count":0,"permissions_count":0,"memory_mb":2,"timestamp":"2026-04-10 07:07:11"}
[2026-04-10 07:07:11] [info] [RID:f32adda23d92d2fe] Redis extension not loaded - Redis disabled | {"request_id":"f32adda23d92d2fe","memory_mb":2,"timestamp":"2026-04-10 07:07:11"}
[2026-04-10 07:07:11] [warning] [RID:f32adda23d92d2fe] Rate limiting failed | {"error":"Redis unavailable","request_id":"f32adda23d92d2fe","memory_mb":2,"timestamp":"2026-04-10 07:07:11"}
[2026-04-10 07:07:11] [info] [RID:f32adda23d92d2fe] Bootstrap completed successfully | {"memory_usage_mb":2,"peak_memory_mb":2,"auth_method":"none","user_id":null,"tenant_id":1,"api_version":"v1","api_route":"/public/brands","request_context":"loaded","cache_enabled":true,"redis_enabled":false,"database_connected":true,"execution_time_ms":5.8,"request_id":"f32adda23d92d2fe","memory_mb":2,"timestamp":"2026-04-10 07:07:11"}
[2026-04-10 07:07:11] [info] [RID:de6a2372e29db600] Advanced Logger initialized successfully | {"request_id":"de6a2372e29db600","memory_mb":2,"timestamp":"2026-04-10 07:07:11"}
[2026-04-10 07:07:11] [info] [RID:de6a2372e29db600] Bootstrap initializing | {"env":"production","request_id":"de6a2372e29db600","memory_mb":2,"timestamp":"2026-04-10 07:07:11"}
[2026-04-10 07:07:11] [info] [RID:de6a2372e29db600] API routing detected | {"version":"v1","route":"/public/auctions","is_versioned":true,"request_id":"de6a2372e29db600","memory_mb":2,"timestamp":"2026-04-10 07:07:11"}
[2026-04-10 07:07:11] [info] [RID:de6a2372e29db600] Session config loaded | {"request_id":"de6a2372e29db600","memory_mb":2,"timestamp":"2026-04-10 07:07:11"}
[2026-04-10 07:07:11] [info] [RID:de6a2372e29db600] RedisHelper loaded | {"request_id":"de6a2372e29db600","memory_mb":2,"timestamp":"2026-04-10 07:07:11"}
[2026-04-10 07:07:11] [info] [RID:de6a2372e29db600] RequestContext class loaded | {"request_id":"de6a2372e29db600","memory_mb":2,"timestamp":"2026-04-10 07:07:11"}
[2026-04-10 07:07:11] [info] [RID:de6a2372e29db600] Database connection established | {"request_id":"de6a2372e29db600","memory_mb":2,"timestamp":"2026-04-10 07:07:11"}
[2026-04-10 07:07:11] [info] [RID:de6a2372e29db600] CacheManager initialized | {"request_id":"de6a2372e29db600","memory_mb":2,"timestamp":"2026-04-10 07:07:11"}
[2026-04-10 07:07:11] [info] [RID:de6a2372e29db600] RequestContext created | {"request_id":"de6a2372e29db600","user_id":null,"tenant_id":1,"roles_count":0,"permissions_count":0,"memory_mb":2,"timestamp":"2026-04-10 07:07:11"}
[2026-04-10 07:07:11] [info] [RID:de6a2372e29db600] Redis extension not loaded - Redis disabled | {"request_id":"de6a2372e29db600","memory_mb":2,"timestamp":"2026-04-10 07:07:11"}
[2026-04-10 07:07:11] [warning] [RID:de6a2372e29db600] Rate limiting failed | {"error":"Redis unavailable","request_id":"de6a2372e29db600","memory_mb":2,"timestamp":"2026-04-10 07:07:11"}
[2026-04-10 07:07:11] [info] [RID:de6a2372e29db600] Bootstrap completed successfully | {"memory_usage_mb":2,"peak_memory_mb":2,"auth_method":"none","user_id":null,"tenant_id":1,"api_version":"v1","api_route":"/public/auctions","request_context":"loaded","cache_enabled":true,"redis_enabled":false,"database_connected":true,"execution_time_ms":4.4,"request_id":"de6a2372e29db600","memory_mb":2,"timestamp":"2026-04-10 07:07:11"}
[2026-04-10 07:07:11] [info] [RID:4cc973adca20cd01] Advanced Logger initialized successfully | {"request_id":"4cc973adca20cd01","memory_mb":2,"timestamp":"2026-04-10 07:07:11"}
[2026-04-10 07:07:11] [info] [RID:4cc973adca20cd01] Bootstrap initializing | {"env":"production","request_id":"4cc973adca20cd01","memory_mb":2,"timestamp":"2026-04-10 07:07:11"}
[2026-04-10 07:07:11] [info] [RID:4cc973adca20cd01] API routing detected | {"version":"v1","route":"/public/jobs","is_versioned":true,"request_id":"4cc973adca20cd01","memory_mb":2,"timestamp":"2026-04-10 07:07:11"}
[2026-04-10 07:07:11] [info] [RID:4cc973adca20cd01] Session config loaded | {"request_id":"4cc973adca20cd01","memory_mb":2,"timestamp":"2026-04-10 07:07:11"}
[2026-04-10 07:07:11] [info] [RID:4cc973adca20cd01] RedisHelper loaded | {"request_id":"4cc973adca20cd01","memory_mb":2,"timestamp":"2026-04-10 07:07:11"}
[2026-04-10 07:07:11] [info] [RID:4cc973adca20cd01] RequestContext class loaded | {"request_id":"4cc973adca20cd01","memory_mb":2,"timestamp":"2026-04-10 07:07:11"}
[2026-04-10 07:07:11] [info] [RID:4cc973adca20cd01] Database connection established | {"request_id":"4cc973adca20cd01","memory_mb":2,"timestamp":"2026-04-10 07:07:11"}
[2026-04-10 07:07:11] [info] [RID:4cc973adca20cd01] CacheManager initialized | {"request_id":"4cc973adca20cd01","memory_mb":2,"timestamp":"2026-04-10 07:07:11"}
[2026-04-10 07:07:11] [info] [RID:4cc973adca20cd01] RequestContext created | {"request_id":"4cc973adca20cd01","user_id":null,"tenant_id":1,"roles_count":0,"permissions_count":0,"memory_mb":2,"timestamp":"2026-04-10 07:07:11"}
[2026-04-10 07:07:11] [info] [RID:4cc973adca20cd01] Redis extension not loaded - Redis disabled | {"request_id":"4cc973adca20cd01","memory_mb":2,"timestamp":"2026-04-10 07:07:11"}
[2026-04-10 07:07:11] [warning] [RID:4cc973adca20cd01] Rate limiting failed | {"error":"Redis unavailable","request_id":"4cc973adca20cd01","memory_mb":2,"timestamp":"2026-04-10 07:07:11"}
[2026-04-10 07:07:11] [info] [RID:4cc973adca20cd01] Bootstrap completed successfully | {"memory_usage_mb":2,"peak_memory_mb":2,"auth_method":"none","user_id":null,"tenant_id":1,"api_version":"v1","api_route":"/public/jobs","request_context":"loaded","cache_enabled":true,"redis_enabled":false,"database_connected":true,"execution_time_ms":4.5,"request_id":"4cc973adca20cd01","memory_mb":2,"timestamp":"2026-04-10 07:07:11"}
[2026-04-10 07:07:11] [info] [RID:5193df04f19fefbb] Advanced Logger initialized successfully | {"request_id":"5193df04f19fefbb","memory_mb":2,"timestamp":"2026-04-10 07:07:11"}
[2026-04-10 07:07:11] [info] [RID:5193df04f19fefbb] Bootstrap initializing | {"env":"production","request_id":"5193df04f19fefbb","memory_mb":2,"timestamp":"2026-04-10 07:07:11"}
[2026-04-10 07:07:11] [info] [RID:5193df04f19fefbb] API routing detected | {"version":"v1","route":"/public/user_devices","is_versioned":true,"request_id":"5193df04f19fefbb","memory_mb":2,"timestamp":"2026-04-10 07:07:11"}
[2026-04-10 07:07:11] [info] [RID:5193df04f19fefbb] Session config loaded | {"request_id":"5193df04f19fefbb","memory_mb":2,"timestamp":"2026-04-10 07:07:11"}
[2026-04-10 07:07:11] [info] [RID:5193df04f19fefbb] RedisHelper loaded | {"request_id":"5193df04f19fefbb","memory_mb":2,"timestamp":"2026-04-10 07:07:11"}
[2026-04-10 07:07:11] [info] [RID:5193df04f19fefbb] RequestContext class loaded | {"request_id":"5193df04f19fefbb","memory_mb":2,"timestamp":"2026-04-10 07:07:11"}
[2026-04-10 07:07:11] [info] [RID:5193df04f19fefbb] Database connection established | {"request_id":"5193df04f19fefbb","memory_mb":2,"timestamp":"2026-04-10 07:07:11"}
[2026-04-10 07:07:11] [info] [RID:5193df04f19fefbb] CacheManager initialized | {"request_id":"5193df04f19fefbb","memory_mb":2,"timestamp":"2026-04-10 07:07:11"}
[2026-04-10 07:07:11] [info] [RID:5193df04f19fefbb] User authenticated via session | {"request_id":"5193df04f19fefbb","memory_mb":2,"timestamp":"2026-04-10 07:07:11"}
[2026-04-10 07:07:11] [info] [RID:5193df04f19fefbb] RequestContext created | {"request_id":"5193df04f19fefbb","user_id":7,"tenant_id":1,"roles_count":1,"permissions_count":28,"memory_mb":2,"timestamp":"2026-04-10 07:07:11"}
[2026-04-10 07:07:11] [info] [RID:5193df04f19fefbb] Redis extension not loaded - Redis disabled | {"request_id":"5193df04f19fefbb","memory_mb":2,"timestamp":"2026-04-10 07:07:11"}
[2026-04-10 07:07:11] [warning] [RID:5193df04f19fefbb] Rate limiting failed | {"error":"Redis unavailable","request_id":"5193df04f19fefbb","memory_mb":2,"timestamp":"2026-04-10 07:07:11"}
[2026-04-10 07:07:11] [info] [RID:5193df04f19fefbb] Bootstrap completed successfully | {"memory_usage_mb":2,"peak_memory_mb":2,"auth_method":"session","user_id":7,"tenant_id":1,"api_version":"v1","api_route":"/public/user_devices","request_context":"loaded","cache_enabled":true,"redis_enabled":false,"database_connected":true,"execution_time_ms":6.6,"request_id":"5193df04f19fefbb","memory_mb":2,"timestamp":"2026-04-10 07:07:11"}
[2026-04-10 07:07:24] [info] [RID:30ce16fde2e05c7e] Advanced Logger initialized successfully | {"request_id":"30ce16fde2e05c7e","memory_mb":2,"timestamp":"2026-04-10 07:07:24"}
[2026-04-10 07:07:24] [info] [RID:30ce16fde2e05c7e] Bootstrap initializing | {"env":"production","request_id":"30ce16fde2e05c7e","memory_mb":2,"timestamp":"2026-04-10 07:07:24"}
[2026-04-10 07:07:24] [info] [RID:30ce16fde2e05c7e] API routing detected | {"version":"v1","route":"/auth","is_versioned":true,"request_id":"30ce16fde2e05c7e","memory_mb":2,"timestamp":"2026-04-10 07:07:24"}
[2026-04-10 07:07:24] [info] [RID:30ce16fde2e05c7e] Session config loaded | {"request_id":"30ce16fde2e05c7e","memory_mb":2,"timestamp":"2026-04-10 07:07:24"}
[2026-04-10 07:07:24] [info] [RID:30ce16fde2e05c7e] RedisHelper loaded | {"request_id":"30ce16fde2e05c7e","memory_mb":2,"timestamp":"2026-04-10 07:07:24"}
[2026-04-10 07:07:24] [info] [RID:30ce16fde2e05c7e] RequestContext class loaded | {"request_id":"30ce16fde2e05c7e","memory_mb":2,"timestamp":"2026-04-10 07:07:24"}
[2026-04-10 07:07:24] [info] [RID:30ce16fde2e05c7e] Database connection established | {"request_id":"30ce16fde2e05c7e","memory_mb":2,"timestamp":"2026-04-10 07:07:24"}
[2026-04-10 07:07:24] [info] [RID:30ce16fde2e05c7e] CacheManager initialized | {"request_id":"30ce16fde2e05c7e","memory_mb":2,"timestamp":"2026-04-10 07:07:24"}
[2026-04-10 07:07:24] [info] [RID:30ce16fde2e05c7e] RequestContext created | {"request_id":"30ce16fde2e05c7e","user_id":null,"tenant_id":1,"roles_count":0,"permissions_count":0,"memory_mb":2,"timestamp":"2026-04-10 07:07:24"}
[2026-04-10 07:07:24] [info] [RID:30ce16fde2e05c7e] Redis extension not loaded - Redis disabled | {"request_id":"30ce16fde2e05c7e","memory_mb":2,"timestamp":"2026-04-10 07:07:24"}
[2026-04-10 07:07:24] [warning] [RID:30ce16fde2e05c7e] Rate limiting failed | {"error":"Redis unavailable","request_id":"30ce16fde2e05c7e","memory_mb":2,"timestamp":"2026-04-10 07:07:24"}
[2026-04-10 07:07:24] [info] [RID:30ce16fde2e05c7e] Bootstrap completed successfully | {"memory_usage_mb":2,"peak_memory_mb":2,"auth_method":"none","user_id":null,"tenant_id":1,"api_version":"v1","api_route":"/auth","request_context":"loaded","cache_enabled":true,"redis_enabled":false,"database_connected":true,"execution_time_ms":5.5,"request_id":"30ce16fde2e05c7e","memory_mb":2,"timestamp":"2026-04-10 07:07:24"}
[2026-04-10 07:07:25] [info] [RID:bf80c407f849d378] Advanced Logger initialized successfully | {"request_id":"bf80c407f849d378","memory_mb":2,"timestamp":"2026-04-10 07:07:25"}
[2026-04-10 07:07:25] [info] [RID:bf80c407f849d378] Bootstrap initializing | {"env":"production","request_id":"bf80c407f849d378","memory_mb":2,"timestamp":"2026-04-10 07:07:25"}
[2026-04-10 07:07:25] [info] [RID:bf80c407f849d378] API routing detected | {"version":"v1","route":"/public/homepage_sections","is_versioned":true,"request_id":"bf80c407f849d378","memory_mb":2,"timestamp":"2026-04-10 07:07:25"}
[2026-04-10 07:07:25] [info] [RID:bf80c407f849d378] Session config loaded | {"request_id":"bf80c407f849d378","memory_mb":2,"timestamp":"2026-04-10 07:07:25"}
[2026-04-10 07:07:25] [info] [RID:bf80c407f849d378] RedisHelper loaded | {"request_id":"bf80c407f849d378","memory_mb":2,"timestamp":"2026-04-10 07:07:25"}
[2026-04-10 07:07:25] [info] [RID:bf80c407f849d378] RequestContext class loaded | {"request_id":"bf80c407f849d378","memory_mb":2,"timestamp":"2026-04-10 07:07:25"}
[2026-04-10 07:07:25] [info] [RID:bf80c407f849d378] Database connection established | {"request_id":"bf80c407f849d378","memory_mb":2,"timestamp":"2026-04-10 07:07:25"}
[2026-04-10 07:07:25] [info] [RID:bf80c407f849d378] CacheManager initialized | {"request_id":"bf80c407f849d378","memory_mb":2,"timestamp":"2026-04-10 07:07:25"}
[2026-04-10 07:07:25] [info] [RID:bf80c407f849d378] RequestContext created | {"request_id":"bf80c407f849d378","user_id":null,"tenant_id":1,"roles_count":0,"permissions_count":0,"memory_mb":2,"timestamp":"2026-04-10 07:07:25"}
[2026-04-10 07:07:25] [info] [RID:bf80c407f849d378] Redis extension not loaded - Redis disabled | {"request_id":"bf80c407f849d378","memory_mb":2,"timestamp":"2026-04-10 07:07:25"}
[2026-04-10 07:07:25] [warning] [RID:bf80c407f849d378] Rate limiting failed | {"error":"Redis unavailable","request_id":"bf80c407f849d378","memory_mb":2,"timestamp":"2026-04-10 07:07:25"}
[2026-04-10 07:07:25] [info] [RID:bf80c407f849d378] Bootstrap completed successfully | {"memory_usage_mb":2,"peak_memory_mb":2,"auth_method":"none","user_id":null,"tenant_id":1,"api_version":"v1","api_route":"/public/homepage_sections","request_context":"loaded","cache_enabled":true,"redis_enabled":false,"database_connected":true,"execution_time_ms":5.4,"request_id":"bf80c407f849d378","memory_mb":2,"timestamp":"2026-04-10 07:07:25"}
[2026-04-10 07:07:25] [info] [RID:52118a08e947ee98] Advanced Logger initialized successfully | {"request_id":"52118a08e947ee98","memory_mb":2,"timestamp":"2026-04-10 07:07:25"}
[2026-04-10 07:07:25] [info] [RID:52118a08e947ee98] Bootstrap initializing | {"env":"production","request_id":"52118a08e947ee98","memory_mb":2,"timestamp":"2026-04-10 07:07:25"}
[2026-04-10 07:07:25] [info] [RID:52118a08e947ee98] API routing detected | {"version":"v1","route":"/public/ads","is_versioned":true,"request_id":"52118a08e947ee98","memory_mb":2,"timestamp":"2026-04-10 07:07:25"}
[2026-04-10 07:07:25] [info] [RID:52118a08e947ee98] Session config loaded | {"request_id":"52118a08e947ee98","memory_mb":2,"timestamp":"2026-04-10 07:07:25"}
[2026-04-10 07:07:25] [info] [RID:52118a08e947ee98] RedisHelper loaded | {"request_id":"52118a08e947ee98","memory_mb":2,"timestamp":"2026-04-10 07:07:25"}
[2026-04-10 07:07:25] [info] [RID:52118a08e947ee98] RequestContext class loaded | {"request_id":"52118a08e947ee98","memory_mb":2,"timestamp":"2026-04-10 07:07:25"}
[2026-04-10 07:07:25] [info] [RID:52118a08e947ee98] Database connection established | {"request_id":"52118a08e947ee98","memory_mb":2,"timestamp":"2026-04-10 07:07:25"}
[2026-04-10 07:07:25] [info] [RID:52118a08e947ee98] CacheManager initialized | {"request_id":"52118a08e947ee98","memory_mb":2,"timestamp":"2026-04-10 07:07:25"}
[2026-04-10 07:07:25] [info] [RID:52118a08e947ee98] RequestContext created | {"request_id":"52118a08e947ee98","user_id":null,"tenant_id":1,"roles_count":0,"permissions_count":0,"memory_mb":2,"timestamp":"2026-04-10 07:07:25"}
[2026-04-10 07:07:25] [info] [RID:52118a08e947ee98] Redis extension not loaded - Redis disabled | {"request_id":"52118a08e947ee98","memory_mb":2,"timestamp":"2026-04-10 07:07:25"}
[2026-04-10 07:07:25] [warning] [RID:52118a08e947ee98] Rate limiting failed | {"error":"Redis unavailable","request_id":"52118a08e947ee98","memory_mb":2,"timestamp":"2026-04-10 07:07:25"}
[2026-04-10 07:07:25] [info] [RID:52118a08e947ee98] Bootstrap completed successfully | {"memory_usage_mb":2,"peak_memory_mb":2,"auth_method":"none","user_id":null,"tenant_id":1,"api_version":"v1","api_route":"/public/ads","request_context":"loaded","cache_enabled":true,"redis_enabled":false,"database_connected":true,"execution_time_ms":6,"request_id":"52118a08e947ee98","memory_mb":2,"timestamp":"2026-04-10 07:07:25"}
[2026-04-10 07:07:25] [info] [RID:7379e59ec14383bd] Advanced Logger initialized successfully | {"request_id":"7379e59ec14383bd","memory_mb":2,"timestamp":"2026-04-10 07:07:25"}
[2026-04-10 07:07:25] [info] [RID:7379e59ec14383bd] Bootstrap initializing | {"env":"production","request_id":"7379e59ec14383bd","memory_mb":2,"timestamp":"2026-04-10 07:07:25"}
[2026-04-10 07:07:25] [info] [RID:7379e59ec14383bd] API routing detected | {"version":"v1","route":"/public/categories","is_versioned":true,"request_id":"7379e59ec14383bd","memory_mb":2,"timestamp":"2026-04-10 07:07:25"}
[2026-04-10 07:07:25] [info] [RID:7379e59ec14383bd] Session config loaded | {"request_id":"7379e59ec14383bd","memory_mb":2,"timestamp":"2026-04-10 07:07:25"}
[2026-04-10 07:07:25] [info] [RID:7379e59ec14383bd] RedisHelper loaded | {"request_id":"7379e59ec14383bd","memory_mb":2,"timestamp":"2026-04-10 07:07:25"}
[2026-04-10 07:07:25] [info] [RID:7379e59ec14383bd] RequestContext class loaded | {"request_id":"7379e59ec14383bd","memory_mb":2,"timestamp":"2026-04-10 07:07:25"}
[2026-04-10 07:07:25] [info] [RID:7379e59ec14383bd] Database connection established | {"request_id":"7379e59ec14383bd","memory_mb":2,"timestamp":"2026-04-10 07:07:25"}
[2026-04-10 07:07:25] [info] [RID:7379e59ec14383bd] CacheManager initialized | {"request_id":"7379e59ec14383bd","memory_mb":2,"timestamp":"2026-04-10 07:07:25"}
[2026-04-10 07:07:25] [info] [RID:7379e59ec14383bd] RequestContext created | {"request_id":"7379e59ec14383bd","user_id":null,"tenant_id":1,"roles_count":0,"permissions_count":0,"memory_mb":2,"timestamp":"2026-04-10 07:07:25"}
[2026-04-10 07:07:25] [info] [RID:7379e59ec14383bd] Redis extension not loaded - Redis disabled | {"request_id":"7379e59ec14383bd","memory_mb":2,"timestamp":"2026-04-10 07:07:25"}
[2026-04-10 07:07:25] [warning] [RID:7379e59ec14383bd] Rate limiting failed | {"error":"Redis unavailable","request_id":"7379e59ec14383bd","memory_mb":2,"timestamp":"2026-04-10 07:07:25"}
[2026-04-10 07:07:25] [info] [RID:7379e59ec14383bd] Bootstrap completed successfully | {"memory_usage_mb":2,"peak_memory_mb":2,"auth_method":"none","user_id":null,"tenant_id":1,"api_version":"v1","api_route":"/public/categories","request_context":"loaded","cache_enabled":true,"redis_enabled":false,"database_connected":true,"execution_time_ms":6.1,"request_id":"7379e59ec14383bd","memory_mb":2,"timestamp":"2026-04-10 07:07:25"}
[2026-04-10 07:07:25] [info] [RID:4fec575456855087] Advanced Logger initialized successfully | {"request_id":"4fec575456855087","memory_mb":2,"timestamp":"2026-04-10 07:07:25"}
[2026-04-10 07:07:25] [info] [RID:4fec575456855087] Bootstrap initializing | {"env":"production","request_id":"4fec575456855087","memory_mb":2,"timestamp":"2026-04-10 07:07:25"}
[2026-04-10 07:07:25] [info] [RID:4fec575456855087] API routing detected | {"version":"v1","route":"/public/discounts","is_versioned":true,"request_id":"4fec575456855087","memory_mb":2,"timestamp":"2026-04-10 07:07:25"}
[2026-04-10 07:07:25] [info] [RID:4fec575456855087] Session config loaded | {"request_id":"4fec575456855087","memory_mb":2,"timestamp":"2026-04-10 07:07:25"}
[2026-04-10 07:07:25] [info] [RID:4fec575456855087] RedisHelper loaded | {"request_id":"4fec575456855087","memory_mb":2,"timestamp":"2026-04-10 07:07:25"}
[2026-04-10 07:07:25] [info] [RID:4fec575456855087] RequestContext class loaded | {"request_id":"4fec575456855087","memory_mb":2,"timestamp":"2026-04-10 07:07:25"}
[2026-04-10 07:07:25] [info] [RID:4fec575456855087] Database connection established | {"request_id":"4fec575456855087","memory_mb":2,"timestamp":"2026-04-10 07:07:25"}
[2026-04-10 07:07:25] [info] [RID:4fec575456855087] CacheManager initialized | {"request_id":"4fec575456855087","memory_mb":2,"timestamp":"2026-04-10 07:07:25"}
[2026-04-10 07:07:25] [info] [RID:4fec575456855087] RequestContext created | {"request_id":"4fec575456855087","user_id":null,"tenant_id":1,"roles_count":0,"permissions_count":0,"memory_mb":2,"timestamp":"2026-04-10 07:07:25"}
[2026-04-10 07:07:25] [info] [RID:4fec575456855087] Redis extension not loaded - Redis disabled | {"request_id":"4fec575456855087","memory_mb":2,"timestamp":"2026-04-10 07:07:25"}
[2026-04-10 07:07:25] [warning] [RID:4fec575456855087] Rate limiting failed | {"error":"Redis unavailable","request_id":"4fec575456855087","memory_mb":2,"timestamp":"2026-04-10 07:07:25"}
[2026-04-10 07:07:25] [info] [RID:4fec575456855087] Bootstrap completed successfully | {"memory_usage_mb":2,"peak_memory_mb":2,"auth_method":"none","user_id":null,"tenant_id":1,"api_version":"v1","api_route":"/public/discounts","request_context":"loaded","cache_enabled":true,"redis_enabled":false,"database_connected":true,"execution_time_ms":7.4,"request_id":"4fec575456855087","memory_mb":2,"timestamp":"2026-04-10 07:07:25"}
[2026-04-10 07:07:25] [info] [RID:08f9e7981748c99e] Advanced Logger initialized successfully | {"request_id":"08f9e7981748c99e","memory_mb":2,"timestamp":"2026-04-10 07:07:25"}
[2026-04-10 07:07:25] [info] [RID:08f9e7981748c99e] Bootstrap initializing | {"env":"production","request_id":"08f9e7981748c99e","memory_mb":2,"timestamp":"2026-04-10 07:07:25"}
[2026-04-10 07:07:25] [info] [RID:08f9e7981748c99e] API routing detected | {"version":"v1","route":"/public/products","is_versioned":true,"request_id":"08f9e7981748c99e","memory_mb":2,"timestamp":"2026-04-10 07:07:25"}
[2026-04-10 07:07:25] [info] [RID:08f9e7981748c99e] Session config loaded | {"request_id":"08f9e7981748c99e","memory_mb":2,"timestamp":"2026-04-10 07:07:25"}
[2026-04-10 07:07:25] [info] [RID:08f9e7981748c99e] RedisHelper loaded | {"request_id":"08f9e7981748c99e","memory_mb":2,"timestamp":"2026-04-10 07:07:25"}
[2026-04-10 07:07:25] [info] [RID:08f9e7981748c99e] RequestContext class loaded | {"request_id":"08f9e7981748c99e","memory_mb":2,"timestamp":"2026-04-10 07:07:25"}
[2026-04-10 07:07:25] [info] [RID:08f9e7981748c99e] Database connection established | {"request_id":"08f9e7981748c99e","memory_mb":2,"timestamp":"2026-04-10 07:07:25"}
[2026-04-10 07:07:25] [info] [RID:08f9e7981748c99e] CacheManager initialized | {"request_id":"08f9e7981748c99e","memory_mb":2,"timestamp":"2026-04-10 07:07:25"}
[2026-04-10 07:07:25] [info] [RID:08f9e7981748c99e] RequestContext created | {"request_id":"08f9e7981748c99e","user_id":null,"tenant_id":1,"roles_count":0,"permissions_count":0,"memory_mb":2,"timestamp":"2026-04-10 07:07:25"}
[2026-04-10 07:07:25] [info] [RID:08f9e7981748c99e] Redis extension not loaded - Redis disabled | {"request_id":"08f9e7981748c99e","memory_mb":2,"timestamp":"2026-04-10 07:07:25"}
[2026-04-10 07:07:25] [warning] [RID:08f9e7981748c99e] Rate limiting failed | {"error":"Redis unavailable","request_id":"08f9e7981748c99e","memory_mb":2,"timestamp":"2026-04-10 07:07:25"}
[2026-04-10 07:07:25] [info] [RID:08f9e7981748c99e] Bootstrap completed successfully | {"memory_usage_mb":2,"peak_memory_mb":2,"auth_method":"none","user_id":null,"tenant_id":1,"api_version":"v1","api_route":"/public/products","request_context":"loaded","cache_enabled":true,"redis_enabled":false,"database_connected":true,"execution_time_ms":8.9,"request_id":"08f9e7981748c99e","memory_mb":2,"timestamp":"2026-04-10 07:07:25"}
[2026-04-10 07:07:25] [info] [RID:db21e8425fe0c4cb] Advanced Logger initialized successfully | {"request_id":"db21e8425fe0c4cb","memory_mb":2,"timestamp":"2026-04-10 07:07:25"}
[2026-04-10 07:07:25] [info] [RID:db21e8425fe0c4cb] Bootstrap initializing | {"env":"production","request_id":"db21e8425fe0c4cb","memory_mb":2,"timestamp":"2026-04-10 07:07:25"}
[2026-04-10 07:07:25] [info] [RID:db21e8425fe0c4cb] API routing detected | {"version":"v1","route":"/public/products","is_versioned":true,"request_id":"db21e8425fe0c4cb","memory_mb":2,"timestamp":"2026-04-10 07:07:25"}
[2026-04-10 07:07:25] [info] [RID:db21e8425fe0c4cb] Session config loaded | {"request_id":"db21e8425fe0c4cb","memory_mb":2,"timestamp":"2026-04-10 07:07:25"}
[2026-04-10 07:07:25] [info] [RID:db21e8425fe0c4cb] RedisHelper loaded | {"request_id":"db21e8425fe0c4cb","memory_mb":2,"timestamp":"2026-04-10 07:07:25"}
[2026-04-10 07:07:25] [info] [RID:db21e8425fe0c4cb] RequestContext class loaded | {"request_id":"db21e8425fe0c4cb","memory_mb":2,"timestamp":"2026-04-10 07:07:25"}
[2026-04-10 07:07:25] [info] [RID:db21e8425fe0c4cb] Database connection established | {"request_id":"db21e8425fe0c4cb","memory_mb":2,"timestamp":"2026-04-10 07:07:25"}
[2026-04-10 07:07:25] [info] [RID:db21e8425fe0c4cb] CacheManager initialized | {"request_id":"db21e8425fe0c4cb","memory_mb":2,"timestamp":"2026-04-10 07:07:25"}
[2026-04-10 07:07:25] [info] [RID:db21e8425fe0c4cb] RequestContext created | {"request_id":"db21e8425fe0c4cb","user_id":null,"tenant_id":1,"roles_count":0,"permissions_count":0,"memory_mb":2,"timestamp":"2026-04-10 07:07:25"}
[2026-04-10 07:07:25] [info] [RID:db21e8425fe0c4cb] Redis extension not loaded - Redis disabled | {"request_id":"db21e8425fe0c4cb","memory_mb":2,"timestamp":"2026-04-10 07:07:25"}
[2026-04-10 07:07:25] [warning] [RID:db21e8425fe0c4cb] Rate limiting failed | {"error":"Redis unavailable","request_id":"db21e8425fe0c4cb","memory_mb":2,"timestamp":"2026-04-10 07:07:25"}
[2026-04-10 07:07:25] [info] [RID:db21e8425fe0c4cb] Bootstrap completed successfully | {"memory_usage_mb":2,"peak_memory_mb":2,"auth_method":"none","user_id":null,"tenant_id":1,"api_version":"v1","api_route":"/public/products","request_context":"loaded","cache_enabled":true,"redis_enabled":false,"database_connected":true,"execution_time_ms":6.2,"request_id":"db21e8425fe0c4cb","memory_mb":2,"timestamp":"2026-04-10 07:07:25"}
[2026-04-10 07:07:25] [info] [RID:d3d4f56299eeb9c2] Advanced Logger initialized successfully | {"request_id":"d3d4f56299eeb9c2","memory_mb":2,"timestamp":"2026-04-10 07:07:25"}
[2026-04-10 07:07:25] [info] [RID:d3d4f56299eeb9c2] Bootstrap initializing | {"env":"production","request_id":"d3d4f56299eeb9c2","memory_mb":2,"timestamp":"2026-04-10 07:07:25"}
[2026-04-10 07:07:25] [info] [RID:d3d4f56299eeb9c2] API routing detected | {"version":"v1","route":"/public/entities","is_versioned":true,"request_id":"d3d4f56299eeb9c2","memory_mb":2,"timestamp":"2026-04-10 07:07:25"}
[2026-04-10 07:07:25] [info] [RID:d3d4f56299eeb9c2] Session config loaded | {"request_id":"d3d4f56299eeb9c2","memory_mb":2,"timestamp":"2026-04-10 07:07:25"}
[2026-04-10 07:07:25] [info] [RID:d3d4f56299eeb9c2] RedisHelper loaded | {"request_id":"d3d4f56299eeb9c2","memory_mb":2,"timestamp":"2026-04-10 07:07:25"}
[2026-04-10 07:07:25] [info] [RID:d3d4f56299eeb9c2] RequestContext class loaded | {"request_id":"d3d4f56299eeb9c2","memory_mb":2,"timestamp":"2026-04-10 07:07:25"}
[2026-04-10 07:07:25] [info] [RID:d3d4f56299eeb9c2] Database connection established | {"request_id":"d3d4f56299eeb9c2","memory_mb":2,"timestamp":"2026-04-10 07:07:25"}
[2026-04-10 07:07:25] [info] [RID:d3d4f56299eeb9c2] CacheManager initialized | {"request_id":"d3d4f56299eeb9c2","memory_mb":2,"timestamp":"2026-04-10 07:07:25"}
[2026-04-10 07:07:25] [info] [RID:d3d4f56299eeb9c2] RequestContext created | {"request_id":"d3d4f56299eeb9c2","user_id":null,"tenant_id":1,"roles_count":0,"permissions_count":0,"memory_mb":2,"timestamp":"2026-04-10 07:07:25"}
[2026-04-10 07:07:25] [info] [RID:d3d4f56299eeb9c2] Redis extension not loaded - Redis disabled | {"request_id":"d3d4f56299eeb9c2","memory_mb":2,"timestamp":"2026-04-10 07:07:25"}
[2026-04-10 07:07:25] [warning] [RID:d3d4f56299eeb9c2] Rate limiting failed | {"error":"Redis unavailable","request_id":"d3d4f56299eeb9c2","memory_mb":2,"timestamp":"2026-04-10 07:07:25"}
[2026-04-10 07:07:25] [info] [RID:d3d4f56299eeb9c2] Bootstrap completed successfully | {"memory_usage_mb":2,"peak_memory_mb":2,"auth_method":"none","user_id":null,"tenant_id":1,"api_version":"v1","api_route":"/public/entities","request_context":"loaded","cache_enabled":true,"redis_enabled":false,"database_connected":true,"execution_time_ms":7.1,"request_id":"d3d4f56299eeb9c2","memory_mb":2,"timestamp":"2026-04-10 07:07:25"}
[2026-04-10 07:07:25] [info] [RID:55e7edf3bd266821] Advanced Logger initialized successfully | {"request_id":"55e7edf3bd266821","memory_mb":2,"timestamp":"2026-04-10 07:07:25"}
[2026-04-10 07:07:25] [info] [RID:55e7edf3bd266821] Bootstrap initializing | {"env":"production","request_id":"55e7edf3bd266821","memory_mb":2,"timestamp":"2026-04-10 07:07:25"}
[2026-04-10 07:07:25] [info] [RID:55e7edf3bd266821] API routing detected | {"version":"v1","route":"/public/brands","is_versioned":true,"request_id":"55e7edf3bd266821","memory_mb":2,"timestamp":"2026-04-10 07:07:25"}
[2026-04-10 07:07:25] [info] [RID:55e7edf3bd266821] Session config loaded | {"request_id":"55e7edf3bd266821","memory_mb":2,"timestamp":"2026-04-10 07:07:25"}
[2026-04-10 07:07:25] [info] [RID:55e7edf3bd266821] RedisHelper loaded | {"request_id":"55e7edf3bd266821","memory_mb":2,"timestamp":"2026-04-10 07:07:25"}
[2026-04-10 07:07:25] [info] [RID:55e7edf3bd266821] RequestContext class loaded | {"request_id":"55e7edf3bd266821","memory_mb":2,"timestamp":"2026-04-10 07:07:25"}
[2026-04-10 07:07:25] [info] [RID:55e7edf3bd266821] Database connection established | {"request_id":"55e7edf3bd266821","memory_mb":2,"timestamp":"2026-04-10 07:07:25"}
[2026-04-10 07:07:25] [info] [RID:55e7edf3bd266821] CacheManager initialized | {"request_id":"55e7edf3bd266821","memory_mb":2,"timestamp":"2026-04-10 07:07:25"}
[2026-04-10 07:07:25] [info] [RID:55e7edf3bd266821] RequestContext created | {"request_id":"55e7edf3bd266821","user_id":null,"tenant_id":1,"roles_count":0,"permissions_count":0,"memory_mb":2,"timestamp":"2026-04-10 07:07:25"}
[2026-04-10 07:07:25] [info] [RID:55e7edf3bd266821] Redis extension not loaded - Redis disabled | {"request_id":"55e7edf3bd266821","memory_mb":2,"timestamp":"2026-04-10 07:07:25"}
[2026-04-10 07:07:25] [warning] [RID:55e7edf3bd266821] Rate limiting failed | {"error":"Redis unavailable","request_id":"55e7edf3bd266821","memory_mb":2,"timestamp":"2026-04-10 07:07:25"}
[2026-04-10 07:07:25] [info] [RID:55e7edf3bd266821] Bootstrap completed successfully | {"memory_usage_mb":2,"peak_memory_mb":2,"auth_method":"none","user_id":null,"tenant_id":1,"api_version":"v1","api_route":"/public/brands","request_context":"loaded","cache_enabled":true,"redis_enabled":false,"database_connected":true,"execution_time_ms":7.6,"request_id":"55e7edf3bd266821","memory_mb":2,"timestamp":"2026-04-10 07:07:25"}
[2026-04-10 07:07:25] [info] [RID:59e7123da08b64a9] Advanced Logger initialized successfully | {"request_id":"59e7123da08b64a9","memory_mb":2,"timestamp":"2026-04-10 07:07:25"}
[2026-04-10 07:07:25] [info] [RID:59e7123da08b64a9] Bootstrap initializing | {"env":"production","request_id":"59e7123da08b64a9","memory_mb":2,"timestamp":"2026-04-10 07:07:25"}
[2026-04-10 07:07:25] [info] [RID:59e7123da08b64a9] API routing detected | {"version":"v1","route":"/public/auctions","is_versioned":true,"request_id":"59e7123da08b64a9","memory_mb":2,"timestamp":"2026-04-10 07:07:25"}
[2026-04-10 07:07:25] [info] [RID:59e7123da08b64a9] Session config loaded | {"request_id":"59e7123da08b64a9","memory_mb":2,"timestamp":"2026-04-10 07:07:25"}
[2026-04-10 07:07:25] [info] [RID:59e7123da08b64a9] RedisHelper loaded | {"request_id":"59e7123da08b64a9","memory_mb":2,"timestamp":"2026-04-10 07:07:25"}
[2026-04-10 07:07:25] [info] [RID:59e7123da08b64a9] RequestContext class loaded | {"request_id":"59e7123da08b64a9","memory_mb":2,"timestamp":"2026-04-10 07:07:25"}
[2026-04-10 07:07:25] [info] [RID:59e7123da08b64a9] Database connection established | {"request_id":"59e7123da08b64a9","memory_mb":2,"timestamp":"2026-04-10 07:07:25"}
[2026-04-10 07:07:25] [info] [RID:59e7123da08b64a9] CacheManager initialized | {"request_id":"59e7123da08b64a9","memory_mb":2,"timestamp":"2026-04-10 07:07:25"}
[2026-04-10 07:07:25] [info] [RID:59e7123da08b64a9] RequestContext created | {"request_id":"59e7123da08b64a9","user_id":null,"tenant_id":1,"roles_count":0,"permissions_count":0,"memory_mb":2,"timestamp":"2026-04-10 07:07:25"}
[2026-04-10 07:07:25] [info] [RID:59e7123da08b64a9] Redis extension not loaded - Redis disabled | {"request_id":"59e7123da08b64a9","memory_mb":2,"timestamp":"2026-04-10 07:07:25"}
[2026-04-10 07:07:25] [warning] [RID:59e7123da08b64a9] Rate limiting failed | {"error":"Redis unavailable","request_id":"59e7123da08b64a9","memory_mb":2,"timestamp":"2026-04-10 07:07:25"}
[2026-04-10 07:07:25] [info] [RID:59e7123da08b64a9] Bootstrap completed successfully | {"memory_usage_mb":2,"peak_memory_mb":2,"auth_method":"none","user_id":null,"tenant_id":1,"api_version":"v1","api_route":"/public/auctions","request_context":"loaded","cache_enabled":true,"redis_enabled":false,"database_connected":true,"execution_time_ms":4.9,"request_id":"59e7123da08b64a9","memory_mb":2,"timestamp":"2026-04-10 07:07:25"}
[2026-04-10 07:07:26] [info] [RID:9a25754a5e817b38] Advanced Logger initialized successfully | {"request_id":"9a25754a5e817b38","memory_mb":2,"timestamp":"2026-04-10 07:07:26"}
[2026-04-10 07:07:26] [info] [RID:9a25754a5e817b38] Bootstrap initializing | {"env":"production","request_id":"9a25754a5e817b38","memory_mb":2,"timestamp":"2026-04-10 07:07:26"}
[2026-04-10 07:07:26] [info] [RID:9a25754a5e817b38] API routing detected | {"version":"v1","route":"/public/jobs","is_versioned":true,"request_id":"9a25754a5e817b38","memory_mb":2,"timestamp":"2026-04-10 07:07:26"}
[2026-04-10 07:07:26] [info] [RID:9a25754a5e817b38] Session config loaded | {"request_id":"9a25754a5e817b38","memory_mb":2,"timestamp":"2026-04-10 07:07:26"}
[2026-04-10 07:07:26] [info] [RID:9a25754a5e817b38] RedisHelper loaded | {"request_id":"9a25754a5e817b38","memory_mb":2,"timestamp":"2026-04-10 07:07:26"}
[2026-04-10 07:07:26] [info] [RID:9a25754a5e817b38] RequestContext class loaded | {"request_id":"9a25754a5e817b38","memory_mb":2,"timestamp":"2026-04-10 07:07:26"}
[2026-04-10 07:07:26] [info] [RID:9a25754a5e817b38] Database connection established | {"request_id":"9a25754a5e817b38","memory_mb":2,"timestamp":"2026-04-10 07:07:26"}
[2026-04-10 07:07:26] [info] [RID:9a25754a5e817b38] CacheManager initialized | {"request_id":"9a25754a5e817b38","memory_mb":2,"timestamp":"2026-04-10 07:07:26"}
[2026-04-10 07:07:26] [info] [RID:9a25754a5e817b38] RequestContext created | {"request_id":"9a25754a5e817b38","user_id":null,"tenant_id":1,"roles_count":0,"permissions_count":0,"memory_mb":2,"timestamp":"2026-04-10 07:07:26"}
[2026-04-10 07:07:26] [info] [RID:9a25754a5e817b38] Redis extension not loaded - Redis disabled | {"request_id":"9a25754a5e817b38","memory_mb":2,"timestamp":"2026-04-10 07:07:26"}
[2026-04-10 07:07:26] [warning] [RID:9a25754a5e817b38] Rate limiting failed | {"error":"Redis unavailable","request_id":"9a25754a5e817b38","memory_mb":2,"timestamp":"2026-04-10 07:07:26"}
[2026-04-10 07:07:26] [info] [RID:9a25754a5e817b38] Bootstrap completed successfully | {"memory_usage_mb":2,"peak_memory_mb":2,"auth_method":"none","user_id":null,"tenant_id":1,"api_version":"v1","api_route":"/public/jobs","request_context":"loaded","cache_enabled":true,"redis_enabled":false,"database_connected":true,"execution_time_ms":8.9,"request_id":"9a25754a5e817b38","memory_mb":2,"timestamp":"2026-04-10 07:07:26"}
[2026-04-10 07:07:26] [info] [RID:ad15877d7f493153] Advanced Logger initialized successfully | {"request_id":"ad15877d7f493153","memory_mb":2,"timestamp":"2026-04-10 07:07:26"}
[2026-04-10 07:07:26] [info] [RID:ad15877d7f493153] Bootstrap initializing | {"env":"production","request_id":"ad15877d7f493153","memory_mb":2,"timestamp":"2026-04-10 07:07:26"}
[2026-04-10 07:07:26] [info] [RID:ad15877d7f493153] API routing detected | {"version":"v1","route":"/public/user_devices","is_versioned":true,"request_id":"ad15877d7f493153","memory_mb":2,"timestamp":"2026-04-10 07:07:26"}
[2026-04-10 07:07:26] [info] [RID:ad15877d7f493153] Session config loaded | {"request_id":"ad15877d7f493153","memory_mb":2,"timestamp":"2026-04-10 07:07:26"}
[2026-04-10 07:07:26] [info] [RID:ad15877d7f493153] RedisHelper loaded | {"request_id":"ad15877d7f493153","memory_mb":2,"timestamp":"2026-04-10 07:07:26"}
[2026-04-10 07:07:26] [info] [RID:ad15877d7f493153] RequestContext class loaded | {"request_id":"ad15877d7f493153","memory_mb":2,"timestamp":"2026-04-10 07:07:26"}
[2026-04-10 07:07:26] [info] [RID:ad15877d7f493153] Database connection established | {"request_id":"ad15877d7f493153","memory_mb":2,"timestamp":"2026-04-10 07:07:26"}
[2026-04-10 07:07:26] [info] [RID:ad15877d7f493153] CacheManager initialized | {"request_id":"ad15877d7f493153","memory_mb":2,"timestamp":"2026-04-10 07:07:26"}
[2026-04-10 07:07:26] [info] [RID:ad15877d7f493153] User authenticated via session | {"request_id":"ad15877d7f493153","memory_mb":2,"timestamp":"2026-04-10 07:07:26"}
[2026-04-10 07:07:26] [info] [RID:ad15877d7f493153] RequestContext created | {"request_id":"ad15877d7f493153","user_id":7,"tenant_id":1,"roles_count":1,"permissions_count":28,"memory_mb":2,"timestamp":"2026-04-10 07:07:26"}
[2026-04-10 07:07:26] [info] [RID:ad15877d7f493153] Redis extension not loaded - Redis disabled | {"request_id":"ad15877d7f493153","memory_mb":2,"timestamp":"2026-04-10 07:07:26"}
[2026-04-10 07:07:26] [warning] [RID:ad15877d7f493153] Rate limiting failed | {"error":"Redis unavailable","request_id":"ad15877d7f493153","memory_mb":2,"timestamp":"2026-04-10 07:07:26"}
[2026-04-10 07:07:26] [info] [RID:ad15877d7f493153] Bootstrap completed successfully | {"memory_usage_mb":2,"peak_memory_mb":2,"auth_method":"session","user_id":7,"tenant_id":1,"api_version":"v1","api_route":"/public/user_devices","request_context":"loaded","cache_enabled":true,"redis_enabled":false,"database_connected":true,"execution_time_ms":7.4,"request_id":"ad15877d7f493153","memory_mb":2,"timestamp":"2026-04-10 07:07:26"}
[2026-04-10 07:10:40] [info] [RID:3f9574d96c74f160] Advanced Logger initialized successfully | {"request_id":"3f9574d96c74f160","memory_mb":2,"timestamp":"2026-04-10 07:10:40"}
[2026-04-10 07:10:40] [info] [RID:3f9574d96c74f160] Bootstrap initializing | {"env":"production","request_id":"3f9574d96c74f160","memory_mb":2,"timestamp":"2026-04-10 07:10:40"}
[2026-04-10 07:10:40] [info] [RID:3f9574d96c74f160] API routing detected | {"version":"v1","route":"/public/homepage_sections","is_versioned":true,"request_id":"3f9574d96c74f160","memory_mb":2,"timestamp":"2026-04-10 07:10:40"}
[2026-04-10 07:10:41] [info] [RID:3f9574d96c74f160] Session config loaded | {"request_id":"3f9574d96c74f160","memory_mb":2,"timestamp":"2026-04-10 07:10:41"}
[2026-04-10 07:10:41] [info] [RID:3f9574d96c74f160] RedisHelper loaded | {"request_id":"3f9574d96c74f160","memory_mb":2,"timestamp":"2026-04-10 07:10:41"}
[2026-04-10 07:10:41] [info] [RID:3f9574d96c74f160] RequestContext class loaded | {"request_id":"3f9574d96c74f160","memory_mb":2,"timestamp":"2026-04-10 07:10:41"}
[2026-04-10 07:10:41] [info] [RID:3f9574d96c74f160] Database connection established | {"request_id":"3f9574d96c74f160","memory_mb":2,"timestamp":"2026-04-10 07:10:41"}
[2026-04-10 07:10:41] [info] [RID:3f9574d96c74f160] CacheManager initialized | {"request_id":"3f9574d96c74f160","memory_mb":2,"timestamp":"2026-04-10 07:10:41"}
[2026-04-10 07:10:41] [info] [RID:3f9574d96c74f160] RequestContext created | {"request_id":"3f9574d96c74f160","user_id":null,"tenant_id":1,"roles_count":0,"permissions_count":0,"memory_mb":2,"timestamp":"2026-04-10 07:10:41"}
[2026-04-10 07:10:41] [info] [RID:3f9574d96c74f160] Redis extension not loaded - Redis disabled | {"request_id":"3f9574d96c74f160","memory_mb":2,"timestamp":"2026-04-10 07:10:41"}
[2026-04-10 07:10:41] [warning] [RID:3f9574d96c74f160] Rate limiting failed | {"error":"Redis unavailable","request_id":"3f9574d96c74f160","memory_mb":2,"timestamp":"2026-04-10 07:10:41"}
[2026-04-10 07:10:41] [info] [RID:3f9574d96c74f160] Bootstrap completed successfully | {"memory_usage_mb":2,"peak_memory_mb":2,"auth_method":"none","user_id":null,"tenant_id":1,"api_version":"v1","api_route":"/public/homepage_sections","request_context":"loaded","cache_enabled":true,"redis_enabled":false,"database_connected":true,"execution_time_ms":66.8,"request_id":"3f9574d96c74f160","memory_mb":2,"timestamp":"2026-04-10 07:10:41"}
[2026-04-10 07:10:41] [info] [RID:67d85c6b95f64298] Advanced Logger initialized successfully | {"request_id":"67d85c6b95f64298","memory_mb":2,"timestamp":"2026-04-10 07:10:41"}
[2026-04-10 07:10:41] [info] [RID:67d85c6b95f64298] Bootstrap initializing | {"env":"production","request_id":"67d85c6b95f64298","memory_mb":2,"timestamp":"2026-04-10 07:10:41"}
[2026-04-10 07:10:41] [info] [RID:67d85c6b95f64298] API routing detected | {"version":"v1","route":"/public/ads","is_versioned":true,"request_id":"67d85c6b95f64298","memory_mb":2,"timestamp":"2026-04-10 07:10:41"}
[2026-04-10 07:10:41] [info] [RID:67d85c6b95f64298] Session config loaded | {"request_id":"67d85c6b95f64298","memory_mb":2,"timestamp":"2026-04-10 07:10:41"}
[2026-04-10 07:10:41] [info] [RID:67d85c6b95f64298] RedisHelper loaded | {"request_id":"67d85c6b95f64298","memory_mb":2,"timestamp":"2026-04-10 07:10:41"}
[2026-04-10 07:10:41] [info] [RID:67d85c6b95f64298] RequestContext class loaded | {"request_id":"67d85c6b95f64298","memory_mb":2,"timestamp":"2026-04-10 07:10:41"}
[2026-04-10 07:10:41] [info] [RID:67d85c6b95f64298] Database connection established | {"request_id":"67d85c6b95f64298","memory_mb":2,"timestamp":"2026-04-10 07:10:41"}
[2026-04-10 07:10:41] [info] [RID:67d85c6b95f64298] CacheManager initialized | {"request_id":"67d85c6b95f64298","memory_mb":2,"timestamp":"2026-04-10 07:10:41"}
[2026-04-10 07:10:41] [info] [RID:67d85c6b95f64298] RequestContext created | {"request_id":"67d85c6b95f64298","user_id":null,"tenant_id":1,"roles_count":0,"permissions_count":0,"memory_mb":2,"timestamp":"2026-04-10 07:10:41"}
[2026-04-10 07:10:41] [info] [RID:67d85c6b95f64298] Redis extension not loaded - Redis disabled | {"request_id":"67d85c6b95f64298","memory_mb":2,"timestamp":"2026-04-10 07:10:41"}
[2026-04-10 07:10:41] [warning] [RID:67d85c6b95f64298] Rate limiting failed | {"error":"Redis unavailable","request_id":"67d85c6b95f64298","memory_mb":2,"timestamp":"2026-04-10 07:10:41"}
[2026-04-10 07:10:41] [info] [RID:67d85c6b95f64298] Bootstrap completed successfully | {"memory_usage_mb":2,"peak_memory_mb":2,"auth_method":"none","user_id":null,"tenant_id":1,"api_version":"v1","api_route":"/public/ads","request_context":"loaded","cache_enabled":true,"redis_enabled":false,"database_connected":true,"execution_time_ms":5.7,"request_id":"67d85c6b95f64298","memory_mb":2,"timestamp":"2026-04-10 07:10:41"}
[2026-04-10 07:10:41] [info] [RID:d6ccdcb9d89b907f] Advanced Logger initialized successfully | {"request_id":"d6ccdcb9d89b907f","memory_mb":2,"timestamp":"2026-04-10 07:10:41"}
[2026-04-10 07:10:41] [info] [RID:d6ccdcb9d89b907f] Bootstrap initializing | {"env":"production","request_id":"d6ccdcb9d89b907f","memory_mb":2,"timestamp":"2026-04-10 07:10:41"}
[2026-04-10 07:10:41] [info] [RID:d6ccdcb9d89b907f] API routing detected | {"version":"v1","route":"/public/categories","is_versioned":true,"request_id":"d6ccdcb9d89b907f","memory_mb":2,"timestamp":"2026-04-10 07:10:41"}
[2026-04-10 07:10:41] [info] [RID:d6ccdcb9d89b907f] Session config loaded | {"request_id":"d6ccdcb9d89b907f","memory_mb":2,"timestamp":"2026-04-10 07:10:41"}
[2026-04-10 07:10:41] [info] [RID:d6ccdcb9d89b907f] RedisHelper loaded | {"request_id":"d6ccdcb9d89b907f","memory_mb":2,"timestamp":"2026-04-10 07:10:41"}
[2026-04-10 07:10:41] [info] [RID:d6ccdcb9d89b907f] RequestContext class loaded | {"request_id":"d6ccdcb9d89b907f","memory_mb":2,"timestamp":"2026-04-10 07:10:41"}
[2026-04-10 07:10:41] [info] [RID:d6ccdcb9d89b907f] Database connection established | {"request_id":"d6ccdcb9d89b907f","memory_mb":2,"timestamp":"2026-04-10 07:10:41"}
[2026-04-10 07:10:41] [info] [RID:d6ccdcb9d89b907f] CacheManager initialized | {"request_id":"d6ccdcb9d89b907f","memory_mb":2,"timestamp":"2026-04-10 07:10:41"}
[2026-04-10 07:10:41] [info] [RID:d6ccdcb9d89b907f] RequestContext created | {"request_id":"d6ccdcb9d89b907f","user_id":null,"tenant_id":1,"roles_count":0,"permissions_count":0,"memory_mb":2,"timestamp":"2026-04-10 07:10:41"}
[2026-04-10 07:10:41] [info] [RID:d6ccdcb9d89b907f] Redis extension not loaded - Redis disabled | {"request_id":"d6ccdcb9d89b907f","memory_mb":2,"timestamp":"2026-04-10 07:10:41"}
[2026-04-10 07:10:41] [warning] [RID:d6ccdcb9d89b907f] Rate limiting failed | {"error":"Redis unavailable","request_id":"d6ccdcb9d89b907f","memory_mb":2,"timestamp":"2026-04-10 07:10:41"}
[2026-04-10 07:10:41] [info] [RID:d6ccdcb9d89b907f] Bootstrap completed successfully | {"memory_usage_mb":2,"peak_memory_mb":2,"auth_method":"none","user_id":null,"tenant_id":1,"api_version":"v1","api_route":"/public/categories","request_context":"loaded","cache_enabled":true,"redis_enabled":false,"database_connected":true,"execution_time_ms":26.6,"request_id":"d6ccdcb9d89b907f","memory_mb":2,"timestamp":"2026-04-10 07:10:41"}
[2026-04-10 07:10:41] [info] [RID:6e48438a626bd420] Advanced Logger initialized successfully | {"request_id":"6e48438a626bd420","memory_mb":2,"timestamp":"2026-04-10 07:10:41"}
[2026-04-10 07:10:41] [info] [RID:6e48438a626bd420] Bootstrap initializing | {"env":"production","request_id":"6e48438a626bd420","memory_mb":2,"timestamp":"2026-04-10 07:10:41"}
[2026-04-10 07:10:41] [info] [RID:6e48438a626bd420] API routing detected | {"version":"v1","route":"/public/discounts","is_versioned":true,"request_id":"6e48438a626bd420","memory_mb":2,"timestamp":"2026-04-10 07:10:41"}
[2026-04-10 07:10:41] [info] [RID:6e48438a626bd420] Session config loaded | {"request_id":"6e48438a626bd420","memory_mb":2,"timestamp":"2026-04-10 07:10:41"}
[2026-04-10 07:10:41] [info] [RID:6e48438a626bd420] RedisHelper loaded | {"request_id":"6e48438a626bd420","memory_mb":2,"timestamp":"2026-04-10 07:10:41"}
[2026-04-10 07:10:41] [info] [RID:6e48438a626bd420] RequestContext class loaded | {"request_id":"6e48438a626bd420","memory_mb":2,"timestamp":"2026-04-10 07:10:41"}
[2026-04-10 07:10:41] [info] [RID:6e48438a626bd420] Database connection established | {"request_id":"6e48438a626bd420","memory_mb":2,"timestamp":"2026-04-10 07:10:41"}
[2026-04-10 07:10:41] [info] [RID:6e48438a626bd420] CacheManager initialized | {"request_id":"6e48438a626bd420","memory_mb":2,"timestamp":"2026-04-10 07:10:41"}
[2026-04-10 07:10:41] [info] [RID:6e48438a626bd420] RequestContext created | {"request_id":"6e48438a626bd420","user_id":null,"tenant_id":1,"roles_count":0,"permissions_count":0,"memory_mb":2,"timestamp":"2026-04-10 07:10:41"}
[2026-04-10 07:10:41] [info] [RID:6e48438a626bd420] Redis extension not loaded - Redis disabled | {"request_id":"6e48438a626bd420","memory_mb":2,"timestamp":"2026-04-10 07:10:41"}
[2026-04-10 07:10:41] [warning] [RID:6e48438a626bd420] Rate limiting failed | {"error":"Redis unavailable","request_id":"6e48438a626bd420","memory_mb":2,"timestamp":"2026-04-10 07:10:41"}
[2026-04-10 07:10:41] [info] [RID:6e48438a626bd420] Bootstrap completed successfully | {"memory_usage_mb":2,"peak_memory_mb":2,"auth_method":"none","user_id":null,"tenant_id":1,"api_version":"v1","api_route":"/public/discounts","request_context":"loaded","cache_enabled":true,"redis_enabled":false,"database_connected":true,"execution_time_ms":5.3,"request_id":"6e48438a626bd420","memory_mb":2,"timestamp":"2026-04-10 07:10:41"}
[2026-04-10 07:10:41] [info] [RID:9ea6cd50ee09461f] Advanced Logger initialized successfully | {"request_id":"9ea6cd50ee09461f","memory_mb":2,"timestamp":"2026-04-10 07:10:41"}
[2026-04-10 07:10:41] [info] [RID:9ea6cd50ee09461f] Bootstrap initializing | {"env":"production","request_id":"9ea6cd50ee09461f","memory_mb":2,"timestamp":"2026-04-10 07:10:41"}
[2026-04-10 07:10:41] [info] [RID:9ea6cd50ee09461f] API routing detected | {"version":"v1","route":"/public/products","is_versioned":true,"request_id":"9ea6cd50ee09461f","memory_mb":2,"timestamp":"2026-04-10 07:10:41"}
[2026-04-10 07:10:41] [info] [RID:9ea6cd50ee09461f] Session config loaded | {"request_id":"9ea6cd50ee09461f","memory_mb":2,"timestamp":"2026-04-10 07:10:41"}
[2026-04-10 07:10:41] [info] [RID:9ea6cd50ee09461f] RedisHelper loaded | {"request_id":"9ea6cd50ee09461f","memory_mb":2,"timestamp":"2026-04-10 07:10:41"}
[2026-04-10 07:10:41] [info] [RID:9ea6cd50ee09461f] RequestContext class loaded | {"request_id":"9ea6cd50ee09461f","memory_mb":2,"timestamp":"2026-04-10 07:10:41"}
[2026-04-10 07:10:41] [info] [RID:9ea6cd50ee09461f] Database connection established | {"request_id":"9ea6cd50ee09461f","memory_mb":2,"timestamp":"2026-04-10 07:10:41"}
[2026-04-10 07:10:41] [info] [RID:9ea6cd50ee09461f] CacheManager initialized | {"request_id":"9ea6cd50ee09461f","memory_mb":2,"timestamp":"2026-04-10 07:10:41"}
[2026-04-10 07:10:41] [info] [RID:9ea6cd50ee09461f] RequestContext created | {"request_id":"9ea6cd50ee09461f","user_id":null,"tenant_id":1,"roles_count":0,"permissions_count":0,"memory_mb":2,"timestamp":"2026-04-10 07:10:41"}
[2026-04-10 07:10:41] [info] [RID:9ea6cd50ee09461f] Redis extension not loaded - Redis disabled | {"request_id":"9ea6cd50ee09461f","memory_mb":2,"timestamp":"2026-04-10 07:10:41"}
[2026-04-10 07:10:41] [warning] [RID:9ea6cd50ee09461f] Rate limiting failed | {"error":"Redis unavailable","request_id":"9ea6cd50ee09461f","memory_mb":2,"timestamp":"2026-04-10 07:10:41"}
[2026-04-10 07:10:41] [info] [RID:9ea6cd50ee09461f] Bootstrap completed successfully | {"memory_usage_mb":2,"peak_memory_mb":2,"auth_method":"none","user_id":null,"tenant_id":1,"api_version":"v1","api_route":"/public/products","request_context":"loaded","cache_enabled":true,"redis_enabled":false,"database_connected":true,"execution_time_ms":5.2,"request_id":"9ea6cd50ee09461f","memory_mb":2,"timestamp":"2026-04-10 07:10:41"}
[2026-04-10 07:10:41] [info] [RID:e86e9745f1cafbee] Advanced Logger initialized successfully | {"request_id":"e86e9745f1cafbee","memory_mb":2,"timestamp":"2026-04-10 07:10:41"}
[2026-04-10 07:10:41] [info] [RID:e86e9745f1cafbee] Bootstrap initializing | {"env":"production","request_id":"e86e9745f1cafbee","memory_mb":2,"timestamp":"2026-04-10 07:10:41"}
[2026-04-10 07:10:41] [info] [RID:e86e9745f1cafbee] API routing detected | {"version":"v1","route":"/public/products","is_versioned":true,"request_id":"e86e9745f1cafbee","memory_mb":2,"timestamp":"2026-04-10 07:10:41"}
[2026-04-10 07:10:41] [info] [RID:e86e9745f1cafbee] Session config loaded | {"request_id":"e86e9745f1cafbee","memory_mb":2,"timestamp":"2026-04-10 07:10:41"}
[2026-04-10 07:10:41] [info] [RID:e86e9745f1cafbee] RedisHelper loaded | {"request_id":"e86e9745f1cafbee","memory_mb":2,"timestamp":"2026-04-10 07:10:41"}
[2026-04-10 07:10:41] [info] [RID:e86e9745f1cafbee] RequestContext class loaded | {"request_id":"e86e9745f1cafbee","memory_mb":2,"timestamp":"2026-04-10 07:10:41"}
[2026-04-10 07:10:41] [info] [RID:e86e9745f1cafbee] Database connection established | {"request_id":"e86e9745f1cafbee","memory_mb":2,"timestamp":"2026-04-10 07:10:41"}
[2026-04-10 07:10:41] [info] [RID:e86e9745f1cafbee] CacheManager initialized | {"request_id":"e86e9745f1cafbee","memory_mb":2,"timestamp":"2026-04-10 07:10:41"}
[2026-04-10 07:10:41] [info] [RID:e86e9745f1cafbee] RequestContext created | {"request_id":"e86e9745f1cafbee","user_id":null,"tenant_id":1,"roles_count":0,"permissions_count":0,"memory_mb":2,"timestamp":"2026-04-10 07:10:41"}
[2026-04-10 07:10:41] [info] [RID:e86e9745f1cafbee] Redis extension not loaded - Redis disabled | {"request_id":"e86e9745f1cafbee","memory_mb":2,"timestamp":"2026-04-10 07:10:41"}
[2026-04-10 07:10:41] [warning] [RID:e86e9745f1cafbee] Rate limiting failed | {"error":"Redis unavailable","request_id":"e86e9745f1cafbee","memory_mb":2,"timestamp":"2026-04-10 07:10:41"}
[2026-04-10 07:10:41] [info] [RID:e86e9745f1cafbee] Bootstrap completed successfully | {"memory_usage_mb":2,"peak_memory_mb":2,"auth_method":"none","user_id":null,"tenant_id":1,"api_version":"v1","api_route":"/public/products","request_context":"loaded","cache_enabled":true,"redis_enabled":false,"database_connected":true,"execution_time_ms":156.8,"request_id":"e86e9745f1cafbee","memory_mb":2,"timestamp":"2026-04-10 07:10:41"}
[2026-04-10 07:10:41] [info] [RID:51d1853f89a7aa69] Advanced Logger initialized successfully | {"request_id":"51d1853f89a7aa69","memory_mb":2,"timestamp":"2026-04-10 07:10:41"}
[2026-04-10 07:10:41] [info] [RID:51d1853f89a7aa69] Bootstrap initializing | {"env":"production","request_id":"51d1853f89a7aa69","memory_mb":2,"timestamp":"2026-04-10 07:10:41"}
[2026-04-10 07:10:41] [info] [RID:51d1853f89a7aa69] API routing detected | {"version":"v1","route":"/public/entities","is_versioned":true,"request_id":"51d1853f89a7aa69","memory_mb":2,"timestamp":"2026-04-10 07:10:41"}
[2026-04-10 07:10:41] [info] [RID:51d1853f89a7aa69] Session config loaded | {"request_id":"51d1853f89a7aa69","memory_mb":2,"timestamp":"2026-04-10 07:10:41"}
[2026-04-10 07:10:41] [info] [RID:51d1853f89a7aa69] RedisHelper loaded | {"request_id":"51d1853f89a7aa69","memory_mb":2,"timestamp":"2026-04-10 07:10:41"}
[2026-04-10 07:10:41] [info] [RID:51d1853f89a7aa69] RequestContext class loaded | {"request_id":"51d1853f89a7aa69","memory_mb":2,"timestamp":"2026-04-10 07:10:41"}
[2026-04-10 07:10:41] [info] [RID:51d1853f89a7aa69] Database connection established | {"request_id":"51d1853f89a7aa69","memory_mb":2,"timestamp":"2026-04-10 07:10:41"}
[2026-04-10 07:10:41] [info] [RID:51d1853f89a7aa69] CacheManager initialized | {"request_id":"51d1853f89a7aa69","memory_mb":2,"timestamp":"2026-04-10 07:10:41"}
[2026-04-10 07:10:41] [info] [RID:51d1853f89a7aa69] RequestContext created | {"request_id":"51d1853f89a7aa69","user_id":null,"tenant_id":1,"roles_count":0,"permissions_count":0,"memory_mb":2,"timestamp":"2026-04-10 07:10:41"}
[2026-04-10 07:10:41] [info] [RID:51d1853f89a7aa69] Redis extension not loaded - Redis disabled | {"request_id":"51d1853f89a7aa69","memory_mb":2,"timestamp":"2026-04-10 07:10:41"}
[2026-04-10 07:10:41] [warning] [RID:51d1853f89a7aa69] Rate limiting failed | {"error":"Redis unavailable","request_id":"51d1853f89a7aa69","memory_mb":2,"timestamp":"2026-04-10 07:10:41"}
[2026-04-10 07:10:41] [info] [RID:51d1853f89a7aa69] Bootstrap completed successfully | {"memory_usage_mb":2,"peak_memory_mb":2,"auth_method":"none","user_id":null,"tenant_id":1,"api_version":"v1","api_route":"/public/entities","request_context":"loaded","cache_enabled":true,"redis_enabled":false,"database_connected":true,"execution_time_ms":16.4,"request_id":"51d1853f89a7aa69","memory_mb":2,"timestamp":"2026-04-10 07:10:41"}
[2026-04-10 07:10:41] [info] [RID:3b0952174c53f27d] Advanced Logger initialized successfully | {"request_id":"3b0952174c53f27d","memory_mb":2,"timestamp":"2026-04-10 07:10:41"}
[2026-04-10 07:10:41] [info] [RID:3b0952174c53f27d] Bootstrap initializing | {"env":"production","request_id":"3b0952174c53f27d","memory_mb":2,"timestamp":"2026-04-10 07:10:41"}
[2026-04-10 07:10:41] [info] [RID:3b0952174c53f27d] API routing detected | {"version":"v1","route":"/public/brands","is_versioned":true,"request_id":"3b0952174c53f27d","memory_mb":2,"timestamp":"2026-04-10 07:10:41"}
[2026-04-10 07:10:41] [info] [RID:3b0952174c53f27d] Session config loaded | {"request_id":"3b0952174c53f27d","memory_mb":2,"timestamp":"2026-04-10 07:10:41"}
[2026-04-10 07:10:41] [info] [RID:3b0952174c53f27d] RedisHelper loaded | {"request_id":"3b0952174c53f27d","memory_mb":2,"timestamp":"2026-04-10 07:10:41"}
[2026-04-10 07:10:41] [info] [RID:3b0952174c53f27d] RequestContext class loaded | {"request_id":"3b0952174c53f27d","memory_mb":2,"timestamp":"2026-04-10 07:10:41"}
[2026-04-10 07:10:41] [info] [RID:3b0952174c53f27d] Database connection established | {"request_id":"3b0952174c53f27d","memory_mb":2,"timestamp":"2026-04-10 07:10:41"}
[2026-04-10 07:10:41] [info] [RID:3b0952174c53f27d] CacheManager initialized | {"request_id":"3b0952174c53f27d","memory_mb":2,"timestamp":"2026-04-10 07:10:41"}
[2026-04-10 07:10:41] [info] [RID:3b0952174c53f27d] RequestContext created | {"request_id":"3b0952174c53f27d","user_id":null,"tenant_id":1,"roles_count":0,"permissions_count":0,"memory_mb":2,"timestamp":"2026-04-10 07:10:41"}
[2026-04-10 07:10:41] [info] [RID:3b0952174c53f27d] Redis extension not loaded - Redis disabled | {"request_id":"3b0952174c53f27d","memory_mb":2,"timestamp":"2026-04-10 07:10:41"}
[2026-04-10 07:10:41] [warning] [RID:3b0952174c53f27d] Rate limiting failed | {"error":"Redis unavailable","request_id":"3b0952174c53f27d","memory_mb":2,"timestamp":"2026-04-10 07:10:41"}
[2026-04-10 07:10:41] [info] [RID:3b0952174c53f27d] Bootstrap completed successfully | {"memory_usage_mb":2,"peak_memory_mb":2,"auth_method":"none","user_id":null,"tenant_id":1,"api_version":"v1","api_route":"/public/brands","request_context":"loaded","cache_enabled":true,"redis_enabled":false,"database_connected":true,"execution_time_ms":4.8,"request_id":"3b0952174c53f27d","memory_mb":2,"timestamp":"2026-04-10 07:10:41"}
[2026-04-10 07:10:42] [info] [RID:087c4aeda966e8de] Advanced Logger initialized successfully | {"request_id":"087c4aeda966e8de","memory_mb":2,"timestamp":"2026-04-10 07:10:42"}
[2026-04-10 07:10:42] [info] [RID:087c4aeda966e8de] Bootstrap initializing | {"env":"production","request_id":"087c4aeda966e8de","memory_mb":2,"timestamp":"2026-04-10 07:10:42"}
[2026-04-10 07:10:42] [info] [RID:087c4aeda966e8de] API routing detected | {"version":"v1","route":"/public/auctions","is_versioned":true,"request_id":"087c4aeda966e8de","memory_mb":2,"timestamp":"2026-04-10 07:10:42"}
[2026-04-10 07:10:42] [info] [RID:087c4aeda966e8de] Session config loaded | {"request_id":"087c4aeda966e8de","memory_mb":2,"timestamp":"2026-04-10 07:10:42"}
[2026-04-10 07:10:42] [info] [RID:087c4aeda966e8de] RedisHelper loaded | {"request_id":"087c4aeda966e8de","memory_mb":2,"timestamp":"2026-04-10 07:10:42"}
[2026-04-10 07:10:42] [info] [RID:087c4aeda966e8de] RequestContext class loaded | {"request_id":"087c4aeda966e8de","memory_mb":2,"timestamp":"2026-04-10 07:10:42"}
[2026-04-10 07:10:42] [info] [RID:087c4aeda966e8de] Database connection established | {"request_id":"087c4aeda966e8de","memory_mb":2,"timestamp":"2026-04-10 07:10:42"}
[2026-04-10 07:10:42] [info] [RID:087c4aeda966e8de] CacheManager initialized | {"request_id":"087c4aeda966e8de","memory_mb":2,"timestamp":"2026-04-10 07:10:42"}
[2026-04-10 07:10:42] [info] [RID:087c4aeda966e8de] RequestContext created | {"request_id":"087c4aeda966e8de","user_id":null,"tenant_id":1,"roles_count":0,"permissions_count":0,"memory_mb":2,"timestamp":"2026-04-10 07:10:42"}
[2026-04-10 07:10:42] [info] [RID:087c4aeda966e8de] Redis extension not loaded - Redis disabled | {"request_id":"087c4aeda966e8de","memory_mb":2,"timestamp":"2026-04-10 07:10:42"}
[2026-04-10 07:10:42] [warning] [RID:087c4aeda966e8de] Rate limiting failed | {"error":"Redis unavailable","request_id":"087c4aeda966e8de","memory_mb":2,"timestamp":"2026-04-10 07:10:42"}
[2026-04-10 07:10:42] [info] [RID:087c4aeda966e8de] Bootstrap completed successfully | {"memory_usage_mb":2,"peak_memory_mb":2,"auth_method":"none","user_id":null,"tenant_id":1,"api_version":"v1","api_route":"/public/auctions","request_context":"loaded","cache_enabled":true,"redis_enabled":false,"database_connected":true,"execution_time_ms":11.6,"request_id":"087c4aeda966e8de","memory_mb":2,"timestamp":"2026-04-10 07:10:42"}
[2026-04-10 07:10:42] [info] [RID:4aa515b59345f0d6] Advanced Logger initialized successfully | {"request_id":"4aa515b59345f0d6","memory_mb":2,"timestamp":"2026-04-10 07:10:42"}
[2026-04-10 07:10:42] [info] [RID:4aa515b59345f0d6] Bootstrap initializing | {"env":"production","request_id":"4aa515b59345f0d6","memory_mb":2,"timestamp":"2026-04-10 07:10:42"}
[2026-04-10 07:10:42] [info] [RID:4aa515b59345f0d6] API routing detected | {"version":"v1","route":"/public/jobs","is_versioned":true,"request_id":"4aa515b59345f0d6","memory_mb":2,"timestamp":"2026-04-10 07:10:42"}
[2026-04-10 07:10:42] [info] [RID:4aa515b59345f0d6] Session config loaded | {"request_id":"4aa515b59345f0d6","memory_mb":2,"timestamp":"2026-04-10 07:10:42"}
[2026-04-10 07:10:42] [info] [RID:4aa515b59345f0d6] RedisHelper loaded | {"request_id":"4aa515b59345f0d6","memory_mb":2,"timestamp":"2026-04-10 07:10:42"}
[2026-04-10 07:10:42] [info] [RID:4aa515b59345f0d6] RequestContext class loaded | {"request_id":"4aa515b59345f0d6","memory_mb":2,"timestamp":"2026-04-10 07:10:42"}
[2026-04-10 07:10:42] [info] [RID:4aa515b59345f0d6] Database connection established | {"request_id":"4aa515b59345f0d6","memory_mb":2,"timestamp":"2026-04-10 07:10:42"}
[2026-04-10 07:10:42] [info] [RID:4aa515b59345f0d6] CacheManager initialized | {"request_id":"4aa515b59345f0d6","memory_mb":2,"timestamp":"2026-04-10 07:10:42"}
[2026-04-10 07:10:42] [info] [RID:4aa515b59345f0d6] RequestContext created | {"request_id":"4aa515b59345f0d6","user_id":null,"tenant_id":1,"roles_count":0,"permissions_count":0,"memory_mb":2,"timestamp":"2026-04-10 07:10:42"}
[2026-04-10 07:10:42] [info] [RID:4aa515b59345f0d6] Redis extension not loaded - Redis disabled | {"request_id":"4aa515b59345f0d6","memory_mb":2,"timestamp":"2026-04-10 07:10:42"}
[2026-04-10 07:10:42] [warning] [RID:4aa515b59345f0d6] Rate limiting failed | {"error":"Redis unavailable","request_id":"4aa515b59345f0d6","memory_mb":2,"timestamp":"2026-04-10 07:10:42"}
[2026-04-10 07:10:42] [info] [RID:4aa515b59345f0d6] Bootstrap completed successfully | {"memory_usage_mb":2,"peak_memory_mb":2,"auth_method":"none","user_id":null,"tenant_id":1,"api_version":"v1","api_route":"/public/jobs","request_context":"loaded","cache_enabled":true,"redis_enabled":false,"database_connected":true,"execution_time_ms":9.4,"request_id":"4aa515b59345f0d6","memory_mb":2,"timestamp":"2026-04-10 07:10:42"}
[2026-04-10 07:10:42] [info] [RID:0d79dbc714093aed] Advanced Logger initialized successfully | {"request_id":"0d79dbc714093aed","memory_mb":2,"timestamp":"2026-04-10 07:10:42"}
[2026-04-10 07:10:42] [info] [RID:0d79dbc714093aed] Bootstrap initializing | {"env":"production","request_id":"0d79dbc714093aed","memory_mb":2,"timestamp":"2026-04-10 07:10:42"}
[2026-04-10 07:10:42] [info] [RID:0d79dbc714093aed] API routing detected | {"version":"v1","route":"/public/user_devices","is_versioned":true,"request_id":"0d79dbc714093aed","memory_mb":2,"timestamp":"2026-04-10 07:10:42"}
[2026-04-10 07:10:42] [info] [RID:0d79dbc714093aed] Session config loaded | {"request_id":"0d79dbc714093aed","memory_mb":2,"timestamp":"2026-04-10 07:10:42"}
[2026-04-10 07:10:42] [info] [RID:0d79dbc714093aed] RedisHelper loaded | {"request_id":"0d79dbc714093aed","memory_mb":2,"timestamp":"2026-04-10 07:10:42"}
[2026-04-10 07:10:42] [info] [RID:0d79dbc714093aed] RequestContext class loaded | {"request_id":"0d79dbc714093aed","memory_mb":2,"timestamp":"2026-04-10 07:10:42"}
[2026-04-10 07:10:42] [info] [RID:0d79dbc714093aed] Database connection established | {"request_id":"0d79dbc714093aed","memory_mb":2,"timestamp":"2026-04-10 07:10:42"}
[2026-04-10 07:10:42] [info] [RID:0d79dbc714093aed] CacheManager initialized | {"request_id":"0d79dbc714093aed","memory_mb":2,"timestamp":"2026-04-10 07:10:42"}
[2026-04-10 07:10:42] [info] [RID:0d79dbc714093aed] User authenticated via session | {"request_id":"0d79dbc714093aed","memory_mb":2,"timestamp":"2026-04-10 07:10:42"}
[2026-04-10 07:10:42] [info] [RID:0d79dbc714093aed] RequestContext created | {"request_id":"0d79dbc714093aed","user_id":7,"tenant_id":1,"roles_count":1,"permissions_count":28,"memory_mb":2,"timestamp":"2026-04-10 07:10:42"}
[2026-04-10 07:10:42] [info] [RID:0d79dbc714093aed] Redis extension not loaded - Redis disabled | {"request_id":"0d79dbc714093aed","memory_mb":2,"timestamp":"2026-04-10 07:10:42"}
[2026-04-10 07:10:42] [warning] [RID:0d79dbc714093aed] Rate limiting failed | {"error":"Redis unavailable","request_id":"0d79dbc714093aed","memory_mb":2,"timestamp":"2026-04-10 07:10:42"}
[2026-04-10 07:10:42] [info] [RID:0d79dbc714093aed] Bootstrap completed successfully | {"memory_usage_mb":2,"peak_memory_mb":2,"auth_method":"session","user_id":7,"tenant_id":1,"api_version":"v1","api_route":"/public/user_devices","request_context":"loaded","cache_enabled":true,"redis_enabled":false,"database_connected":true,"execution_time_ms":6.1,"request_id":"0d79dbc714093aed","memory_mb":2,"timestamp":"2026-04-10 07:10:42"}
